run_id,pass,utterance_id,condition,repeat,attempt,category,valid
main-2026-09-24,1,302,baseline,1,1,Not coded,True
main-2026-09-24,1,302,baseline,2,1,Not coded,True
main-2026-09-24,1,302,baseline,3,1,Not coded,True
main-2026-09-24,1,302,definition_replacement,1,1,Not coded,True
main-2026-09-24,1,302,definition_replacement,2,1,Not coded,True
main-2026-09-24,1,302,definition_replacement,3,1,Not coded,True
main-2026-09-24,1,302,example_replacement,1,1,Not coded,True
main-2026-09-24,1,302,example_replacement,2,1,Not coded,True
main-2026-09-24,1,302,example_replacement,3,1,Not coded,True
main-2026-09-24,1,302,exclusion_rule_replacement,1,1,Not coded,True
main-2026-09-24,1,302,exclusion_rule_replacement,2,1,Not coded,True
main-2026-09-24,1,302,exclusion_rule_replacement,3,1,Not coded,True
main-2026-09-24,1,302,names_only,1,1,Not coded,True
main-2026-09-24,1,302,names_only,2,1,Not coded,True
main-2026-09-24,1,302,names_only,3,1,Not coded,True
main-2026-09-24,1,302,negative_control,1,1,Not coded,True
main-2026-09-24,1,302,negative_control,2,1,Not coded,True
main-2026-09-24,1,302,negative_control,3,1,Not coded,True
main-2026-09-24,1,848,baseline,1,1,Not coded,True
main-2026-09-24,1,848,baseline,2,1,Not coded,True
main-2026-09-24,1,848,baseline,3,1,Not coded,True
main-2026-09-24,1,848,definition_replacement,1,1,Not coded,True
main-2026-09-24,1,848,definition_replacement,2,1,Not coded,True
main-2026-09-24,1,848,definition_replacement,3,1,Not coded,True
main-2026-09-24,1,848,example_replacement,1,1,Not coded,True
main-2026-09-24,1,848,example_replacement,2,1,Not coded,True
main-2026-09-24,1,848,example_replacement,3,1,Not coded,True
main-2026-09-24,1,848,exclusion_rule_replacement,1,1,Not coded,True
main-2026-09-24,1,848,exclusion_rule_replacement,2,1,Not coded,True
main-2026-09-24,1,848,exclusion_rule_replacement,3,1,Not coded,True
main-2026-09-24,1,848,names_only,1,1,Not coded,True
main-2026-09-24,1,848,names_only,2,1,Not coded,True
main-2026-09-24,1,848,names_only,3,1,Not coded,True
main-2026-09-24,1,848,negative_control,1,1,Not coded,True
main-2026-09-24,1,848,negative_control,2,1,Not coded,True
main-2026-09-24,1,848,negative_control,3,1,Not coded,True
main-2026-09-24,1,1024,baseline,1,1,Pressing for Accuracy,True
main-2026-09-24,1,1024,baseline,2,1,Pressing for Accuracy,True
main-2026-09-24,1,1024,baseline,3,1,Restating,True
main-2026-09-24,1,1024,definition_replacement,1,1,Pressing for Accuracy,True
main-2026-09-24,1,1024,definition_replacement,2,1,Pressing for Accuracy,True
main-2026-09-24,1,1024,definition_replacement,3,1,Pressing for Accuracy,True
main-2026-09-24,1,1024,example_replacement,1,1,Pressing for Accuracy,True
main-2026-09-24,1,1024,example_replacement,2,1,Pressing for Accuracy,True
main-2026-09-24,1,1024,example_replacement,3,1,Pressing for Accuracy,True
main-2026-09-24,1,1024,exclusion_rule_replacement,1,1,Pressing for Accuracy,True
main-2026-09-24,1,1024,exclusion_rule_replacement,2,1,Pressing for Accuracy,True
main-2026-09-24,1,1024,exclusion_rule_replacement,3,1,Pressing for Accuracy,True
main-2026-09-24,1,1024,names_only,1,1,Restating,True
main-2026-09-24,1,1024,names_only,2,1,Restating,True
main-2026-09-24,1,1024,names_only,3,1,Restating,True
main-2026-09-24,1,1024,negative_control,1,1,Restating,True
main-2026-09-24,1,1024,negative_control,2,1,Restating,True
main-2026-09-24,1,1024,negative_control,3,1,Pressing for Accuracy,True
main-2026-09-24,1,1079,baseline,1,1,Not coded,True
main-2026-09-24,1,1079,baseline,2,1,Not coded,True
main-2026-09-24,1,1079,baseline,3,1,Not coded,True
main-2026-09-24,1,1079,definition_replacement,1,1,Not coded,True
main-2026-09-24,1,1079,definition_replacement,2,1,Not coded,True
main-2026-09-24,1,1079,definition_replacement,3,1,Not coded,True
main-2026-09-24,1,1079,example_replacement,1,1,Not coded,True
main-2026-09-24,1,1079,example_replacement,2,1,Not coded,True
main-2026-09-24,1,1079,example_replacement,3,1,Not coded,True
main-2026-09-24,1,1079,exclusion_rule_replacement,1,1,Not coded,True
main-2026-09-24,1,1079,exclusion_rule_replacement,2,1,Not coded,True
main-2026-09-24,1,1079,exclusion_rule_replacement,3,1,Not coded,True
main-2026-09-24,1,1079,names_only,1,1,Keeping Everyone Together,True
main-2026-09-24,1,1079,names_only,2,1,Keeping Everyone Together,True
main-2026-09-24,1,1079,names_only,3,1,Keeping Everyone Together,True
main-2026-09-24,1,1079,negative_control,1,1,Not coded,True
main-2026-09-24,1,1079,negative_control,2,1,Not coded,True
main-2026-09-24,1,1079,negative_control,3,1,Not coded,True
main-2026-09-24,1,2294,baseline,1,1,Not coded,True
main-2026-09-24,1,2294,baseline,2,1,Not coded,True
main-2026-09-24,1,2294,baseline,3,1,Not coded,True
main-2026-09-24,1,2294,definition_replacement,1,1,Not coded,True
main-2026-09-24,1,2294,definition_replacement,2,1,Not coded,True
main-2026-09-24,1,2294,definition_replacement,3,1,Not coded,True
main-2026-09-24,1,2294,example_replacement,1,1,Not coded,True
main-2026-09-24,1,2294,example_replacement,2,1,Not coded,True
main-2026-09-24,1,2294,example_replacement,3,1,Not coded,True
main-2026-09-24,1,2294,exclusion_rule_replacement,1,1,Not coded,True
main-2026-09-24,1,2294,exclusion_rule_replacement,2,1,Not coded,True
main-2026-09-24,1,2294,exclusion_rule_replacement,3,1,Not coded,True
main-2026-09-24,1,2294,names_only,1,1,Getting Students to Relate,True
main-2026-09-24,1,2294,names_only,2,1,Getting Students to Relate,True
main-2026-09-24,1,2294,names_only,3,1,Getting Students to Relate,True
main-2026-09-24,1,2294,negative_control,1,1,Not coded,True
main-2026-09-24,1,2294,negative_control,2,1,Not coded,True
main-2026-09-24,1,2294,negative_control,3,1,Not coded,True
main-2026-09-24,1,4821,baseline,1,1,Keeping Everyone Together,True
main-2026-09-24,1,4821,baseline,2,1,Keeping Everyone Together,True
main-2026-09-24,1,4821,baseline,3,1,Keeping Everyone Together,True
main-2026-09-24,1,4821,definition_replacement,1,1,Keeping Everyone Together,True
main-2026-09-24,1,4821,definition_replacement,2,1,Keeping Everyone Together,True
main-2026-09-24,1,4821,definition_replacement,3,1,Keeping Everyone Together,True
main-2026-09-24,1,4821,example_replacement,1,1,Revoicing,True
main-2026-09-24,1,4821,example_replacement,2,1,Revoicing,True
main-2026-09-24,1,4821,example_replacement,3,1,Revoicing,True
main-2026-09-24,1,4821,exclusion_rule_replacement,1,1,Keeping Everyone Together,True
main-2026-09-24,1,4821,exclusion_rule_replacement,2,1,Keeping Everyone Together,True
main-2026-09-24,1,4821,exclusion_rule_replacement,3,1,Keeping Everyone Together,True
main-2026-09-24,1,4821,names_only,1,1,Keeping Everyone Together,True
main-2026-09-24,1,4821,names_only,2,1,Restating,True
main-2026-09-24,1,4821,names_only,3,1,Restating,True
main-2026-09-24,1,4821,negative_control,1,1,Keeping Everyone Together,True
main-2026-09-24,1,4821,negative_control,2,1,Keeping Everyone Together,True
main-2026-09-24,1,4821,negative_control,3,1,Keeping Everyone Together,True
main-2026-09-24,1,6991,baseline,1,1,Not coded,True
main-2026-09-24,1,6991,baseline,2,1,Not coded,True
main-2026-09-24,1,6991,baseline,3,1,Not coded,True
main-2026-09-24,1,6991,definition_replacement,1,1,Not coded,True
main-2026-09-24,1,6991,definition_replacement,2,1,Not coded,True
main-2026-09-24,1,6991,definition_replacement,3,1,Not coded,True
main-2026-09-24,1,6991,example_replacement,1,1,Not coded,True
main-2026-09-24,1,6991,example_replacement,2,1,Not coded,True
main-2026-09-24,1,6991,example_replacement,3,1,Not coded,True
main-2026-09-24,1,6991,exclusion_rule_replacement,1,1,Not coded,True
main-2026-09-24,1,6991,exclusion_rule_replacement,2,1,Not coded,True
main-2026-09-24,1,6991,exclusion_rule_replacement,3,1,Not coded,True
main-2026-09-24,1,6991,names_only,1,1,Not coded,True
main-2026-09-24,1,6991,names_only,2,1,Not coded,True
main-2026-09-24,1,6991,names_only,3,1,Not coded,True
main-2026-09-24,1,6991,negative_control,1,1,Not coded,True
main-2026-09-24,1,6991,negative_control,2,1,Not coded,True
main-2026-09-24,1,6991,negative_control,3,1,Not coded,True
main-2026-09-24,1,7121,baseline,1,1,Keeping Everyone Together,True
main-2026-09-24,1,7121,baseline,2,1,Keeping Everyone Together,True
main-2026-09-24,1,7121,baseline,3,1,Keeping Everyone Together,True
main-2026-09-24,1,7121,definition_replacement,1,1,Keeping Everyone Together,True
main-2026-09-24,1,7121,definition_replacement,2,1,Keeping Everyone Together,True
main-2026-09-24,1,7121,definition_replacement,3,1,Keeping Everyone Together,True
main-2026-09-24,1,7121,example_replacement,1,1,Keeping Everyone Together,True
main-2026-09-24,1,7121,example_replacement,2,1,Keeping Everyone Together,True
main-2026-09-24,1,7121,example_replacement,3,1,Keeping Everyone Together,True
main-2026-09-24,1,7121,exclusion_rule_replacement,1,1,Keeping Everyone Together,True
main-2026-09-24,1,7121,exclusion_rule_replacement,2,1,Keeping Everyone Together,True
main-2026-09-24,1,7121,exclusion_rule_replacement,3,1,Keeping Everyone Together,True
main-2026-09-24,1,7121,names_only,1,1,Not coded,True
main-2026-09-24,1,7121,names_only,2,1,Not coded,True
main-2026-09-24,1,7121,names_only,3,1,Not coded,True
main-2026-09-24,1,7121,negative_control,1,1,Keeping Everyone Together,True
main-2026-09-24,1,7121,negative_control,2,1,Keeping Everyone Together,True
main-2026-09-24,1,7121,negative_control,3,1,Keeping Everyone Together,True
main-2026-09-24,1,7301,baseline,1,1,Pressing for Accuracy,True
main-2026-09-24,1,7301,baseline,2,1,Pressing for Accuracy,True
main-2026-09-24,1,7301,baseline,3,1,Pressing for Accuracy,True
main-2026-09-24,1,7301,definition_replacement,1,1,Pressing for Accuracy,True
main-2026-09-24,1,7301,definition_replacement,2,1,Pressing for Accuracy,True
main-2026-09-24,1,7301,definition_replacement,3,1,Pressing for Accuracy,True
main-2026-09-24,1,7301,example_replacement,1,1,Pressing for Accuracy,True
main-2026-09-24,1,7301,example_replacement,2,1,Pressing for Accuracy,True
main-2026-09-24,1,7301,example_replacement,3,1,Pressing for Accuracy,True
main-2026-09-24,1,7301,exclusion_rule_replacement,1,1,Pressing for Accuracy,True
main-2026-09-24,1,7301,exclusion_rule_replacement,2,1,Pressing for Accuracy,True
main-2026-09-24,1,7301,exclusion_rule_replacement,3,1,Pressing for Accuracy,True
main-2026-09-24,1,7301,names_only,1,1,Keeping Everyone Together,True
main-2026-09-24,1,7301,names_only,2,1,Keeping Everyone Together,True
main-2026-09-24,1,7301,names_only,3,1,Keeping Everyone Together,True
main-2026-09-24,1,7301,negative_control,1,1,Pressing for Accuracy,True
main-2026-09-24,1,7301,negative_control,2,1,Pressing for Accuracy,True
main-2026-09-24,1,7301,negative_control,3,1,Pressing for Accuracy,True
main-2026-09-24,1,8400,baseline,1,1,Not coded,True
main-2026-09-24,1,8400,baseline,2,1,Not coded,True
main-2026-09-24,1,8400,baseline,3,1,Not coded,True
main-2026-09-24,1,8400,definition_replacement,1,1,Not coded,True
main-2026-09-24,1,8400,definition_replacement,2,1,Not coded,True
main-2026-09-24,1,8400,definition_replacement,3,1,Not coded,True
main-2026-09-24,1,8400,example_replacement,1,1,Not coded,True
main-2026-09-24,1,8400,example_replacement,2,1,Not coded,True
main-2026-09-24,1,8400,example_replacement,3,1,Not coded,True
main-2026-09-24,1,8400,exclusion_rule_replacement,1,1,Not coded,True
main-2026-09-24,1,8400,exclusion_rule_replacement,2,1,Not coded,True
main-2026-09-24,1,8400,exclusion_rule_replacement,3,1,Not coded,True
main-2026-09-24,1,8400,names_only,1,1,Not coded,True
main-2026-09-24,1,8400,names_only,2,1,Not coded,True
main-2026-09-24,1,8400,names_only,3,1,Not coded,True
main-2026-09-24,1,8400,negative_control,1,1,Not coded,True
main-2026-09-24,1,8400,negative_control,2,1,Not coded,True
main-2026-09-24,1,8400,negative_control,3,1,Not coded,True
main-2026-09-24,1,8495,baseline,1,1,Not coded,True
main-2026-09-24,1,8495,baseline,2,1,Not coded,True
main-2026-09-24,1,8495,baseline,3,1,Not coded,True
main-2026-09-24,1,8495,definition_replacement,1,1,Not coded,True
main-2026-09-24,1,8495,definition_replacement,2,1,Not coded,True
main-2026-09-24,1,8495,definition_replacement,3,1,Not coded,True
main-2026-09-24,1,8495,example_replacement,1,1,Not coded,True
main-2026-09-24,1,8495,example_replacement,2,1,Not coded,True
main-2026-09-24,1,8495,example_replacement,3,1,Not coded,True
main-2026-09-24,1,8495,exclusion_rule_replacement,1,1,Not coded,True
main-2026-09-24,1,8495,exclusion_rule_replacement,2,1,Not coded,True
main-2026-09-24,1,8495,exclusion_rule_replacement,3,1,Not coded,True
main-2026-09-24,1,8495,names_only,1,1,Not coded,True
main-2026-09-24,1,8495,names_only,2,1,Not coded,True
main-2026-09-24,1,8495,names_only,3,1,Not coded,True
main-2026-09-24,1,8495,negative_control,1,1,Not coded,True
main-2026-09-24,1,8495,negative_control,2,1,Not coded,True
main-2026-09-24,1,8495,negative_control,3,1,Not coded,True
main-2026-09-24,1,9354,baseline,1,1,Not coded,True
main-2026-09-24,1,9354,baseline,2,1,Not coded,True
main-2026-09-24,1,9354,baseline,3,1,Not coded,True
main-2026-09-24,1,9354,definition_replacement,1,1,Not coded,True
main-2026-09-24,1,9354,definition_replacement,2,1,Not coded,True
main-2026-09-24,1,9354,definition_replacement,3,1,Not coded,True
main-2026-09-24,1,9354,example_replacement,1,1,Not coded,True
main-2026-09-24,1,9354,example_replacement,2,1,Not coded,True
main-2026-09-24,1,9354,example_replacement,3,1,Not coded,True
main-2026-09-24,1,9354,exclusion_rule_replacement,1,1,Not coded,True
main-2026-09-24,1,9354,exclusion_rule_replacement,2,1,Not coded,True
main-2026-09-24,1,9354,exclusion_rule_replacement,3,1,Not coded,True
main-2026-09-24,1,9354,names_only,1,1,Not coded,True
main-2026-09-24,1,9354,names_only,2,1,Not coded,True
main-2026-09-24,1,9354,names_only,3,1,Not coded,True
main-2026-09-24,1,9354,negative_control,1,1,Not coded,True
main-2026-09-24,1,9354,negative_control,2,1,Not coded,True
main-2026-09-24,1,9354,negative_control,3,1,Not coded,True
main-2026-09-24,1,10673,baseline,1,1,Not coded,True
main-2026-09-24,1,10673,baseline,2,1,Restating,True
main-2026-09-24,1,10673,baseline,3,1,Not coded,True
main-2026-09-24,1,10673,definition_replacement,1,1,Restating,True
main-2026-09-24,1,10673,definition_replacement,2,1,Restating,True
main-2026-09-24,1,10673,definition_replacement,3,1,Restating,True
main-2026-09-24,1,10673,example_replacement,1,1,Not coded,True
main-2026-09-24,1,10673,example_replacement,2,1,Not coded,True
main-2026-09-24,1,10673,example_replacement,3,1,Not coded,True
main-2026-09-24,1,10673,exclusion_rule_replacement,1,1,Restating,True
main-2026-09-24,1,10673,exclusion_rule_replacement,2,1,Restating,True
main-2026-09-24,1,10673,exclusion_rule_replacement,3,1,Restating,True
main-2026-09-24,1,10673,names_only,1,1,Restating,True
main-2026-09-24,1,10673,names_only,2,1,Restating,True
main-2026-09-24,1,10673,names_only,3,1,Restating,True
main-2026-09-24,1,10673,negative_control,1,1,Not coded,True
main-2026-09-24,1,10673,negative_control,2,1,Not coded,True
main-2026-09-24,1,10673,negative_control,3,1,Not coded,True
main-2026-09-24,1,11028,baseline,1,1,Pressing for Accuracy,True
main-2026-09-24,1,11028,baseline,2,1,Pressing for Accuracy,True
main-2026-09-24,1,11028,baseline,3,1,Pressing for Accuracy,True
main-2026-09-24,1,11028,definition_replacement,1,1,Pressing for Accuracy,True
main-2026-09-24,1,11028,definition_replacement,2,1,Pressing for Accuracy,True
main-2026-09-24,1,11028,definition_replacement,3,1,Pressing for Accuracy,True
main-2026-09-24,1,11028,example_replacement,1,1,Pressing for Accuracy,True
main-2026-09-24,1,11028,example_replacement,2,1,Pressing for Accuracy,True
main-2026-09-24,1,11028,example_replacement,3,1,Pressing for Accuracy,True
main-2026-09-24,1,11028,exclusion_rule_replacement,1,1,Pressing for Accuracy,True
main-2026-09-24,1,11028,exclusion_rule_replacement,2,1,Pressing for Accuracy,True
main-2026-09-24,1,11028,exclusion_rule_replacement,3,1,Pressing for Accuracy,True
main-2026-09-24,1,11028,names_only,1,1,Pressing for Accuracy,True
main-2026-09-24,1,11028,names_only,2,1,Pressing for Accuracy,True
main-2026-09-24,1,11028,names_only,3,1,Pressing for Accuracy,True
main-2026-09-24,1,11028,negative_control,1,1,Pressing for Accuracy,True
main-2026-09-24,1,11028,negative_control,2,1,Pressing for Accuracy,True
main-2026-09-24,1,11028,negative_control,3,1,Pressing for Accuracy,True
main-2026-09-24,1,11052,baseline,1,1,Not coded,True
main-2026-09-24,1,11052,baseline,2,1,Not coded,True
main-2026-09-24,1,11052,baseline,3,1,Not coded,True
main-2026-09-24,1,11052,definition_replacement,1,1,Not coded,True
main-2026-09-24,1,11052,definition_replacement,2,1,Not coded,True
main-2026-09-24,1,11052,definition_replacement,3,1,Not coded,True
main-2026-09-24,1,11052,example_replacement,1,1,Not coded,True
main-2026-09-24,1,11052,example_replacement,2,1,Not coded,True
main-2026-09-24,1,11052,example_replacement,3,1,Not coded,True
main-2026-09-24,1,11052,exclusion_rule_replacement,1,1,Not coded,True
main-2026-09-24,1,11052,exclusion_rule_replacement,2,1,Not coded,True
main-2026-09-24,1,11052,exclusion_rule_replacement,3,1,Not coded,True
main-2026-09-24,1,11052,names_only,1,1,Not coded,True
main-2026-09-24,1,11052,names_only,2,1,Not coded,True
main-2026-09-24,1,11052,names_only,3,1,Not coded,True
main-2026-09-24,1,11052,negative_control,1,1,Not coded,True
main-2026-09-24,1,11052,negative_control,2,1,Not coded,True
main-2026-09-24,1,11052,negative_control,3,1,Not coded,True
main-2026-09-24,1,11360,baseline,1,1,Not coded,True
main-2026-09-24,1,11360,baseline,2,1,Not coded,True
main-2026-09-24,1,11360,baseline,3,1,Not coded,True
main-2026-09-24,1,11360,definition_replacement,1,1,Not coded,True
main-2026-09-24,1,11360,definition_replacement,2,1,Not coded,True
main-2026-09-24,1,11360,definition_replacement,3,1,Not coded,True
main-2026-09-24,1,11360,example_replacement,1,1,Not coded,True
main-2026-09-24,1,11360,example_replacement,2,1,Not coded,True
main-2026-09-24,1,11360,example_replacement,3,1,Not coded,True
main-2026-09-24,1,11360,exclusion_rule_replacement,1,1,Not coded,True
main-2026-09-24,1,11360,exclusion_rule_replacement,2,1,Not coded,True
main-2026-09-24,1,11360,exclusion_rule_replacement,3,1,Not coded,True
main-2026-09-24,1,11360,names_only,1,1,Pressing for Accuracy,True
main-2026-09-24,1,11360,names_only,2,1,Pressing for Accuracy,True
main-2026-09-24,1,11360,names_only,3,1,Pressing for Accuracy,True
main-2026-09-24,1,11360,negative_control,1,1,Not coded,True
main-2026-09-24,1,11360,negative_control,2,1,Not coded,True
main-2026-09-24,1,11360,negative_control,3,1,Not coded,True
main-2026-09-24,1,14298,baseline,1,1,Keeping Everyone Together,True
main-2026-09-24,1,14298,baseline,2,1,Keeping Everyone Together,True
main-2026-09-24,1,14298,baseline,3,1,Keeping Everyone Together,True
main-2026-09-24,1,14298,definition_replacement,1,1,Keeping Everyone Together,True
main-2026-09-24,1,14298,definition_replacement,2,1,Keeping Everyone Together,True
main-2026-09-24,1,14298,definition_replacement,3,1,Keeping Everyone Together,True
main-2026-09-24,1,14298,example_replacement,1,1,Keeping Everyone Together,True
main-2026-09-24,1,14298,example_replacement,2,1,Keeping Everyone Together,True
main-2026-09-24,1,14298,example_replacement,3,1,Keeping Everyone Together,True
main-2026-09-24,1,14298,exclusion_rule_replacement,1,1,Keeping Everyone Together,True
main-2026-09-24,1,14298,exclusion_rule_replacement,2,1,Keeping Everyone Together,True
main-2026-09-24,1,14298,exclusion_rule_replacement,3,1,Keeping Everyone Together,True
main-2026-09-24,1,14298,names_only,1,1,Not coded,True
main-2026-09-24,1,14298,names_only,2,1,Not coded,True
main-2026-09-24,1,14298,names_only,3,1,Not coded,True
main-2026-09-24,1,14298,negative_control,1,1,Keeping Everyone Together,True
main-2026-09-24,1,14298,negative_control,2,1,Keeping Everyone Together,True
main-2026-09-24,1,14298,negative_control,3,1,Keeping Everyone Together,True
main-2026-09-24,1,14501,baseline,1,1,Not coded,True
main-2026-09-24,1,14501,baseline,2,1,Not coded,True
main-2026-09-24,1,14501,baseline,3,1,Not coded,True
main-2026-09-24,1,14501,definition_replacement,1,1,Not coded,True
main-2026-09-24,1,14501,definition_replacement,2,1,Not coded,True
main-2026-09-24,1,14501,definition_replacement,3,1,Not coded,True
main-2026-09-24,1,14501,example_replacement,1,1,Not coded,True
main-2026-09-24,1,14501,example_replacement,2,1,Not coded,True
main-2026-09-24,1,14501,example_replacement,3,1,Not coded,True
main-2026-09-24,1,14501,exclusion_rule_replacement,1,1,Keeping Everyone Together,True
main-2026-09-24,1,14501,exclusion_rule_replacement,2,1,Keeping Everyone Together,True
main-2026-09-24,1,14501,exclusion_rule_replacement,3,1,Keeping Everyone Together,True
main-2026-09-24,1,14501,names_only,1,1,Keeping Everyone Together,True
main-2026-09-24,1,14501,names_only,2,1,Keeping Everyone Together,True
main-2026-09-24,1,14501,names_only,3,1,Keeping Everyone Together,True
main-2026-09-24,1,14501,negative_control,1,1,Not coded,True
main-2026-09-24,1,14501,negative_control,2,1,Not coded,True
main-2026-09-24,1,14501,negative_control,3,1,Not coded,True
main-2026-09-24,1,14917,baseline,1,1,Not coded,True
main-2026-09-24,1,14917,baseline,2,1,Not coded,True
main-2026-09-24,1,14917,baseline,3,1,Not coded,True
main-2026-09-24,1,14917,definition_replacement,1,1,Not coded,True
main-2026-09-24,1,14917,definition_replacement,2,1,Not coded,True
main-2026-09-24,1,14917,definition_replacement,3,1,Not coded,True
main-2026-09-24,1,14917,example_replacement,1,1,Not coded,True
main-2026-09-24,1,14917,example_replacement,2,1,Not coded,True
main-2026-09-24,1,14917,example_replacement,3,1,Not coded,True
main-2026-09-24,1,14917,exclusion_rule_replacement,1,1,Not coded,True
main-2026-09-24,1,14917,exclusion_rule_replacement,2,1,Not coded,True
main-2026-09-24,1,14917,exclusion_rule_replacement,3,1,Not coded,True
main-2026-09-24,1,14917,names_only,1,1,Not coded,True
main-2026-09-24,1,14917,names_only,2,1,Not coded,True
main-2026-09-24,1,14917,names_only,3,1,Not coded,True
main-2026-09-24,1,14917,negative_control,1,1,Not coded,True
main-2026-09-24,1,14917,negative_control,2,1,Not coded,True
main-2026-09-24,1,14917,negative_control,3,1,Not coded,True
main-2026-09-24,1,14938,baseline,1,1,Not coded,True
main-2026-09-24,1,14938,baseline,2,1,Not coded,True
main-2026-09-24,1,14938,baseline,3,1,Not coded,True
main-2026-09-24,1,14938,definition_replacement,1,1,Not coded,True
main-2026-09-24,1,14938,definition_replacement,2,1,Not coded,True
main-2026-09-24,1,14938,definition_replacement,3,1,Not coded,True
main-2026-09-24,1,14938,example_replacement,1,1,Not coded,True
main-2026-09-24,1,14938,example_replacement,2,1,Not coded,True
main-2026-09-24,1,14938,example_replacement,3,1,Not coded,True
main-2026-09-24,1,14938,exclusion_rule_replacement,1,1,Not coded,True
main-2026-09-24,1,14938,exclusion_rule_replacement,2,1,Not coded,True
main-2026-09-24,1,14938,exclusion_rule_replacement,3,1,Not coded,True
main-2026-09-24,1,14938,names_only,1,1,Not coded,True
main-2026-09-24,1,14938,names_only,2,1,Not coded,True
main-2026-09-24,1,14938,names_only,3,1,Not coded,True
main-2026-09-24,1,14938,negative_control,1,1,Not coded,True
main-2026-09-24,1,14938,negative_control,2,1,Not coded,True
main-2026-09-24,1,14938,negative_control,3,1,Not coded,True
main-2026-09-24,1,15050,baseline,1,1,Not coded,True
main-2026-09-24,1,15050,baseline,2,1,Not coded,True
main-2026-09-24,1,15050,baseline,3,1,Not coded,True
main-2026-09-24,1,15050,definition_replacement,1,1,Not coded,True
main-2026-09-24,1,15050,definition_replacement,2,1,Not coded,True
main-2026-09-24,1,15050,definition_replacement,3,1,Not coded,True
main-2026-09-24,1,15050,example_replacement,1,1,Not coded,True
main-2026-09-24,1,15050,example_replacement,2,1,Not coded,True
main-2026-09-24,1,15050,example_replacement,3,1,Not coded,True
main-2026-09-24,1,15050,exclusion_rule_replacement,1,1,Not coded,True
main-2026-09-24,1,15050,exclusion_rule_replacement,2,1,Not coded,True
main-2026-09-24,1,15050,exclusion_rule_replacement,3,1,Not coded,True
main-2026-09-24,1,15050,names_only,1,1,Not coded,True
main-2026-09-24,1,15050,names_only,2,1,Not coded,True
main-2026-09-24,1,15050,names_only,3,1,Not coded,True
main-2026-09-24,1,15050,negative_control,1,1,Not coded,True
main-2026-09-24,1,15050,negative_control,2,1,Not coded,True
main-2026-09-24,1,15050,negative_control,3,1,Not coded,True
main-2026-09-24,1,15077,baseline,1,1,Not coded,True
main-2026-09-24,1,15077,baseline,2,1,Not coded,True
main-2026-09-24,1,15077,baseline,3,1,Not coded,True
main-2026-09-24,1,15077,definition_replacement,1,1,Not coded,True
main-2026-09-24,1,15077,definition_replacement,2,1,Not coded,True
main-2026-09-24,1,15077,definition_replacement,3,1,Not coded,True
main-2026-09-24,1,15077,example_replacement,1,1,Not coded,True
main-2026-09-24,1,15077,example_replacement,2,1,Not coded,True
main-2026-09-24,1,15077,example_replacement,3,1,Not coded,True
main-2026-09-24,1,15077,exclusion_rule_replacement,1,1,Not coded,True
main-2026-09-24,1,15077,exclusion_rule_replacement,2,1,Not coded,True
main-2026-09-24,1,15077,exclusion_rule_replacement,3,1,Not coded,True
main-2026-09-24,1,15077,names_only,1,1,Restating,True
main-2026-09-24,1,15077,names_only,2,1,Restating,True
main-2026-09-24,1,15077,names_only,3,1,Restating,True
main-2026-09-24,1,15077,negative_control,1,1,Not coded,True
main-2026-09-24,1,15077,negative_control,2,1,Not coded,True
main-2026-09-24,1,15077,negative_control,3,1,Not coded,True
main-2026-09-24,1,15215,baseline,1,1,Not coded,True
main-2026-09-24,1,15215,baseline,2,1,Not coded,True
main-2026-09-24,1,15215,baseline,3,1,Not coded,True
main-2026-09-24,1,15215,definition_replacement,1,1,Not coded,True
main-2026-09-24,1,15215,definition_replacement,2,1,Not coded,True
main-2026-09-24,1,15215,definition_replacement,3,1,Not coded,True
main-2026-09-24,1,15215,example_replacement,1,1,Not coded,True
main-2026-09-24,1,15215,example_replacement,2,1,Not coded,True
main-2026-09-24,1,15215,example_replacement,3,1,Not coded,True
main-2026-09-24,1,15215,exclusion_rule_replacement,1,1,Not coded,True
main-2026-09-24,1,15215,exclusion_rule_replacement,2,1,Not coded,True
main-2026-09-24,1,15215,exclusion_rule_replacement,3,1,Not coded,True
main-2026-09-24,1,15215,names_only,1,1,Not coded,True
main-2026-09-24,1,15215,names_only,2,1,Not coded,True
main-2026-09-24,1,15215,names_only,3,1,Keeping Everyone Together,True
main-2026-09-24,1,15215,negative_control,1,1,Not coded,True
main-2026-09-24,1,15215,negative_control,2,1,Not coded,True
main-2026-09-24,1,15215,negative_control,3,1,Not coded,True
main-2026-09-24,1,15298,baseline,1,1,Pressing for Accuracy,True
main-2026-09-24,1,15298,baseline,2,1,Pressing for Accuracy,True
main-2026-09-24,1,15298,baseline,3,1,Pressing for Accuracy,True
main-2026-09-24,1,15298,definition_replacement,1,1,Pressing for Accuracy,True
main-2026-09-24,1,15298,definition_replacement,2,1,Pressing for Accuracy,True
main-2026-09-24,1,15298,definition_replacement,3,1,Pressing for Accuracy,True
main-2026-09-24,1,15298,example_replacement,1,1,Pressing for Reasoning,True
main-2026-09-24,1,15298,example_replacement,2,1,Pressing for Reasoning,True
main-2026-09-24,1,15298,example_replacement,3,1,Pressing for Reasoning,True
main-2026-09-24,1,15298,exclusion_rule_replacement,1,1,Pressing for Accuracy,True
main-2026-09-24,1,15298,exclusion_rule_replacement,2,1,Pressing for Accuracy,True
main-2026-09-24,1,15298,exclusion_rule_replacement,3,1,Pressing for Accuracy,True
main-2026-09-24,1,15298,names_only,1,1,Pressing for Reasoning,True
main-2026-09-24,1,15298,names_only,2,1,Pressing for Reasoning,True
main-2026-09-24,1,15298,names_only,3,1,Pressing for Reasoning,True
main-2026-09-24,1,15298,negative_control,1,1,Pressing for Accuracy,True
main-2026-09-24,1,15298,negative_control,2,1,Pressing for Accuracy,True
main-2026-09-24,1,15298,negative_control,3,1,Pressing for Accuracy,True
main-2026-09-24,1,15871,baseline,1,1,Not coded,True
main-2026-09-24,1,15871,baseline,2,1,Not coded,True
main-2026-09-24,1,15871,baseline,3,1,Not coded,True
main-2026-09-24,1,15871,definition_replacement,1,1,Not coded,True
main-2026-09-24,1,15871,definition_replacement,2,1,Not coded,True
main-2026-09-24,1,15871,definition_replacement,3,1,Not coded,True
main-2026-09-24,1,15871,example_replacement,1,1,Not coded,True
main-2026-09-24,1,15871,example_replacement,2,1,Not coded,True
main-2026-09-24,1,15871,example_replacement,3,1,Not coded,True
main-2026-09-24,1,15871,exclusion_rule_replacement,1,1,Not coded,True
main-2026-09-24,1,15871,exclusion_rule_replacement,2,1,Not coded,True
main-2026-09-24,1,15871,exclusion_rule_replacement,3,1,Not coded,True
main-2026-09-24,1,15871,names_only,1,1,Not coded,True
main-2026-09-24,1,15871,names_only,2,1,Not coded,True
main-2026-09-24,1,15871,names_only,3,1,Not coded,True
main-2026-09-24,1,15871,negative_control,1,1,Not coded,True
main-2026-09-24,1,15871,negative_control,2,1,Not coded,True
main-2026-09-24,1,15871,negative_control,3,1,Not coded,True
main-2026-09-24,1,15915,baseline,1,1,Not coded,True
main-2026-09-24,1,15915,baseline,2,1,Not coded,True
main-2026-09-24,1,15915,baseline,3,1,Not coded,True
main-2026-09-24,1,15915,definition_replacement,1,1,Not coded,True
main-2026-09-24,1,15915,definition_replacement,2,1,Not coded,True
main-2026-09-24,1,15915,definition_replacement,3,1,Not coded,True
main-2026-09-24,1,15915,example_replacement,1,1,Not coded,True
main-2026-09-24,1,15915,example_replacement,2,1,Not coded,True
main-2026-09-24,1,15915,example_replacement,3,1,Not coded,True
main-2026-09-24,1,15915,exclusion_rule_replacement,1,1,Not coded,True
main-2026-09-24,1,15915,exclusion_rule_replacement,2,1,Not coded,True
main-2026-09-24,1,15915,exclusion_rule_replacement,3,1,Not coded,True
main-2026-09-24,1,15915,names_only,1,1,Not coded,True
main-2026-09-24,1,15915,names_only,2,1,Not coded,True
main-2026-09-24,1,15915,names_only,3,1,Not coded,True
main-2026-09-24,1,15915,negative_control,1,1,Not coded,True
main-2026-09-24,1,15915,negative_control,2,1,Not coded,True
main-2026-09-24,1,15915,negative_control,3,1,Not coded,True
main-2026-09-24,1,16408,baseline,1,1,Not coded,True
main-2026-09-24,1,16408,baseline,2,1,Not coded,True
main-2026-09-24,1,16408,baseline,3,1,Not coded,True
main-2026-09-24,1,16408,definition_replacement,1,1,Not coded,True
main-2026-09-24,1,16408,definition_replacement,2,1,Not coded,True
main-2026-09-24,1,16408,definition_replacement,3,1,Not coded,True
main-2026-09-24,1,16408,example_replacement,1,1,Not coded,True
main-2026-09-24,1,16408,example_replacement,2,1,Not coded,True
main-2026-09-24,1,16408,example_replacement,3,1,Not coded,True
main-2026-09-24,1,16408,exclusion_rule_replacement,1,1,Not coded,True
main-2026-09-24,1,16408,exclusion_rule_replacement,2,1,Not coded,True
main-2026-09-24,1,16408,exclusion_rule_replacement,3,1,Not coded,True
main-2026-09-24,1,16408,names_only,1,1,Not coded,True
main-2026-09-24,1,16408,names_only,2,1,Not coded,True
main-2026-09-24,1,16408,names_only,3,1,Not coded,True
main-2026-09-24,1,16408,negative_control,1,1,Not coded,True
main-2026-09-24,1,16408,negative_control,2,1,Not coded,True
main-2026-09-24,1,16408,negative_control,3,1,Not coded,True
main-2026-09-24,1,17190,baseline,1,1,Revoicing,True
main-2026-09-24,1,17190,baseline,2,1,Revoicing,True
main-2026-09-24,1,17190,baseline,3,1,Revoicing,True
main-2026-09-24,1,17190,definition_replacement,1,1,Revoicing,True
main-2026-09-24,1,17190,definition_replacement,2,1,Revoicing,True
main-2026-09-24,1,17190,definition_replacement,3,1,Revoicing,True
main-2026-09-24,1,17190,example_replacement,1,1,Revoicing,True
main-2026-09-24,1,17190,example_replacement,2,1,Revoicing,True
main-2026-09-24,1,17190,example_replacement,3,1,Revoicing,True
main-2026-09-24,1,17190,exclusion_rule_replacement,1,1,Revoicing,True
main-2026-09-24,1,17190,exclusion_rule_replacement,2,1,Revoicing,True
main-2026-09-24,1,17190,exclusion_rule_replacement,3,1,Revoicing,True
main-2026-09-24,1,17190,names_only,1,1,Revoicing,True
main-2026-09-24,1,17190,names_only,2,1,Revoicing,True
main-2026-09-24,1,17190,names_only,3,1,Revoicing,True
main-2026-09-24,1,17190,negative_control,1,1,Revoicing,True
main-2026-09-24,1,17190,negative_control,2,1,Revoicing,True
main-2026-09-24,1,17190,negative_control,3,1,Revoicing,True
main-2026-09-24,1,17443,baseline,1,1,Pressing for Accuracy,True
main-2026-09-24,1,17443,baseline,2,1,Pressing for Accuracy,True
main-2026-09-24,1,17443,baseline,3,1,Pressing for Reasoning,True
main-2026-09-24,1,17443,definition_replacement,1,1,Pressing for Accuracy,True
main-2026-09-24,1,17443,definition_replacement,2,1,Pressing for Accuracy,True
main-2026-09-24,1,17443,definition_replacement,3,1,Pressing for Accuracy,True
main-2026-09-24,1,17443,example_replacement,1,1,Pressing for Reasoning,True
main-2026-09-24,1,17443,example_replacement,2,1,Pressing for Reasoning,True
main-2026-09-24,1,17443,example_replacement,3,1,Pressing for Reasoning,True
main-2026-09-24,1,17443,exclusion_rule_replacement,1,1,Pressing for Reasoning,True
main-2026-09-24,1,17443,exclusion_rule_replacement,2,1,Pressing for Reasoning,True
main-2026-09-24,1,17443,exclusion_rule_replacement,3,1,Pressing for Reasoning,True
main-2026-09-24,1,17443,names_only,1,1,Pressing for Reasoning,True
main-2026-09-24,1,17443,names_only,2,1,Pressing for Reasoning,True
main-2026-09-24,1,17443,names_only,3,1,Pressing for Reasoning,True
main-2026-09-24,1,17443,negative_control,1,1,Pressing for Reasoning,True
main-2026-09-24,1,17443,negative_control,2,1,Pressing for Reasoning,True
main-2026-09-24,1,17443,negative_control,3,1,Pressing for Accuracy,True
main-2026-09-24,1,17658,baseline,1,1,Revoicing,True
main-2026-09-24,1,17658,baseline,2,1,Revoicing,True
main-2026-09-24,1,17658,baseline,3,1,Revoicing,True
main-2026-09-24,1,17658,definition_replacement,1,1,Revoicing,True
main-2026-09-24,1,17658,definition_replacement,2,1,Restating,True
main-2026-09-24,1,17658,definition_replacement,3,1,Restating,True
main-2026-09-24,1,17658,example_replacement,1,1,Revoicing,True
main-2026-09-24,1,17658,example_replacement,2,1,Revoicing,True
main-2026-09-24,1,17658,example_replacement,3,1,Restating,True
main-2026-09-24,1,17658,exclusion_rule_replacement,1,1,Revoicing,True
main-2026-09-24,1,17658,exclusion_rule_replacement,2,1,Revoicing,True
main-2026-09-24,1,17658,exclusion_rule_replacement,3,1,Revoicing,True
main-2026-09-24,1,17658,names_only,1,1,Restating,True
main-2026-09-24,1,17658,names_only,2,1,Restating,True
main-2026-09-24,1,17658,names_only,3,1,Restating,True
main-2026-09-24,1,17658,negative_control,1,1,Revoicing,True
main-2026-09-24,1,17658,negative_control,2,1,Revoicing,True
main-2026-09-24,1,17658,negative_control,3,1,Revoicing,True
main-2026-09-24,1,17917,baseline,1,1,Revoicing,True
main-2026-09-24,1,17917,baseline,2,1,Revoicing,True
main-2026-09-24,1,17917,baseline,3,1,Revoicing,True
main-2026-09-24,1,17917,definition_replacement,1,1,Restating,True
main-2026-09-24,1,17917,definition_replacement,2,1,Restating,True
main-2026-09-24,1,17917,definition_replacement,3,1,Restating,True
main-2026-09-24,1,17917,example_replacement,1,1,Revoicing,True
main-2026-09-24,1,17917,example_replacement,2,1,Revoicing,True
main-2026-09-24,1,17917,example_replacement,3,1,Revoicing,True
main-2026-09-24,1,17917,exclusion_rule_replacement,1,1,Revoicing,True
main-2026-09-24,1,17917,exclusion_rule_replacement,2,1,Revoicing,True
main-2026-09-24,1,17917,exclusion_rule_replacement,3,1,Revoicing,True
main-2026-09-24,1,17917,names_only,1,1,Restating,True
main-2026-09-24,1,17917,names_only,2,1,Restating,True
main-2026-09-24,1,17917,names_only,3,1,Restating,True
main-2026-09-24,1,17917,negative_control,1,1,Revoicing,True
main-2026-09-24,1,17917,negative_control,2,1,Revoicing,True
main-2026-09-24,1,17917,negative_control,3,1,Revoicing,True
main-2026-09-24,1,19401,baseline,1,1,Not coded,True
main-2026-09-24,1,19401,baseline,2,1,Not coded,True
main-2026-09-24,1,19401,baseline,3,1,Not coded,True
main-2026-09-24,1,19401,definition_replacement,1,1,Not coded,True
main-2026-09-24,1,19401,definition_replacement,2,1,Not coded,True
main-2026-09-24,1,19401,definition_replacement,3,1,Not coded,True
main-2026-09-24,1,19401,example_replacement,1,1,Not coded,True
main-2026-09-24,1,19401,example_replacement,2,1,Not coded,True
main-2026-09-24,1,19401,example_replacement,3,1,Not coded,True
main-2026-09-24,1,19401,exclusion_rule_replacement,1,1,Keeping Everyone Together,True
main-2026-09-24,1,19401,exclusion_rule_replacement,2,1,Keeping Everyone Together,True
main-2026-09-24,1,19401,exclusion_rule_replacement,3,1,Keeping Everyone Together,True
main-2026-09-24,1,19401,names_only,1,1,Keeping Everyone Together,True
main-2026-09-24,1,19401,names_only,2,1,Keeping Everyone Together,True
main-2026-09-24,1,19401,names_only,3,1,Keeping Everyone Together,True
main-2026-09-24,1,19401,negative_control,1,1,Not coded,True
main-2026-09-24,1,19401,negative_control,2,1,Not coded,True
main-2026-09-24,1,19401,negative_control,3,1,Not coded,True
main-2026-09-24,1,20658,baseline,1,1,Not coded,True
main-2026-09-24,1,20658,baseline,2,1,Not coded,True
main-2026-09-24,1,20658,baseline,3,1,Not coded,True
main-2026-09-24,1,20658,definition_replacement,1,1,Not coded,True
main-2026-09-24,1,20658,definition_replacement,2,1,Not coded,True
main-2026-09-24,1,20658,definition_replacement,3,1,Not coded,True
main-2026-09-24,1,20658,example_replacement,1,1,Not coded,True
main-2026-09-24,1,20658,example_replacement,2,1,Not coded,True
main-2026-09-24,1,20658,example_replacement,3,1,Not coded,True
main-2026-09-24,1,20658,exclusion_rule_replacement,1,1,Keeping Everyone Together,True
main-2026-09-24,1,20658,exclusion_rule_replacement,2,1,Keeping Everyone Together,True
main-2026-09-24,1,20658,exclusion_rule_replacement,3,1,Keeping Everyone Together,True
main-2026-09-24,1,20658,names_only,1,1,Not coded,True
main-2026-09-24,1,20658,names_only,2,1,Not coded,True
main-2026-09-24,1,20658,names_only,3,1,Not coded,True
main-2026-09-24,1,20658,negative_control,1,1,Not coded,True
main-2026-09-24,1,20658,negative_control,2,1,Not coded,True
main-2026-09-24,1,20658,negative_control,3,1,Not coded,True
main-2026-09-24,1,21420,baseline,1,1,Not coded,True
main-2026-09-24,1,21420,baseline,2,1,Not coded,True
main-2026-09-24,1,21420,baseline,3,1,Not coded,True
main-2026-09-24,1,21420,definition_replacement,1,1,Not coded,True
main-2026-09-24,1,21420,definition_replacement,2,1,Not coded,True
main-2026-09-24,1,21420,definition_replacement,3,1,Not coded,True
main-2026-09-24,1,21420,example_replacement,1,1,Not coded,True
main-2026-09-24,1,21420,example_replacement,2,1,Not coded,True
main-2026-09-24,1,21420,example_replacement,3,1,Not coded,True
main-2026-09-24,1,21420,exclusion_rule_replacement,1,1,Not coded,True
main-2026-09-24,1,21420,exclusion_rule_replacement,2,1,Not coded,True
main-2026-09-24,1,21420,exclusion_rule_replacement,3,1,Not coded,True
main-2026-09-24,1,21420,names_only,1,1,Not coded,True
main-2026-09-24,1,21420,names_only,2,1,Keeping Everyone Together,True
main-2026-09-24,1,21420,names_only,3,1,Not coded,True
main-2026-09-24,1,21420,negative_control,1,1,Not coded,True
main-2026-09-24,1,21420,negative_control,2,1,Not coded,True
main-2026-09-24,1,21420,negative_control,3,1,Not coded,True
main-2026-09-24,1,23105,baseline,1,1,Not coded,True
main-2026-09-24,1,23105,baseline,2,1,Keeping Everyone Together,True
main-2026-09-24,1,23105,baseline,3,1,Keeping Everyone Together,True
main-2026-09-24,1,23105,definition_replacement,1,1,Keeping Everyone Together,True
main-2026-09-24,1,23105,definition_replacement,2,1,Not coded,True
main-2026-09-24,1,23105,definition_replacement,3,1,Keeping Everyone Together,True
main-2026-09-24,1,23105,example_replacement,1,1,Keeping Everyone Together,True
main-2026-09-24,1,23105,example_replacement,2,1,Keeping Everyone Together,True
main-2026-09-24,1,23105,example_replacement,3,1,Not coded,True
main-2026-09-24,1,23105,exclusion_rule_replacement,1,1,Keeping Everyone Together,True
main-2026-09-24,1,23105,exclusion_rule_replacement,2,1,Keeping Everyone Together,True
main-2026-09-24,1,23105,exclusion_rule_replacement,3,1,Keeping Everyone Together,True
main-2026-09-24,1,23105,names_only,1,1,Not coded,True
main-2026-09-24,1,23105,names_only,2,1,Not coded,True
main-2026-09-24,1,23105,names_only,3,1,Not coded,True
main-2026-09-24,1,23105,negative_control,1,1,Keeping Everyone Together,True
main-2026-09-24,1,23105,negative_control,2,1,Keeping Everyone Together,True
main-2026-09-24,1,23105,negative_control,3,1,Keeping Everyone Together,True
main-2026-09-24,1,23373,baseline,1,1,Not coded,True
main-2026-09-24,1,23373,baseline,2,1,Keeping Everyone Together,True
main-2026-09-24,1,23373,baseline,3,1,Not coded,True
main-2026-09-24,1,23373,definition_replacement,1,1,Not coded,True
main-2026-09-24,1,23373,definition_replacement,2,1,Not coded,True
main-2026-09-24,1,23373,definition_replacement,3,1,Not coded,True
main-2026-09-24,1,23373,example_replacement,1,1,Keeping Everyone Together,True
main-2026-09-24,1,23373,example_replacement,2,1,Keeping Everyone Together,True
main-2026-09-24,1,23373,example_replacement,3,1,Keeping Everyone Together,True
main-2026-09-24,1,23373,exclusion_rule_replacement,1,1,Keeping Everyone Together,True
main-2026-09-24,1,23373,exclusion_rule_replacement,2,1,Keeping Everyone Together,True
main-2026-09-24,1,23373,exclusion_rule_replacement,3,1,Keeping Everyone Together,True
main-2026-09-24,1,23373,names_only,1,1,Keeping Everyone Together,True
main-2026-09-24,1,23373,names_only,2,1,Keeping Everyone Together,True
main-2026-09-24,1,23373,names_only,3,1,Keeping Everyone Together,True
main-2026-09-24,1,23373,negative_control,1,1,Keeping Everyone Together,True
main-2026-09-24,1,23373,negative_control,2,1,Keeping Everyone Together,True
main-2026-09-24,1,23373,negative_control,3,1,Keeping Everyone Together,True
main-2026-09-24,1,23452,baseline,1,1,Not coded,True
main-2026-09-24,1,23452,baseline,2,1,Not coded,True
main-2026-09-24,1,23452,baseline,3,1,Not coded,True
main-2026-09-24,1,23452,definition_replacement,1,1,Not coded,True
main-2026-09-24,1,23452,definition_replacement,2,1,Not coded,True
main-2026-09-24,1,23452,definition_replacement,3,1,Not coded,True
main-2026-09-24,1,23452,example_replacement,1,1,Not coded,True
main-2026-09-24,1,23452,example_replacement,2,1,Not coded,True
main-2026-09-24,1,23452,example_replacement,3,1,Not coded,True
main-2026-09-24,1,23452,exclusion_rule_replacement,1,1,Not coded,True
main-2026-09-24,1,23452,exclusion_rule_replacement,2,1,Not coded,True
main-2026-09-24,1,23452,exclusion_rule_replacement,3,1,Not coded,True
main-2026-09-24,1,23452,names_only,1,1,Not coded,True
main-2026-09-24,1,23452,names_only,2,1,Not coded,True
main-2026-09-24,1,23452,names_only,3,1,Keeping Everyone Together,True
main-2026-09-24,1,23452,negative_control,1,1,Not coded,True
main-2026-09-24,1,23452,negative_control,2,1,Not coded,True
main-2026-09-24,1,23452,negative_control,3,1,Not coded,True
main-2026-09-24,1,23893,baseline,1,1,Restating,True
main-2026-09-24,1,23893,baseline,2,1,Restating,True
main-2026-09-24,1,23893,baseline,3,1,Restating,True
main-2026-09-24,1,23893,definition_replacement,1,1,Restating,True
main-2026-09-24,1,23893,definition_replacement,2,1,Restating,True
main-2026-09-24,1,23893,definition_replacement,3,1,Restating,True
main-2026-09-24,1,23893,example_replacement,1,1,Restating,True
main-2026-09-24,1,23893,example_replacement,2,1,Restating,True
main-2026-09-24,1,23893,example_replacement,3,1,Restating,True
main-2026-09-24,1,23893,exclusion_rule_replacement,1,1,Restating,True
main-2026-09-24,1,23893,exclusion_rule_replacement,2,1,Restating,True
main-2026-09-24,1,23893,exclusion_rule_replacement,3,1,Restating,True
main-2026-09-24,1,23893,names_only,1,1,Restating,True
main-2026-09-24,1,23893,names_only,2,1,Restating,True
main-2026-09-24,1,23893,names_only,3,1,Restating,True
main-2026-09-24,1,23893,negative_control,1,1,Restating,True
main-2026-09-24,1,23893,negative_control,2,1,Restating,True
main-2026-09-24,1,23893,negative_control,3,1,Restating,True
main-2026-09-24,1,24222,baseline,1,1,Revoicing,True
main-2026-09-24,1,24222,baseline,2,1,Not coded,True
main-2026-09-24,1,24222,baseline,3,1,Not coded,True
main-2026-09-24,1,24222,definition_replacement,1,1,Not coded,True
main-2026-09-24,1,24222,definition_replacement,2,1,Not coded,True
main-2026-09-24,1,24222,definition_replacement,3,1,Not coded,True
main-2026-09-24,1,24222,example_replacement,1,1,Revoicing,True
main-2026-09-24,1,24222,example_replacement,2,1,Revoicing,True
main-2026-09-24,1,24222,example_replacement,3,1,Revoicing,True
main-2026-09-24,1,24222,exclusion_rule_replacement,1,1,Keeping Everyone Together,True
main-2026-09-24,1,24222,exclusion_rule_replacement,2,1,Revoicing,True
main-2026-09-24,1,24222,exclusion_rule_replacement,3,1,Keeping Everyone Together,True
main-2026-09-24,1,24222,names_only,1,1,Pressing for Accuracy,True
main-2026-09-24,1,24222,names_only,2,1,Pressing for Accuracy,True
main-2026-09-24,1,24222,names_only,3,1,Pressing for Accuracy,True
main-2026-09-24,1,24222,negative_control,1,1,Revoicing,True
main-2026-09-24,1,24222,negative_control,2,1,Revoicing,True
main-2026-09-24,1,24222,negative_control,3,1,Not coded,True
main-2026-09-24,1,25671,baseline,1,1,Not coded,True
main-2026-09-24,1,25671,baseline,2,1,Not coded,True
main-2026-09-24,1,25671,baseline,3,1,Not coded,True
main-2026-09-24,1,25671,definition_replacement,1,1,Not coded,True
main-2026-09-24,1,25671,definition_replacement,2,1,Not coded,True
main-2026-09-24,1,25671,definition_replacement,3,1,Not coded,True
main-2026-09-24,1,25671,example_replacement,1,1,Not coded,True
main-2026-09-24,1,25671,example_replacement,2,1,Not coded,True
main-2026-09-24,1,25671,example_replacement,3,1,Not coded,True
main-2026-09-24,1,25671,exclusion_rule_replacement,1,1,Not coded,True
main-2026-09-24,1,25671,exclusion_rule_replacement,2,1,Not coded,True
main-2026-09-24,1,25671,exclusion_rule_replacement,3,1,Not coded,True
main-2026-09-24,1,25671,names_only,1,1,Not coded,True
main-2026-09-24,1,25671,names_only,2,1,Not coded,True
main-2026-09-24,1,25671,names_only,3,1,Not coded,True
main-2026-09-24,1,25671,negative_control,1,1,Not coded,True
main-2026-09-24,1,25671,negative_control,2,1,Not coded,True
main-2026-09-24,1,25671,negative_control,3,1,Not coded,True
main-2026-09-24,1,25718,baseline,1,1,Pressing for Reasoning,True
main-2026-09-24,1,25718,baseline,2,1,Pressing for Reasoning,True
main-2026-09-24,1,25718,baseline,3,1,Pressing for Reasoning,True
main-2026-09-24,1,25718,definition_replacement,1,1,Pressing for Reasoning,True
main-2026-09-24,1,25718,definition_replacement,2,1,Pressing for Reasoning,True
main-2026-09-24,1,25718,definition_replacement,3,1,Pressing for Reasoning,True
main-2026-09-24,1,25718,example_replacement,1,1,Pressing for Reasoning,True
main-2026-09-24,1,25718,example_replacement,2,1,Pressing for Reasoning,True
main-2026-09-24,1,25718,example_replacement,3,1,Pressing for Reasoning,True
main-2026-09-24,1,25718,exclusion_rule_replacement,1,1,Pressing for Reasoning,True
main-2026-09-24,1,25718,exclusion_rule_replacement,2,1,Pressing for Reasoning,True
main-2026-09-24,1,25718,exclusion_rule_replacement,3,1,Pressing for Reasoning,True
main-2026-09-24,1,25718,names_only,1,1,Pressing for Reasoning,True
main-2026-09-24,1,25718,names_only,2,1,Pressing for Reasoning,True
main-2026-09-24,1,25718,names_only,3,1,Pressing for Reasoning,True
main-2026-09-24,1,25718,negative_control,1,1,Pressing for Reasoning,True
main-2026-09-24,1,25718,negative_control,2,1,Pressing for Reasoning,True
main-2026-09-24,1,25718,negative_control,3,1,Pressing for Reasoning,True
main-2026-09-24,1,25981,baseline,1,1,Keeping Everyone Together,True
main-2026-09-24,1,25981,baseline,2,1,Keeping Everyone Together,True
main-2026-09-24,1,25981,baseline,3,1,Keeping Everyone Together,True
main-2026-09-24,1,25981,definition_replacement,1,1,Keeping Everyone Together,True
main-2026-09-24,1,25981,definition_replacement,2,1,Keeping Everyone Together,True
main-2026-09-24,1,25981,definition_replacement,3,1,Keeping Everyone Together,True
main-2026-09-24,1,25981,example_replacement,1,1,Keeping Everyone Together,True
main-2026-09-24,1,25981,example_replacement,2,1,Keeping Everyone Together,True
main-2026-09-24,1,25981,example_replacement,3,1,Keeping Everyone Together,True
main-2026-09-24,1,25981,exclusion_rule_replacement,1,1,Keeping Everyone Together,True
main-2026-09-24,1,25981,exclusion_rule_replacement,2,1,Keeping Everyone Together,True
main-2026-09-24,1,25981,exclusion_rule_replacement,3,1,Keeping Everyone Together,True
main-2026-09-24,1,25981,names_only,1,1,Keeping Everyone Together,True
main-2026-09-24,1,25981,names_only,2,1,Keeping Everyone Together,True
main-2026-09-24,1,25981,names_only,3,1,Keeping Everyone Together,True
main-2026-09-24,1,25981,negative_control,1,1,Keeping Everyone Together,True
main-2026-09-24,1,25981,negative_control,2,1,Keeping Everyone Together,True
main-2026-09-24,1,25981,negative_control,3,1,Keeping Everyone Together,True
main-2026-09-24,1,27546,baseline,1,1,Keeping Everyone Together,True
main-2026-09-24,1,27546,baseline,2,1,Keeping Everyone Together,True
main-2026-09-24,1,27546,baseline,3,1,Keeping Everyone Together,True
main-2026-09-24,1,27546,definition_replacement,1,1,Keeping Everyone Together,True
main-2026-09-24,1,27546,definition_replacement,2,1,Keeping Everyone Together,True
main-2026-09-24,1,27546,definition_replacement,3,1,Keeping Everyone Together,True
main-2026-09-24,1,27546,example_replacement,1,1,Pressing for Accuracy,True
main-2026-09-24,1,27546,example_replacement,2,1,Pressing for Accuracy,True
main-2026-09-24,1,27546,example_replacement,3,1,Pressing for Accuracy,True
main-2026-09-24,1,27546,exclusion_rule_replacement,1,1,Keeping Everyone Together,True
main-2026-09-24,1,27546,exclusion_rule_replacement,2,1,Keeping Everyone Together,True
main-2026-09-24,1,27546,exclusion_rule_replacement,3,1,Keeping Everyone Together,True
main-2026-09-24,1,27546,names_only,1,1,Pressing for Accuracy,True
main-2026-09-24,1,27546,names_only,2,1,Pressing for Accuracy,True
main-2026-09-24,1,27546,names_only,3,1,Pressing for Accuracy,True
main-2026-09-24,1,27546,negative_control,1,1,Keeping Everyone Together,True
main-2026-09-24,1,27546,negative_control,2,1,Keeping Everyone Together,True
main-2026-09-24,1,27546,negative_control,3,1,Keeping Everyone Together,True
main-2026-09-24,1,27992,baseline,1,1,Not coded,True
main-2026-09-24,1,27992,baseline,2,1,Not coded,True
main-2026-09-24,1,27992,baseline,3,1,Not coded,True
main-2026-09-24,1,27992,definition_replacement,1,1,Not coded,True
main-2026-09-24,1,27992,definition_replacement,2,1,Not coded,True
main-2026-09-24,1,27992,definition_replacement,3,1,Not coded,True
main-2026-09-24,1,27992,example_replacement,1,1,Not coded,True
main-2026-09-24,1,27992,example_replacement,2,1,Not coded,True
main-2026-09-24,1,27992,example_replacement,3,1,Not coded,True
main-2026-09-24,1,27992,exclusion_rule_replacement,1,1,Not coded,True
main-2026-09-24,1,27992,exclusion_rule_replacement,2,1,Not coded,True
main-2026-09-24,1,27992,exclusion_rule_replacement,3,1,Not coded,True
main-2026-09-24,1,27992,names_only,1,1,Not coded,True
main-2026-09-24,1,27992,names_only,2,1,Not coded,True
main-2026-09-24,1,27992,names_only,3,1,Not coded,True
main-2026-09-24,1,27992,negative_control,1,1,Not coded,True
main-2026-09-24,1,27992,negative_control,2,1,Not coded,True
main-2026-09-24,1,27992,negative_control,3,1,Not coded,True
main-2026-09-24,1,28267,baseline,1,1,Not coded,True
main-2026-09-24,1,28267,baseline,2,1,Not coded,True
main-2026-09-24,1,28267,baseline,3,1,Not coded,True
main-2026-09-24,1,28267,definition_replacement,1,1,Not coded,True
main-2026-09-24,1,28267,definition_replacement,2,1,Not coded,True
main-2026-09-24,1,28267,definition_replacement,3,1,Not coded,True
main-2026-09-24,1,28267,example_replacement,1,1,Not coded,True
main-2026-09-24,1,28267,example_replacement,2,1,Not coded,True
main-2026-09-24,1,28267,example_replacement,3,1,Not coded,True
main-2026-09-24,1,28267,exclusion_rule_replacement,1,1,Not coded,True
main-2026-09-24,1,28267,exclusion_rule_replacement,2,1,Not coded,True
main-2026-09-24,1,28267,exclusion_rule_replacement,3,1,Not coded,True
main-2026-09-24,1,28267,names_only,1,1,Not coded,True
main-2026-09-24,1,28267,names_only,2,1,Not coded,True
main-2026-09-24,1,28267,names_only,3,1,Not coded,True
main-2026-09-24,1,28267,negative_control,1,1,Not coded,True
main-2026-09-24,1,28267,negative_control,2,1,Not coded,True
main-2026-09-24,1,28267,negative_control,3,1,Not coded,True
main-2026-09-24,1,31516,baseline,1,1,Not coded,True
main-2026-09-24,1,31516,baseline,2,1,Not coded,True
main-2026-09-24,1,31516,baseline,3,1,Not coded,True
main-2026-09-24,1,31516,definition_replacement,1,1,Not coded,True
main-2026-09-24,1,31516,definition_replacement,2,1,Not coded,True
main-2026-09-24,1,31516,definition_replacement,3,1,Not coded,True
main-2026-09-24,1,31516,example_replacement,1,1,Not coded,True
main-2026-09-24,1,31516,example_replacement,2,1,Not coded,True
main-2026-09-24,1,31516,example_replacement,3,1,Not coded,True
main-2026-09-24,1,31516,exclusion_rule_replacement,1,1,Not coded,True
main-2026-09-24,1,31516,exclusion_rule_replacement,2,1,Not coded,True
main-2026-09-24,1,31516,exclusion_rule_replacement,3,1,Not coded,True
main-2026-09-24,1,31516,names_only,1,1,Not coded,True
main-2026-09-24,1,31516,names_only,2,1,Not coded,True
main-2026-09-24,1,31516,names_only,3,1,Not coded,True
main-2026-09-24,1,31516,negative_control,1,1,Not coded,True
main-2026-09-24,1,31516,negative_control,2,1,Not coded,True
main-2026-09-24,1,31516,negative_control,3,1,Not coded,True
main-2026-09-24,1,31766,baseline,1,1,Revoicing,True
main-2026-09-24,1,31766,baseline,2,1,Revoicing,True
main-2026-09-24,1,31766,baseline,3,1,Revoicing,True
main-2026-09-24,1,31766,definition_replacement,1,1,Revoicing,True
main-2026-09-24,1,31766,definition_replacement,2,1,Revoicing,True
main-2026-09-24,1,31766,definition_replacement,3,1,Revoicing,True
main-2026-09-24,1,31766,example_replacement,1,1,Revoicing,True
main-2026-09-24,1,31766,example_replacement,2,1,Revoicing,True
main-2026-09-24,1,31766,example_replacement,3,1,Revoicing,True
main-2026-09-24,1,31766,exclusion_rule_replacement,1,1,Revoicing,True
main-2026-09-24,1,31766,exclusion_rule_replacement,2,1,Revoicing,True
main-2026-09-24,1,31766,exclusion_rule_replacement,3,1,Revoicing,True
main-2026-09-24,1,31766,names_only,1,1,Revoicing,True
main-2026-09-24,1,31766,names_only,2,1,Revoicing,True
main-2026-09-24,1,31766,names_only,3,1,Revoicing,True
main-2026-09-24,1,31766,negative_control,1,1,Revoicing,True
main-2026-09-24,1,31766,negative_control,2,1,Revoicing,True
main-2026-09-24,1,31766,negative_control,3,1,Revoicing,True
main-2026-09-24,1,32728,baseline,1,1,Revoicing,True
main-2026-09-24,1,32728,baseline,2,1,Revoicing,True
main-2026-09-24,1,32728,baseline,3,1,Revoicing,True
main-2026-09-24,1,32728,definition_replacement,1,1,Revoicing,True
main-2026-09-24,1,32728,definition_replacement,2,1,Revoicing,True
main-2026-09-24,1,32728,definition_replacement,3,1,Revoicing,True
main-2026-09-24,1,32728,example_replacement,1,1,Revoicing,True
main-2026-09-24,1,32728,example_replacement,2,1,Revoicing,True
main-2026-09-24,1,32728,example_replacement,3,1,Revoicing,True
main-2026-09-24,1,32728,exclusion_rule_replacement,1,1,Revoicing,True
main-2026-09-24,1,32728,exclusion_rule_replacement,2,1,Revoicing,True
main-2026-09-24,1,32728,exclusion_rule_replacement,3,1,Revoicing,True
main-2026-09-24,1,32728,names_only,1,1,Restating,True
main-2026-09-24,1,32728,names_only,2,1,Restating,True
main-2026-09-24,1,32728,names_only,3,1,Restating,True
main-2026-09-24,1,32728,negative_control,1,1,Revoicing,True
main-2026-09-24,1,32728,negative_control,2,1,Revoicing,True
main-2026-09-24,1,32728,negative_control,3,1,Revoicing,True
main-2026-09-24,1,32920,baseline,1,1,Not coded,True
main-2026-09-24,1,32920,baseline,2,1,Not coded,True
main-2026-09-24,1,32920,baseline,3,1,Not coded,True
main-2026-09-24,1,32920,definition_replacement,1,1,Not coded,True
main-2026-09-24,1,32920,definition_replacement,2,1,Not coded,True
main-2026-09-24,1,32920,definition_replacement,3,1,Not coded,True
main-2026-09-24,1,32920,example_replacement,1,1,Not coded,True
main-2026-09-24,1,32920,example_replacement,2,1,Not coded,True
main-2026-09-24,1,32920,example_replacement,3,1,Not coded,True
main-2026-09-24,1,32920,exclusion_rule_replacement,1,1,Not coded,True
main-2026-09-24,1,32920,exclusion_rule_replacement,2,1,Not coded,True
main-2026-09-24,1,32920,exclusion_rule_replacement,3,1,Not coded,True
main-2026-09-24,1,32920,names_only,1,1,Keeping Everyone Together,True
main-2026-09-24,1,32920,names_only,2,1,Keeping Everyone Together,True
main-2026-09-24,1,32920,names_only,3,1,Keeping Everyone Together,True
main-2026-09-24,1,32920,negative_control,1,1,Not coded,True
main-2026-09-24,1,32920,negative_control,2,1,Not coded,True
main-2026-09-24,1,32920,negative_control,3,1,Not coded,True
main-2026-09-24,1,33032,baseline,1,1,Keeping Everyone Together,True
main-2026-09-24,1,33032,baseline,2,1,Keeping Everyone Together,True
main-2026-09-24,1,33032,baseline,3,1,Keeping Everyone Together,True
main-2026-09-24,1,33032,definition_replacement,1,1,Keeping Everyone Together,True
main-2026-09-24,1,33032,definition_replacement,2,1,Keeping Everyone Together,True
main-2026-09-24,1,33032,definition_replacement,3,1,Keeping Everyone Together,True
main-2026-09-24,1,33032,example_replacement,1,1,Keeping Everyone Together,True
main-2026-09-24,1,33032,example_replacement,2,1,Keeping Everyone Together,True
main-2026-09-24,1,33032,example_replacement,3,1,Keeping Everyone Together,True
main-2026-09-24,1,33032,exclusion_rule_replacement,1,1,Keeping Everyone Together,True
main-2026-09-24,1,33032,exclusion_rule_replacement,2,1,Keeping Everyone Together,True
main-2026-09-24,1,33032,exclusion_rule_replacement,3,1,Keeping Everyone Together,True
main-2026-09-24,1,33032,names_only,1,1,Keeping Everyone Together,True
main-2026-09-24,1,33032,names_only,2,1,Keeping Everyone Together,True
main-2026-09-24,1,33032,names_only,3,1,Keeping Everyone Together,True
main-2026-09-24,1,33032,negative_control,1,1,Keeping Everyone Together,True
main-2026-09-24,1,33032,negative_control,2,1,Keeping Everyone Together,True
main-2026-09-24,1,33032,negative_control,3,1,Keeping Everyone Together,True
main-2026-09-24,1,33814,baseline,1,1,Keeping Everyone Together,True
main-2026-09-24,1,33814,baseline,2,1,Keeping Everyone Together,True
main-2026-09-24,1,33814,baseline,3,1,Keeping Everyone Together,True
main-2026-09-24,1,33814,definition_replacement,1,1,Keeping Everyone Together,True
main-2026-09-24,1,33814,definition_replacement,2,1,Keeping Everyone Together,True
main-2026-09-24,1,33814,definition_replacement,3,1,Keeping Everyone Together,True
main-2026-09-24,1,33814,example_replacement,1,1,Keeping Everyone Together,True
main-2026-09-24,1,33814,example_replacement,2,1,Keeping Everyone Together,True
main-2026-09-24,1,33814,example_replacement,3,1,Keeping Everyone Together,True
main-2026-09-24,1,33814,exclusion_rule_replacement,1,1,Keeping Everyone Together,True
main-2026-09-24,1,33814,exclusion_rule_replacement,2,1,Keeping Everyone Together,True
main-2026-09-24,1,33814,exclusion_rule_replacement,3,1,Keeping Everyone Together,True
main-2026-09-24,1,33814,names_only,1,1,Not coded,True
main-2026-09-24,1,33814,names_only,2,1,Not coded,True
main-2026-09-24,1,33814,names_only,3,1,Not coded,True
main-2026-09-24,1,33814,negative_control,1,1,Keeping Everyone Together,True
main-2026-09-24,1,33814,negative_control,2,1,Keeping Everyone Together,True
main-2026-09-24,1,33814,negative_control,3,1,Keeping Everyone Together,True
main-2026-09-24,1,33931,baseline,1,1,Keeping Everyone Together,True
main-2026-09-24,1,33931,baseline,2,1,Keeping Everyone Together,True
main-2026-09-24,1,33931,baseline,3,1,Keeping Everyone Together,True
main-2026-09-24,1,33931,definition_replacement,1,1,Keeping Everyone Together,True
main-2026-09-24,1,33931,definition_replacement,2,1,Keeping Everyone Together,True
main-2026-09-24,1,33931,definition_replacement,3,1,Keeping Everyone Together,True
main-2026-09-24,1,33931,example_replacement,1,1,Keeping Everyone Together,True
main-2026-09-24,1,33931,example_replacement,2,1,Keeping Everyone Together,True
main-2026-09-24,1,33931,example_replacement,3,1,Keeping Everyone Together,True
main-2026-09-24,1,33931,exclusion_rule_replacement,1,1,Keeping Everyone Together,True
main-2026-09-24,1,33931,exclusion_rule_replacement,2,1,Keeping Everyone Together,True
main-2026-09-24,1,33931,exclusion_rule_replacement,3,1,Keeping Everyone Together,True
main-2026-09-24,1,33931,names_only,1,1,Not coded,True
main-2026-09-24,1,33931,names_only,2,1,Not coded,True
main-2026-09-24,1,33931,names_only,3,1,Not coded,True
main-2026-09-24,1,33931,negative_control,1,1,Keeping Everyone Together,True
main-2026-09-24,1,33931,negative_control,2,1,Keeping Everyone Together,True
main-2026-09-24,1,33931,negative_control,3,1,Keeping Everyone Together,True
main-2026-09-24,1,34042,baseline,1,1,Not coded,True
main-2026-09-24,1,34042,baseline,2,1,Not coded,True
main-2026-09-24,1,34042,baseline,3,1,Not coded,True
main-2026-09-24,1,34042,definition_replacement,1,1,Not coded,True
main-2026-09-24,1,34042,definition_replacement,2,1,Not coded,True
main-2026-09-24,1,34042,definition_replacement,3,1,Not coded,True
main-2026-09-24,1,34042,example_replacement,1,1,Not coded,True
main-2026-09-24,1,34042,example_replacement,2,1,Not coded,True
main-2026-09-24,1,34042,example_replacement,3,1,Not coded,True
main-2026-09-24,1,34042,exclusion_rule_replacement,1,1,Not coded,True
main-2026-09-24,1,34042,exclusion_rule_replacement,2,1,Not coded,True
main-2026-09-24,1,34042,exclusion_rule_replacement,3,1,Not coded,True
main-2026-09-24,1,34042,names_only,1,1,Not coded,True
main-2026-09-24,1,34042,names_only,2,1,Not coded,True
main-2026-09-24,1,34042,names_only,3,1,Not coded,True
main-2026-09-24,1,34042,negative_control,1,1,Not coded,True
main-2026-09-24,1,34042,negative_control,2,1,Not coded,True
main-2026-09-24,1,34042,negative_control,3,1,Not coded,True
main-2026-09-24,1,34796,baseline,1,1,Not coded,True
main-2026-09-24,1,34796,baseline,2,1,Not coded,True
main-2026-09-24,1,34796,baseline,3,1,Not coded,True
main-2026-09-24,1,34796,definition_replacement,1,1,Not coded,True
main-2026-09-24,1,34796,definition_replacement,2,1,Not coded,True
main-2026-09-24,1,34796,definition_replacement,3,1,Not coded,True
main-2026-09-24,1,34796,example_replacement,1,1,Not coded,True
main-2026-09-24,1,34796,example_replacement,2,1,Not coded,True
main-2026-09-24,1,34796,example_replacement,3,1,Not coded,True
main-2026-09-24,1,34796,exclusion_rule_replacement,1,1,Not coded,True
main-2026-09-24,1,34796,exclusion_rule_replacement,2,1,Not coded,True
main-2026-09-24,1,34796,exclusion_rule_replacement,3,1,Not coded,True
main-2026-09-24,1,34796,names_only,1,1,Not coded,True
main-2026-09-24,1,34796,names_only,2,1,Not coded,True
main-2026-09-24,1,34796,names_only,3,1,Not coded,True
main-2026-09-24,1,34796,negative_control,1,1,Not coded,True
main-2026-09-24,1,34796,negative_control,2,1,Not coded,True
main-2026-09-24,1,34796,negative_control,3,1,Not coded,True
main-2026-09-24,1,35993,baseline,1,1,Pressing for Accuracy,True
main-2026-09-24,1,35993,baseline,2,1,Pressing for Accuracy,True
main-2026-09-24,1,35993,baseline,3,1,Pressing for Accuracy,True
main-2026-09-24,1,35993,definition_replacement,1,1,Pressing for Accuracy,True
main-2026-09-24,1,35993,definition_replacement,2,1,Pressing for Accuracy,True
main-2026-09-24,1,35993,definition_replacement,3,1,Pressing for Accuracy,True
main-2026-09-24,1,35993,example_replacement,1,1,Pressing for Accuracy,True
main-2026-09-24,1,35993,example_replacement,2,1,Pressing for Accuracy,True
main-2026-09-24,1,35993,example_replacement,3,1,Pressing for Accuracy,True
main-2026-09-24,1,35993,exclusion_rule_replacement,1,1,Pressing for Accuracy,True
main-2026-09-24,1,35993,exclusion_rule_replacement,2,1,Pressing for Accuracy,True
main-2026-09-24,1,35993,exclusion_rule_replacement,3,1,Pressing for Accuracy,True
main-2026-09-24,1,35993,names_only,1,1,Pressing for Reasoning,True
main-2026-09-24,1,35993,names_only,2,1,Pressing for Reasoning,True
main-2026-09-24,1,35993,names_only,3,1,Pressing for Reasoning,True
main-2026-09-24,1,35993,negative_control,1,1,Pressing for Accuracy,True
main-2026-09-24,1,35993,negative_control,2,1,Pressing for Accuracy,True
main-2026-09-24,1,35993,negative_control,3,1,Pressing for Accuracy,True
main-2026-09-24,1,36050,baseline,1,1,Keeping Everyone Together,True
main-2026-09-24,1,36050,baseline,2,1,Keeping Everyone Together,True
main-2026-09-24,1,36050,baseline,3,1,Keeping Everyone Together,True
main-2026-09-24,1,36050,definition_replacement,1,1,Keeping Everyone Together,True
main-2026-09-24,1,36050,definition_replacement,2,1,Keeping Everyone Together,True
main-2026-09-24,1,36050,definition_replacement,3,1,Keeping Everyone Together,True
main-2026-09-24,1,36050,example_replacement,1,1,Keeping Everyone Together,True
main-2026-09-24,1,36050,example_replacement,2,1,Keeping Everyone Together,True
main-2026-09-24,1,36050,example_replacement,3,1,Keeping Everyone Together,True
main-2026-09-24,1,36050,exclusion_rule_replacement,1,1,Keeping Everyone Together,True
main-2026-09-24,1,36050,exclusion_rule_replacement,2,1,Keeping Everyone Together,True
main-2026-09-24,1,36050,exclusion_rule_replacement,3,1,Keeping Everyone Together,True
main-2026-09-24,1,36050,names_only,1,1,Keeping Everyone Together,True
main-2026-09-24,1,36050,names_only,2,1,Keeping Everyone Together,True
main-2026-09-24,1,36050,names_only,3,1,Keeping Everyone Together,True
main-2026-09-24,1,36050,negative_control,1,1,Keeping Everyone Together,True
main-2026-09-24,1,36050,negative_control,2,1,Keeping Everyone Together,True
main-2026-09-24,1,36050,negative_control,3,1,Keeping Everyone Together,True
main-2026-09-24,1,37287,baseline,1,1,Pressing for Reasoning,True
main-2026-09-24,1,37287,baseline,2,1,Pressing for Reasoning,True
main-2026-09-24,1,37287,baseline,3,1,Pressing for Reasoning,True
main-2026-09-24,1,37287,definition_replacement,1,1,Pressing for Reasoning,True
main-2026-09-24,1,37287,definition_replacement,2,1,Pressing for Reasoning,True
main-2026-09-24,1,37287,definition_replacement,3,1,Pressing for Reasoning,True
main-2026-09-24,1,37287,example_replacement,1,1,Pressing for Reasoning,True
main-2026-09-24,1,37287,example_replacement,2,1,Pressing for Reasoning,True
main-2026-09-24,1,37287,example_replacement,3,1,Pressing for Reasoning,True
main-2026-09-24,1,37287,exclusion_rule_replacement,1,1,Pressing for Reasoning,True
main-2026-09-24,1,37287,exclusion_rule_replacement,2,1,Pressing for Reasoning,True
main-2026-09-24,1,37287,exclusion_rule_replacement,3,1,Pressing for Reasoning,True
main-2026-09-24,1,37287,names_only,1,1,Pressing for Reasoning,True
main-2026-09-24,1,37287,names_only,2,1,Pressing for Reasoning,True
main-2026-09-24,1,37287,names_only,3,1,Pressing for Reasoning,True
main-2026-09-24,1,37287,negative_control,1,1,Pressing for Reasoning,True
main-2026-09-24,1,37287,negative_control,2,1,Pressing for Reasoning,True
main-2026-09-24,1,37287,negative_control,3,1,Pressing for Reasoning,True
main-2026-09-24,1,37587,baseline,1,1,Keeping Everyone Together,True
main-2026-09-24,1,37587,baseline,2,1,Keeping Everyone Together,True
main-2026-09-24,1,37587,baseline,3,1,Keeping Everyone Together,True
main-2026-09-24,1,37587,definition_replacement,1,1,Keeping Everyone Together,True
main-2026-09-24,1,37587,definition_replacement,2,1,Keeping Everyone Together,True
main-2026-09-24,1,37587,definition_replacement,3,1,Keeping Everyone Together,True
main-2026-09-24,1,37587,example_replacement,1,1,Keeping Everyone Together,True
main-2026-09-24,1,37587,example_replacement,2,1,Keeping Everyone Together,True
main-2026-09-24,1,37587,example_replacement,3,1,Keeping Everyone Together,True
main-2026-09-24,1,37587,exclusion_rule_replacement,1,1,Keeping Everyone Together,True
main-2026-09-24,1,37587,exclusion_rule_replacement,2,1,Keeping Everyone Together,True
main-2026-09-24,1,37587,exclusion_rule_replacement,3,1,Keeping Everyone Together,True
main-2026-09-24,1,37587,names_only,1,1,Keeping Everyone Together,True
main-2026-09-24,1,37587,names_only,2,1,Keeping Everyone Together,True
main-2026-09-24,1,37587,names_only,3,1,Keeping Everyone Together,True
main-2026-09-24,1,37587,negative_control,1,1,Keeping Everyone Together,True
main-2026-09-24,1,37587,negative_control,2,1,Keeping Everyone Together,True
main-2026-09-24,1,37587,negative_control,3,1,Keeping Everyone Together,True
main-2026-09-24,1,38218,baseline,1,1,Not coded,True
main-2026-09-24,1,38218,baseline,2,1,Not coded,True
main-2026-09-24,1,38218,baseline,3,1,Not coded,True
main-2026-09-24,1,38218,definition_replacement,1,1,Not coded,True
main-2026-09-24,1,38218,definition_replacement,2,1,Not coded,True
main-2026-09-24,1,38218,definition_replacement,3,1,Not coded,True
main-2026-09-24,1,38218,example_replacement,1,1,Not coded,True
main-2026-09-24,1,38218,example_replacement,2,1,Not coded,True
main-2026-09-24,1,38218,example_replacement,3,1,Not coded,True
main-2026-09-24,1,38218,exclusion_rule_replacement,1,1,Not coded,True
main-2026-09-24,1,38218,exclusion_rule_replacement,2,1,Not coded,True
main-2026-09-24,1,38218,exclusion_rule_replacement,3,1,Not coded,True
main-2026-09-24,1,38218,names_only,1,1,Not coded,True
main-2026-09-24,1,38218,names_only,2,1,Not coded,True
main-2026-09-24,1,38218,names_only,3,1,Not coded,True
main-2026-09-24,1,38218,negative_control,1,1,Not coded,True
main-2026-09-24,1,38218,negative_control,2,1,Not coded,True
main-2026-09-24,1,38218,negative_control,3,1,Not coded,True
main-2026-09-24,1,38443,baseline,1,1,Revoicing,True
main-2026-09-24,1,38443,baseline,2,1,Restating,True
main-2026-09-24,1,38443,baseline,3,1,Restating,True
main-2026-09-24,1,38443,definition_replacement,1,1,Restating,True
main-2026-09-24,1,38443,definition_replacement,2,1,Restating,True
main-2026-09-24,1,38443,definition_replacement,3,1,Restating,True
main-2026-09-24,1,38443,example_replacement,1,1,Revoicing,True
main-2026-09-24,1,38443,example_replacement,2,1,Revoicing,True
main-2026-09-24,1,38443,example_replacement,3,1,Restating,True
main-2026-09-24,1,38443,exclusion_rule_replacement,1,1,Restating,True
main-2026-09-24,1,38443,exclusion_rule_replacement,2,1,Revoicing,True
main-2026-09-24,1,38443,exclusion_rule_replacement,3,1,Revoicing,True
main-2026-09-24,1,38443,names_only,1,1,Restating,True
main-2026-09-24,1,38443,names_only,2,1,Restating,True
main-2026-09-24,1,38443,names_only,3,1,Restating,True
main-2026-09-24,1,38443,negative_control,1,1,Revoicing,True
main-2026-09-24,1,38443,negative_control,2,1,Restating,True
main-2026-09-24,1,38443,negative_control,3,1,Revoicing,True
main-2026-09-24,1,38847,baseline,1,1,Pressing for Accuracy,True
main-2026-09-24,1,38847,baseline,2,1,Pressing for Accuracy,True
main-2026-09-24,1,38847,baseline,3,1,Pressing for Accuracy,True
main-2026-09-24,1,38847,definition_replacement,1,1,Pressing for Accuracy,True
main-2026-09-24,1,38847,definition_replacement,2,1,Pressing for Accuracy,True
main-2026-09-24,1,38847,definition_replacement,3,1,Pressing for Accuracy,True
main-2026-09-24,1,38847,example_replacement,1,1,Pressing for Accuracy,True
main-2026-09-24,1,38847,example_replacement,2,1,Pressing for Accuracy,True
main-2026-09-24,1,38847,example_replacement,3,1,Pressing for Accuracy,True
main-2026-09-24,1,38847,exclusion_rule_replacement,1,1,Pressing for Accuracy,True
main-2026-09-24,1,38847,exclusion_rule_replacement,2,1,Pressing for Accuracy,True
main-2026-09-24,1,38847,exclusion_rule_replacement,3,1,Pressing for Accuracy,True
main-2026-09-24,1,38847,names_only,1,1,Pressing for Reasoning,True
main-2026-09-24,1,38847,names_only,2,1,Pressing for Reasoning,True
main-2026-09-24,1,38847,names_only,3,1,Pressing for Reasoning,True
main-2026-09-24,1,38847,negative_control,1,1,Pressing for Accuracy,True
main-2026-09-24,1,38847,negative_control,2,1,Pressing for Accuracy,True
main-2026-09-24,1,38847,negative_control,3,1,Pressing for Accuracy,True
main-2026-09-24,1,40591,baseline,1,1,Pressing for Accuracy,True
main-2026-09-24,1,40591,baseline,2,1,Pressing for Accuracy,True
main-2026-09-24,1,40591,baseline,3,1,Pressing for Accuracy,True
main-2026-09-24,1,40591,definition_replacement,1,1,Pressing for Accuracy,True
main-2026-09-24,1,40591,definition_replacement,2,1,Pressing for Accuracy,True
main-2026-09-24,1,40591,definition_replacement,3,1,Pressing for Accuracy,True
main-2026-09-24,1,40591,example_replacement,1,1,Pressing for Accuracy,True
main-2026-09-24,1,40591,example_replacement,2,1,Pressing for Accuracy,True
main-2026-09-24,1,40591,example_replacement,3,1,Pressing for Accuracy,True
main-2026-09-24,1,40591,exclusion_rule_replacement,1,1,Pressing for Accuracy,True
main-2026-09-24,1,40591,exclusion_rule_replacement,2,1,Pressing for Accuracy,True
main-2026-09-24,1,40591,exclusion_rule_replacement,3,1,Pressing for Accuracy,True
main-2026-09-24,1,40591,names_only,1,1,Pressing for Accuracy,True
main-2026-09-24,1,40591,names_only,2,1,Pressing for Accuracy,True
main-2026-09-24,1,40591,names_only,3,1,Pressing for Accuracy,True
main-2026-09-24,1,40591,negative_control,1,1,Pressing for Accuracy,True
main-2026-09-24,1,40591,negative_control,2,1,Pressing for Accuracy,True
main-2026-09-24,1,40591,negative_control,3,1,Pressing for Accuracy,True
main-2026-09-24,1,40770,baseline,1,1,Restating,True
main-2026-09-24,1,40770,baseline,2,1,Restating,True
main-2026-09-24,1,40770,baseline,3,1,Restating,True
main-2026-09-24,1,40770,definition_replacement,1,1,Restating,True
main-2026-09-24,1,40770,definition_replacement,2,1,Restating,True
main-2026-09-24,1,40770,definition_replacement,3,1,Restating,True
main-2026-09-24,1,40770,example_replacement,1,1,Restating,True
main-2026-09-24,1,40770,example_replacement,2,1,Restating,True
main-2026-09-24,1,40770,example_replacement,3,1,Restating,True
main-2026-09-24,1,40770,exclusion_rule_replacement,1,1,Restating,True
main-2026-09-24,1,40770,exclusion_rule_replacement,2,1,Restating,True
main-2026-09-24,1,40770,exclusion_rule_replacement,3,1,Restating,True
main-2026-09-24,1,40770,names_only,1,1,Restating,True
main-2026-09-24,1,40770,names_only,2,1,Restating,True
main-2026-09-24,1,40770,names_only,3,1,Restating,True
main-2026-09-24,1,40770,negative_control,1,1,Restating,True
main-2026-09-24,1,40770,negative_control,2,1,Restating,True
main-2026-09-24,1,40770,negative_control,3,1,Restating,True
main-2026-09-24,1,41446,baseline,1,1,Not coded,True
main-2026-09-24,1,41446,baseline,2,1,Not coded,True
main-2026-09-24,1,41446,baseline,3,1,Not coded,True
main-2026-09-24,1,41446,definition_replacement,1,1,Not coded,True
main-2026-09-24,1,41446,definition_replacement,2,1,Not coded,True
main-2026-09-24,1,41446,definition_replacement,3,1,Not coded,True
main-2026-09-24,1,41446,example_replacement,1,1,Not coded,True
main-2026-09-24,1,41446,example_replacement,2,1,Not coded,True
main-2026-09-24,1,41446,example_replacement,3,1,Not coded,True
main-2026-09-24,1,41446,exclusion_rule_replacement,1,1,Not coded,True
main-2026-09-24,1,41446,exclusion_rule_replacement,2,1,Not coded,True
main-2026-09-24,1,41446,exclusion_rule_replacement,3,1,Not coded,True
main-2026-09-24,1,41446,names_only,1,1,Not coded,True
main-2026-09-24,1,41446,names_only,2,1,Not coded,True
main-2026-09-24,1,41446,names_only,3,1,Not coded,True
main-2026-09-24,1,41446,negative_control,1,1,Not coded,True
main-2026-09-24,1,41446,negative_control,2,1,Not coded,True
main-2026-09-24,1,41446,negative_control,3,1,Not coded,True
main-2026-09-24,1,43070,baseline,1,1,Not coded,True
main-2026-09-24,1,43070,baseline,2,1,Not coded,True
main-2026-09-24,1,43070,baseline,3,1,Not coded,True
main-2026-09-24,1,43070,definition_replacement,1,1,Not coded,True
main-2026-09-24,1,43070,definition_replacement,2,1,Not coded,True
main-2026-09-24,1,43070,definition_replacement,3,1,Not coded,True
main-2026-09-24,1,43070,example_replacement,1,1,Not coded,True
main-2026-09-24,1,43070,example_replacement,2,1,Not coded,True
main-2026-09-24,1,43070,example_replacement,3,1,Not coded,True
main-2026-09-24,1,43070,exclusion_rule_replacement,1,1,Not coded,True
main-2026-09-24,1,43070,exclusion_rule_replacement,2,1,Not coded,True
main-2026-09-24,1,43070,exclusion_rule_replacement,3,1,Not coded,True
main-2026-09-24,1,43070,names_only,1,1,Not coded,True
main-2026-09-24,1,43070,names_only,2,1,Not coded,True
main-2026-09-24,1,43070,names_only,3,1,Not coded,True
main-2026-09-24,1,43070,negative_control,1,1,Not coded,True
main-2026-09-24,1,43070,negative_control,2,1,Not coded,True
main-2026-09-24,1,43070,negative_control,3,1,Not coded,True
main-2026-09-24,1,45010,baseline,1,1,Pressing for Accuracy,True
main-2026-09-24,1,45010,baseline,2,1,Pressing for Accuracy,True
main-2026-09-24,1,45010,baseline,3,1,Pressing for Accuracy,True
main-2026-09-24,1,45010,definition_replacement,1,1,Pressing for Accuracy,True
main-2026-09-24,1,45010,definition_replacement,2,1,Pressing for Accuracy,True
main-2026-09-24,1,45010,definition_replacement,3,1,Pressing for Accuracy,True
main-2026-09-24,1,45010,example_replacement,1,1,Pressing for Accuracy,True
main-2026-09-24,1,45010,example_replacement,2,1,Pressing for Accuracy,True
main-2026-09-24,1,45010,example_replacement,3,1,Pressing for Accuracy,True
main-2026-09-24,1,45010,exclusion_rule_replacement,1,1,Pressing for Accuracy,True
main-2026-09-24,1,45010,exclusion_rule_replacement,2,1,Pressing for Accuracy,True
main-2026-09-24,1,45010,exclusion_rule_replacement,3,1,Pressing for Accuracy,True
main-2026-09-24,1,45010,names_only,1,1,Not coded,True
main-2026-09-24,1,45010,names_only,2,1,Not coded,True
main-2026-09-24,1,45010,names_only,3,1,Not coded,True
main-2026-09-24,1,45010,negative_control,1,1,Pressing for Accuracy,True
main-2026-09-24,1,45010,negative_control,2,1,Pressing for Accuracy,True
main-2026-09-24,1,45010,negative_control,3,1,Pressing for Accuracy,True
main-2026-09-24,1,45372,baseline,1,1,Keeping Everyone Together,True
main-2026-09-24,1,45372,baseline,2,1,Keeping Everyone Together,True
main-2026-09-24,1,45372,baseline,3,1,Keeping Everyone Together,True
main-2026-09-24,1,45372,definition_replacement,1,1,Keeping Everyone Together,True
main-2026-09-24,1,45372,definition_replacement,2,1,Keeping Everyone Together,True
main-2026-09-24,1,45372,definition_replacement,3,1,Keeping Everyone Together,True
main-2026-09-24,1,45372,example_replacement,1,1,Keeping Everyone Together,True
main-2026-09-24,1,45372,example_replacement,2,1,Keeping Everyone Together,True
main-2026-09-24,1,45372,example_replacement,3,1,Keeping Everyone Together,True
main-2026-09-24,1,45372,exclusion_rule_replacement,1,1,Keeping Everyone Together,True
main-2026-09-24,1,45372,exclusion_rule_replacement,2,1,Keeping Everyone Together,True
main-2026-09-24,1,45372,exclusion_rule_replacement,3,1,Keeping Everyone Together,True
main-2026-09-24,1,45372,names_only,1,1,Keeping Everyone Together,True
main-2026-09-24,1,45372,names_only,2,1,Keeping Everyone Together,True
main-2026-09-24,1,45372,names_only,3,1,Keeping Everyone Together,True
main-2026-09-24,1,45372,negative_control,1,1,Keeping Everyone Together,True
main-2026-09-24,1,45372,negative_control,2,1,Keeping Everyone Together,True
main-2026-09-24,1,45372,negative_control,3,1,Keeping Everyone Together,True
main-2026-09-24,1,45919,baseline,1,1,Getting Students to Relate,True
main-2026-09-24,1,45919,baseline,2,1,Getting Students to Relate,True
main-2026-09-24,1,45919,baseline,3,1,Getting Students to Relate,True
main-2026-09-24,1,45919,definition_replacement,1,1,Getting Students to Relate,True
main-2026-09-24,1,45919,definition_replacement,2,1,Getting Students to Relate,True
main-2026-09-24,1,45919,definition_replacement,3,1,Getting Students to Relate,True
main-2026-09-24,1,45919,example_replacement,1,1,Keeping Everyone Together,True
main-2026-09-24,1,45919,example_replacement,2,1,Keeping Everyone Together,True
main-2026-09-24,1,45919,example_replacement,3,1,Keeping Everyone Together,True
main-2026-09-24,1,45919,exclusion_rule_replacement,1,1,Getting Students to Relate,True
main-2026-09-24,1,45919,exclusion_rule_replacement,2,1,Getting Students to Relate,True
main-2026-09-24,1,45919,exclusion_rule_replacement,3,1,Getting Students to Relate,True
main-2026-09-24,1,45919,names_only,1,1,Getting Students to Relate,True
main-2026-09-24,1,45919,names_only,2,1,Getting Students to Relate,True
main-2026-09-24,1,45919,names_only,3,1,Getting Students to Relate,True
main-2026-09-24,1,45919,negative_control,1,1,Getting Students to Relate,True
main-2026-09-24,1,45919,negative_control,2,1,Keeping Everyone Together,True
main-2026-09-24,1,45919,negative_control,3,1,Getting Students to Relate,True
main-2026-09-24,1,46381,baseline,1,1,Pressing for Accuracy,True
main-2026-09-24,1,46381,baseline,2,1,Pressing for Accuracy,True
main-2026-09-24,1,46381,baseline,3,1,Pressing for Accuracy,True
main-2026-09-24,1,46381,definition_replacement,1,1,Pressing for Accuracy,True
main-2026-09-24,1,46381,definition_replacement,2,1,Pressing for Accuracy,True
main-2026-09-24,1,46381,definition_replacement,3,1,Pressing for Accuracy,True
main-2026-09-24,1,46381,example_replacement,1,1,Pressing for Accuracy,True
main-2026-09-24,1,46381,example_replacement,2,1,Pressing for Accuracy,True
main-2026-09-24,1,46381,example_replacement,3,1,Pressing for Accuracy,True
main-2026-09-24,1,46381,exclusion_rule_replacement,1,1,Pressing for Accuracy,True
main-2026-09-24,1,46381,exclusion_rule_replacement,2,1,Pressing for Accuracy,True
main-2026-09-24,1,46381,exclusion_rule_replacement,3,1,Pressing for Accuracy,True
main-2026-09-24,1,46381,names_only,1,1,Keeping Everyone Together,True
main-2026-09-24,1,46381,names_only,2,1,Keeping Everyone Together,True
main-2026-09-24,1,46381,names_only,3,1,Keeping Everyone Together,True
main-2026-09-24,1,46381,negative_control,1,1,Pressing for Accuracy,True
main-2026-09-24,1,46381,negative_control,2,1,Pressing for Accuracy,True
main-2026-09-24,1,46381,negative_control,3,1,Pressing for Accuracy,True
main-2026-09-24,1,46777,baseline,1,1,Not coded,True
main-2026-09-24,1,46777,baseline,2,1,Not coded,True
main-2026-09-24,1,46777,baseline,3,1,Not coded,True
main-2026-09-24,1,46777,definition_replacement,1,1,Not coded,True
main-2026-09-24,1,46777,definition_replacement,2,1,Not coded,True
main-2026-09-24,1,46777,definition_replacement,3,1,Not coded,True
main-2026-09-24,1,46777,example_replacement,1,1,Not coded,True
main-2026-09-24,1,46777,example_replacement,2,1,Not coded,True
main-2026-09-24,1,46777,example_replacement,3,1,Not coded,True
main-2026-09-24,1,46777,exclusion_rule_replacement,1,1,Pressing for Accuracy,True
main-2026-09-24,1,46777,exclusion_rule_replacement,2,1,Pressing for Accuracy,True
main-2026-09-24,1,46777,exclusion_rule_replacement,3,1,Pressing for Accuracy,True
main-2026-09-24,1,46777,names_only,1,1,Keeping Everyone Together,True
main-2026-09-24,1,46777,names_only,2,1,Keeping Everyone Together,True
main-2026-09-24,1,46777,names_only,3,1,Keeping Everyone Together,True
main-2026-09-24,1,46777,negative_control,1,1,Not coded,True
main-2026-09-24,1,46777,negative_control,2,1,Not coded,True
main-2026-09-24,1,46777,negative_control,3,1,Not coded,True
main-2026-09-24,1,49457,baseline,1,1,Pressing for Reasoning,True
main-2026-09-24,1,49457,baseline,2,1,Pressing for Reasoning,True
main-2026-09-24,1,49457,baseline,3,1,Pressing for Reasoning,True
main-2026-09-24,1,49457,definition_replacement,1,1,Pressing for Reasoning,True
main-2026-09-24,1,49457,definition_replacement,2,1,Pressing for Reasoning,True
main-2026-09-24,1,49457,definition_replacement,3,1,Pressing for Reasoning,True
main-2026-09-24,1,49457,example_replacement,1,1,Pressing for Reasoning,True
main-2026-09-24,1,49457,example_replacement,2,1,Pressing for Reasoning,True
main-2026-09-24,1,49457,example_replacement,3,1,Pressing for Reasoning,True
main-2026-09-24,1,49457,exclusion_rule_replacement,1,1,Pressing for Reasoning,True
main-2026-09-24,1,49457,exclusion_rule_replacement,2,1,Pressing for Reasoning,True
main-2026-09-24,1,49457,exclusion_rule_replacement,3,1,Pressing for Reasoning,True
main-2026-09-24,1,49457,names_only,1,1,Pressing for Reasoning,True
main-2026-09-24,1,49457,names_only,2,1,Pressing for Reasoning,True
main-2026-09-24,1,49457,names_only,3,1,Pressing for Reasoning,True
main-2026-09-24,1,49457,negative_control,1,1,Pressing for Reasoning,True
main-2026-09-24,1,49457,negative_control,2,1,Pressing for Reasoning,True
main-2026-09-24,1,49457,negative_control,3,1,Pressing for Reasoning,True
main-2026-09-24,1,54107,baseline,1,1,Not coded,True
main-2026-09-24,1,54107,baseline,2,1,Not coded,True
main-2026-09-24,1,54107,baseline,3,1,Not coded,True
main-2026-09-24,1,54107,definition_replacement,1,1,Not coded,True
main-2026-09-24,1,54107,definition_replacement,2,1,Not coded,True
main-2026-09-24,1,54107,definition_replacement,3,1,Not coded,True
main-2026-09-24,1,54107,example_replacement,1,1,Not coded,True
main-2026-09-24,1,54107,example_replacement,2,1,Not coded,True
main-2026-09-24,1,54107,example_replacement,3,1,Not coded,True
main-2026-09-24,1,54107,exclusion_rule_replacement,1,1,Not coded,True
main-2026-09-24,1,54107,exclusion_rule_replacement,2,1,Not coded,True
main-2026-09-24,1,54107,exclusion_rule_replacement,3,1,Not coded,True
main-2026-09-24,1,54107,names_only,1,1,Not coded,True
main-2026-09-24,1,54107,names_only,2,1,Not coded,True
main-2026-09-24,1,54107,names_only,3,1,Not coded,True
main-2026-09-24,1,54107,negative_control,1,1,Not coded,True
main-2026-09-24,1,54107,negative_control,2,1,Not coded,True
main-2026-09-24,1,54107,negative_control,3,1,Not coded,True
main-2026-09-24,1,54297,baseline,1,1,Pressing for Accuracy,True
main-2026-09-24,1,54297,baseline,2,1,Pressing for Accuracy,True
main-2026-09-24,1,54297,baseline,3,1,Pressing for Accuracy,True
main-2026-09-24,1,54297,definition_replacement,1,1,Pressing for Accuracy,True
main-2026-09-24,1,54297,definition_replacement,2,1,Pressing for Accuracy,True
main-2026-09-24,1,54297,definition_replacement,3,1,Pressing for Accuracy,True
main-2026-09-24,1,54297,example_replacement,1,1,Pressing for Accuracy,True
main-2026-09-24,1,54297,example_replacement,2,1,Pressing for Accuracy,True
main-2026-09-24,1,54297,example_replacement,3,1,Pressing for Accuracy,True
main-2026-09-24,1,54297,exclusion_rule_replacement,1,1,Pressing for Accuracy,True
main-2026-09-24,1,54297,exclusion_rule_replacement,2,1,Pressing for Accuracy,True
main-2026-09-24,1,54297,exclusion_rule_replacement,3,1,Pressing for Accuracy,True
main-2026-09-24,1,54297,names_only,1,1,Pressing for Reasoning,True
main-2026-09-24,1,54297,names_only,2,1,Pressing for Accuracy,True
main-2026-09-24,1,54297,names_only,3,1,Not coded,True
main-2026-09-24,1,54297,negative_control,1,1,Pressing for Accuracy,True
main-2026-09-24,1,54297,negative_control,2,1,Pressing for Accuracy,True
main-2026-09-24,1,54297,negative_control,3,1,Pressing for Accuracy,True
main-2026-09-24,1,55737,baseline,1,1,Not coded,True
main-2026-09-24,1,55737,baseline,2,1,Keeping Everyone Together,True
main-2026-09-24,1,55737,baseline,3,1,Keeping Everyone Together,True
main-2026-09-24,1,55737,definition_replacement,1,1,Not coded,True
main-2026-09-24,1,55737,definition_replacement,2,1,Not coded,True
main-2026-09-24,1,55737,definition_replacement,3,1,Not coded,True
main-2026-09-24,1,55737,example_replacement,1,1,Keeping Everyone Together,True
main-2026-09-24,1,55737,example_replacement,2,1,Keeping Everyone Together,True
main-2026-09-24,1,55737,example_replacement,3,1,Keeping Everyone Together,True
main-2026-09-24,1,55737,exclusion_rule_replacement,1,1,Keeping Everyone Together,True
main-2026-09-24,1,55737,exclusion_rule_replacement,2,1,Keeping Everyone Together,True
main-2026-09-24,1,55737,exclusion_rule_replacement,3,1,Keeping Everyone Together,True
main-2026-09-24,1,55737,names_only,1,1,Keeping Everyone Together,True
main-2026-09-24,1,55737,names_only,2,1,Keeping Everyone Together,True
main-2026-09-24,1,55737,names_only,3,1,Keeping Everyone Together,True
main-2026-09-24,1,55737,negative_control,1,1,Not coded,True
main-2026-09-24,1,55737,negative_control,2,1,Not coded,True
main-2026-09-24,1,55737,negative_control,3,1,Not coded,True
main-2026-09-24,1,57582,baseline,1,1,Not coded,True
main-2026-09-24,1,57582,baseline,2,1,Not coded,True
main-2026-09-24,1,57582,baseline,3,1,Not coded,True
main-2026-09-24,1,57582,definition_replacement,1,1,Not coded,True
main-2026-09-24,1,57582,definition_replacement,2,1,Not coded,True
main-2026-09-24,1,57582,definition_replacement,3,1,Not coded,True
main-2026-09-24,1,57582,example_replacement,1,1,Not coded,True
main-2026-09-24,1,57582,example_replacement,2,1,Not coded,True
main-2026-09-24,1,57582,example_replacement,3,1,Not coded,True
main-2026-09-24,1,57582,exclusion_rule_replacement,1,1,Not coded,True
main-2026-09-24,1,57582,exclusion_rule_replacement,2,1,Not coded,True
main-2026-09-24,1,57582,exclusion_rule_replacement,3,1,Not coded,True
main-2026-09-24,1,57582,names_only,1,1,Not coded,True
main-2026-09-24,1,57582,names_only,2,1,Not coded,True
main-2026-09-24,1,57582,names_only,3,1,Not coded,True
main-2026-09-24,1,57582,negative_control,1,1,Not coded,True
main-2026-09-24,1,57582,negative_control,2,1,Not coded,True
main-2026-09-24,1,57582,negative_control,3,1,Not coded,True
main-2026-09-24,1,57608,baseline,1,1,Pressing for Accuracy,True
main-2026-09-24,1,57608,baseline,2,1,Pressing for Accuracy,True
main-2026-09-24,1,57608,baseline,3,1,Pressing for Accuracy,True
main-2026-09-24,1,57608,definition_replacement,1,1,Pressing for Accuracy,True
main-2026-09-24,1,57608,definition_replacement,2,1,Pressing for Accuracy,True
main-2026-09-24,1,57608,definition_replacement,3,1,Pressing for Accuracy,True
main-2026-09-24,1,57608,example_replacement,1,1,Pressing for Accuracy,True
main-2026-09-24,1,57608,example_replacement,2,1,Pressing for Accuracy,True
main-2026-09-24,1,57608,example_replacement,3,1,Pressing for Accuracy,True
main-2026-09-24,1,57608,exclusion_rule_replacement,1,1,Pressing for Accuracy,True
main-2026-09-24,1,57608,exclusion_rule_replacement,2,1,Pressing for Accuracy,True
main-2026-09-24,1,57608,exclusion_rule_replacement,3,1,Pressing for Accuracy,True
main-2026-09-24,1,57608,names_only,1,1,Not coded,True
main-2026-09-24,1,57608,names_only,2,1,Not coded,True
main-2026-09-24,1,57608,names_only,3,1,Not coded,True
main-2026-09-24,1,57608,negative_control,1,1,Pressing for Accuracy,True
main-2026-09-24,1,57608,negative_control,2,1,Pressing for Accuracy,True
main-2026-09-24,1,57608,negative_control,3,1,Pressing for Accuracy,True
main-2026-09-24,1,57992,baseline,1,1,Keeping Everyone Together,True
main-2026-09-24,1,57992,baseline,2,1,Keeping Everyone Together,True
main-2026-09-24,1,57992,baseline,3,1,Keeping Everyone Together,True
main-2026-09-24,1,57992,definition_replacement,1,1,Keeping Everyone Together,True
main-2026-09-24,1,57992,definition_replacement,2,1,Keeping Everyone Together,True
main-2026-09-24,1,57992,definition_replacement,3,1,Keeping Everyone Together,True
main-2026-09-24,1,57992,example_replacement,1,1,Keeping Everyone Together,True
main-2026-09-24,1,57992,example_replacement,2,1,Keeping Everyone Together,True
main-2026-09-24,1,57992,example_replacement,3,1,Keeping Everyone Together,True
main-2026-09-24,1,57992,exclusion_rule_replacement,1,1,Keeping Everyone Together,True
main-2026-09-24,1,57992,exclusion_rule_replacement,2,1,Keeping Everyone Together,True
main-2026-09-24,1,57992,exclusion_rule_replacement,3,1,Keeping Everyone Together,True
main-2026-09-24,1,57992,names_only,1,1,Keeping Everyone Together,True
main-2026-09-24,1,57992,names_only,2,1,Keeping Everyone Together,True
main-2026-09-24,1,57992,names_only,3,1,Keeping Everyone Together,True
main-2026-09-24,1,57992,negative_control,1,1,Keeping Everyone Together,True
main-2026-09-24,1,57992,negative_control,2,1,Keeping Everyone Together,True
main-2026-09-24,1,57992,negative_control,3,1,Keeping Everyone Together,True
main-2026-09-24,1,58728,baseline,1,1,Keeping Everyone Together,True
main-2026-09-24,1,58728,baseline,2,1,Keeping Everyone Together,True
main-2026-09-24,1,58728,baseline,3,1,Keeping Everyone Together,True
main-2026-09-24,1,58728,definition_replacement,1,1,Keeping Everyone Together,True
main-2026-09-24,1,58728,definition_replacement,2,1,Keeping Everyone Together,True
main-2026-09-24,1,58728,definition_replacement,3,1,Keeping Everyone Together,True
main-2026-09-24,1,58728,example_replacement,1,1,Pressing for Accuracy,True
main-2026-09-24,1,58728,example_replacement,2,1,Pressing for Accuracy,True
main-2026-09-24,1,58728,example_replacement,3,1,Pressing for Accuracy,True
main-2026-09-24,1,58728,exclusion_rule_replacement,1,1,Keeping Everyone Together,True
main-2026-09-24,1,58728,exclusion_rule_replacement,2,1,Keeping Everyone Together,True
main-2026-09-24,1,58728,exclusion_rule_replacement,3,1,Pressing for Accuracy,True
main-2026-09-24,1,58728,names_only,1,1,Pressing for Accuracy,True
main-2026-09-24,1,58728,names_only,2,1,Pressing for Accuracy,True
main-2026-09-24,1,58728,names_only,3,1,Pressing for Accuracy,True
main-2026-09-24,1,58728,negative_control,1,1,Keeping Everyone Together,True
main-2026-09-24,1,58728,negative_control,2,1,Keeping Everyone Together,True
main-2026-09-24,1,58728,negative_control,3,1,Keeping Everyone Together,True
main-2026-09-24,1,59102,baseline,1,1,Pressing for Accuracy,True
main-2026-09-24,1,59102,baseline,2,1,Pressing for Accuracy,True
main-2026-09-24,1,59102,baseline,3,1,Pressing for Accuracy,True
main-2026-09-24,1,59102,definition_replacement,1,1,Pressing for Accuracy,True
main-2026-09-24,1,59102,definition_replacement,2,1,Pressing for Accuracy,True
main-2026-09-24,1,59102,definition_replacement,3,1,Pressing for Accuracy,True
main-2026-09-24,1,59102,example_replacement,1,1,Pressing for Accuracy,True
main-2026-09-24,1,59102,example_replacement,2,1,Pressing for Accuracy,True
main-2026-09-24,1,59102,example_replacement,3,1,Pressing for Accuracy,True
main-2026-09-24,1,59102,exclusion_rule_replacement,1,1,Pressing for Accuracy,True
main-2026-09-24,1,59102,exclusion_rule_replacement,2,1,Pressing for Accuracy,True
main-2026-09-24,1,59102,exclusion_rule_replacement,3,1,Pressing for Accuracy,True
main-2026-09-24,1,59102,names_only,1,1,Pressing for Accuracy,True
main-2026-09-24,1,59102,names_only,2,1,Pressing for Accuracy,True
main-2026-09-24,1,59102,names_only,3,1,Pressing for Accuracy,True
main-2026-09-24,1,59102,negative_control,1,1,Pressing for Accuracy,True
main-2026-09-24,1,59102,negative_control,2,1,Pressing for Accuracy,True
main-2026-09-24,1,59102,negative_control,3,1,Pressing for Accuracy,True
main-2026-09-24,1,59477,baseline,1,1,Pressing for Accuracy,True
main-2026-09-24,1,59477,baseline,2,1,Pressing for Accuracy,True
main-2026-09-24,1,59477,baseline,3,1,Pressing for Accuracy,True
main-2026-09-24,1,59477,definition_replacement,1,1,Pressing for Accuracy,True
main-2026-09-24,1,59477,definition_replacement,2,1,Pressing for Accuracy,True
main-2026-09-24,1,59477,definition_replacement,3,1,Pressing for Accuracy,True
main-2026-09-24,1,59477,example_replacement,1,1,Pressing for Accuracy,True
main-2026-09-24,1,59477,example_replacement,2,1,Pressing for Accuracy,True
main-2026-09-24,1,59477,example_replacement,3,1,Pressing for Accuracy,True
main-2026-09-24,1,59477,exclusion_rule_replacement,1,1,Pressing for Accuracy,True
main-2026-09-24,1,59477,exclusion_rule_replacement,2,1,Pressing for Accuracy,True
main-2026-09-24,1,59477,exclusion_rule_replacement,3,1,Pressing for Accuracy,True
main-2026-09-24,1,59477,names_only,1,1,Pressing for Accuracy,True
main-2026-09-24,1,59477,names_only,2,1,Pressing for Accuracy,True
main-2026-09-24,1,59477,names_only,3,1,Pressing for Accuracy,True
main-2026-09-24,1,59477,negative_control,1,1,Pressing for Accuracy,True
main-2026-09-24,1,59477,negative_control,2,1,Pressing for Accuracy,True
main-2026-09-24,1,59477,negative_control,3,1,Pressing for Accuracy,True
main-2026-09-24,1,60904,baseline,1,1,Not coded,True
main-2026-09-24,1,60904,baseline,2,1,Not coded,True
main-2026-09-24,1,60904,baseline,3,1,Not coded,True
main-2026-09-24,1,60904,definition_replacement,1,1,Not coded,True
main-2026-09-24,1,60904,definition_replacement,2,1,Not coded,True
main-2026-09-24,1,60904,definition_replacement,3,1,Not coded,True
main-2026-09-24,1,60904,example_replacement,1,1,Not coded,True
main-2026-09-24,1,60904,example_replacement,2,1,Not coded,True
main-2026-09-24,1,60904,example_replacement,3,1,Not coded,True
main-2026-09-24,1,60904,exclusion_rule_replacement,1,1,Not coded,True
main-2026-09-24,1,60904,exclusion_rule_replacement,2,1,Not coded,True
main-2026-09-24,1,60904,exclusion_rule_replacement,3,1,Not coded,True
main-2026-09-24,1,60904,names_only,1,1,Not coded,True
main-2026-09-24,1,60904,names_only,2,1,Not coded,True
main-2026-09-24,1,60904,names_only,3,1,Not coded,True
main-2026-09-24,1,60904,negative_control,1,1,Not coded,True
main-2026-09-24,1,60904,negative_control,2,1,Not coded,True
main-2026-09-24,1,60904,negative_control,3,1,Not coded,True
main-2026-09-24,1,61167,baseline,1,1,Not coded,True
main-2026-09-24,1,61167,baseline,2,1,Not coded,True
main-2026-09-24,1,61167,baseline,3,1,Not coded,True
main-2026-09-24,1,61167,definition_replacement,1,1,Not coded,True
main-2026-09-24,1,61167,definition_replacement,2,1,Not coded,True
main-2026-09-24,1,61167,definition_replacement,3,1,Not coded,True
main-2026-09-24,1,61167,example_replacement,1,1,Not coded,True
main-2026-09-24,1,61167,example_replacement,2,1,Not coded,True
main-2026-09-24,1,61167,example_replacement,3,1,Not coded,True
main-2026-09-24,1,61167,exclusion_rule_replacement,1,1,Not coded,True
main-2026-09-24,1,61167,exclusion_rule_replacement,2,1,Not coded,True
main-2026-09-24,1,61167,exclusion_rule_replacement,3,1,Not coded,True
main-2026-09-24,1,61167,names_only,1,1,Not coded,True
main-2026-09-24,1,61167,names_only,2,1,Not coded,True
main-2026-09-24,1,61167,names_only,3,1,Not coded,True
main-2026-09-24,1,61167,negative_control,1,1,Not coded,True
main-2026-09-24,1,61167,negative_control,2,1,Not coded,True
main-2026-09-24,1,61167,negative_control,3,1,Not coded,True
main-2026-09-24,1,62230,baseline,1,1,Not coded,True
main-2026-09-24,1,62230,baseline,2,1,Not coded,True
main-2026-09-24,1,62230,baseline,3,1,Not coded,True
main-2026-09-24,1,62230,definition_replacement,1,1,Not coded,True
main-2026-09-24,1,62230,definition_replacement,2,1,Not coded,True
main-2026-09-24,1,62230,definition_replacement,3,1,Not coded,True
main-2026-09-24,1,62230,example_replacement,1,1,Not coded,True
main-2026-09-24,1,62230,example_replacement,2,1,Not coded,True
main-2026-09-24,1,62230,example_replacement,3,1,Not coded,True
main-2026-09-24,1,62230,exclusion_rule_replacement,1,1,Not coded,True
main-2026-09-24,1,62230,exclusion_rule_replacement,2,1,Not coded,True
main-2026-09-24,1,62230,exclusion_rule_replacement,3,1,Not coded,True
main-2026-09-24,1,62230,names_only,1,1,Not coded,True
main-2026-09-24,1,62230,names_only,2,1,Not coded,True
main-2026-09-24,1,62230,names_only,3,1,Not coded,True
main-2026-09-24,1,62230,negative_control,1,1,Not coded,True
main-2026-09-24,1,62230,negative_control,2,1,Not coded,True
main-2026-09-24,1,62230,negative_control,3,1,Not coded,True
main-2026-09-24,1,62701,baseline,1,1,Not coded,True
main-2026-09-24,1,62701,baseline,2,1,Not coded,True
main-2026-09-24,1,62701,baseline,3,1,Not coded,True
main-2026-09-24,1,62701,definition_replacement,1,1,Not coded,True
main-2026-09-24,1,62701,definition_replacement,2,1,Not coded,True
main-2026-09-24,1,62701,definition_replacement,3,1,Not coded,True
main-2026-09-24,1,62701,example_replacement,1,1,Not coded,True
main-2026-09-24,1,62701,example_replacement,2,1,Not coded,True
main-2026-09-24,1,62701,example_replacement,3,1,Not coded,True
main-2026-09-24,1,62701,exclusion_rule_replacement,1,1,Not coded,True
main-2026-09-24,1,62701,exclusion_rule_replacement,2,1,Not coded,True
main-2026-09-24,1,62701,exclusion_rule_replacement,3,1,Not coded,True
main-2026-09-24,1,62701,names_only,1,1,Keeping Everyone Together,True
main-2026-09-24,1,62701,names_only,2,1,Keeping Everyone Together,True
main-2026-09-24,1,62701,names_only,3,1,Keeping Everyone Together,True
main-2026-09-24,1,62701,negative_control,1,1,Not coded,True
main-2026-09-24,1,62701,negative_control,2,1,Not coded,True
main-2026-09-24,1,62701,negative_control,3,1,Not coded,True
main-2026-09-24,1,63159,baseline,1,1,Keeping Everyone Together,True
main-2026-09-24,1,63159,baseline,2,1,Keeping Everyone Together,True
main-2026-09-24,1,63159,baseline,3,1,Keeping Everyone Together,True
main-2026-09-24,1,63159,definition_replacement,1,1,Keeping Everyone Together,True
main-2026-09-24,1,63159,definition_replacement,2,1,Keeping Everyone Together,True
main-2026-09-24,1,63159,definition_replacement,3,1,Keeping Everyone Together,True
main-2026-09-24,1,63159,example_replacement,1,1,Keeping Everyone Together,True
main-2026-09-24,1,63159,example_replacement,2,1,Keeping Everyone Together,True
main-2026-09-24,1,63159,example_replacement,3,1,Keeping Everyone Together,True
main-2026-09-24,1,63159,exclusion_rule_replacement,1,1,Keeping Everyone Together,True
main-2026-09-24,1,63159,exclusion_rule_replacement,2,1,Keeping Everyone Together,True
main-2026-09-24,1,63159,exclusion_rule_replacement,3,1,Keeping Everyone Together,True
main-2026-09-24,1,63159,names_only,1,1,Keeping Everyone Together,True
main-2026-09-24,1,63159,names_only,2,1,Keeping Everyone Together,True
main-2026-09-24,1,63159,names_only,3,1,Keeping Everyone Together,True
main-2026-09-24,1,63159,negative_control,1,1,Keeping Everyone Together,True
main-2026-09-24,1,63159,negative_control,2,1,Keeping Everyone Together,True
main-2026-09-24,1,63159,negative_control,3,1,Keeping Everyone Together,True
main-2026-09-24,1,63193,baseline,1,1,Not coded,True
main-2026-09-24,1,63193,baseline,2,1,Not coded,True
main-2026-09-24,1,63193,baseline,3,1,Not coded,True
main-2026-09-24,1,63193,definition_replacement,1,1,Not coded,True
main-2026-09-24,1,63193,definition_replacement,2,1,Not coded,True
main-2026-09-24,1,63193,definition_replacement,3,1,Not coded,True
main-2026-09-24,1,63193,example_replacement,1,1,Not coded,True
main-2026-09-24,1,63193,example_replacement,2,1,Not coded,True
main-2026-09-24,1,63193,example_replacement,3,1,Not coded,True
main-2026-09-24,1,63193,exclusion_rule_replacement,1,1,Keeping Everyone Together,True
main-2026-09-24,1,63193,exclusion_rule_replacement,2,1,Keeping Everyone Together,True
main-2026-09-24,1,63193,exclusion_rule_replacement,3,1,Keeping Everyone Together,True
main-2026-09-24,1,63193,names_only,1,1,Not coded,True
main-2026-09-24,1,63193,names_only,2,1,Not coded,True
main-2026-09-24,1,63193,names_only,3,1,Not coded,True
main-2026-09-24,1,63193,negative_control,1,1,Not coded,True
main-2026-09-24,1,63193,negative_control,2,1,Not coded,True
main-2026-09-24,1,63193,negative_control,3,1,Not coded,True
main-2026-09-24,1,63732,baseline,1,1,Pressing for Reasoning,True
main-2026-09-24,1,63732,baseline,2,1,Pressing for Reasoning,True
main-2026-09-24,1,63732,baseline,3,1,Pressing for Reasoning,True
main-2026-09-24,1,63732,definition_replacement,1,1,Pressing for Reasoning,True
main-2026-09-24,1,63732,definition_replacement,2,1,Pressing for Accuracy,True
main-2026-09-24,1,63732,definition_replacement,3,1,Pressing for Accuracy,True
main-2026-09-24,1,63732,example_replacement,1,1,Pressing for Reasoning,True
main-2026-09-24,1,63732,example_replacement,2,1,Pressing for Reasoning,True
main-2026-09-24,1,63732,example_replacement,3,1,Pressing for Reasoning,True
main-2026-09-24,1,63732,exclusion_rule_replacement,1,1,Pressing for Reasoning,True
main-2026-09-24,1,63732,exclusion_rule_replacement,2,1,Pressing for Reasoning,True
main-2026-09-24,1,63732,exclusion_rule_replacement,3,1,Pressing for Reasoning,True
main-2026-09-24,1,63732,names_only,1,1,Not coded,True
main-2026-09-24,1,63732,names_only,2,1,Not coded,True
main-2026-09-24,1,63732,names_only,3,1,Not coded,True
main-2026-09-24,1,63732,negative_control,1,1,Pressing for Reasoning,True
main-2026-09-24,1,63732,negative_control,2,1,Pressing for Reasoning,True
main-2026-09-24,1,63732,negative_control,3,1,Pressing for Reasoning,True
main-2026-09-24,1,64836,baseline,1,1,Not coded,True
main-2026-09-24,1,64836,baseline,2,1,Not coded,True
main-2026-09-24,1,64836,baseline,3,1,Not coded,True
main-2026-09-24,1,64836,definition_replacement,1,1,Not coded,True
main-2026-09-24,1,64836,definition_replacement,2,1,Not coded,True
main-2026-09-24,1,64836,definition_replacement,3,1,Not coded,True
main-2026-09-24,1,64836,example_replacement,1,1,Not coded,True
main-2026-09-24,1,64836,example_replacement,2,1,Not coded,True
main-2026-09-24,1,64836,example_replacement,3,1,Not coded,True
main-2026-09-24,1,64836,exclusion_rule_replacement,1,1,Not coded,True
main-2026-09-24,1,64836,exclusion_rule_replacement,2,1,Not coded,True
main-2026-09-24,1,64836,exclusion_rule_replacement,3,1,Not coded,True
main-2026-09-24,1,64836,names_only,1,1,Not coded,True
main-2026-09-24,1,64836,names_only,2,1,Not coded,True
main-2026-09-24,1,64836,names_only,3,1,Not coded,True
main-2026-09-24,1,64836,negative_control,1,1,Not coded,True
main-2026-09-24,1,64836,negative_control,2,1,Not coded,True
main-2026-09-24,1,64836,negative_control,3,1,Not coded,True
main-2026-09-24,1,65613,baseline,1,1,Not coded,True
main-2026-09-24,1,65613,baseline,2,1,Not coded,True
main-2026-09-24,1,65613,baseline,3,1,Not coded,True
main-2026-09-24,1,65613,definition_replacement,1,1,Not coded,True
main-2026-09-24,1,65613,definition_replacement,2,1,Not coded,True
main-2026-09-24,1,65613,definition_replacement,3,1,Not coded,True
main-2026-09-24,1,65613,example_replacement,1,1,Not coded,True
main-2026-09-24,1,65613,example_replacement,2,1,Not coded,True
main-2026-09-24,1,65613,example_replacement,3,1,Not coded,True
main-2026-09-24,1,65613,exclusion_rule_replacement,1,1,Not coded,True
main-2026-09-24,1,65613,exclusion_rule_replacement,2,1,Not coded,True
main-2026-09-24,1,65613,exclusion_rule_replacement,3,1,Not coded,True
main-2026-09-24,1,65613,names_only,1,1,Not coded,True
main-2026-09-24,1,65613,names_only,2,1,Not coded,True
main-2026-09-24,1,65613,names_only,3,1,Not coded,True
main-2026-09-24,1,65613,negative_control,1,1,Not coded,True
main-2026-09-24,1,65613,negative_control,2,1,Not coded,True
main-2026-09-24,1,65613,negative_control,3,1,Not coded,True
main-2026-09-24,1,65942,baseline,1,1,Not coded,True
main-2026-09-24,1,65942,baseline,2,1,Not coded,True
main-2026-09-24,1,65942,baseline,3,1,Not coded,True
main-2026-09-24,1,65942,definition_replacement,1,1,Not coded,True
main-2026-09-24,1,65942,definition_replacement,2,1,Not coded,True
main-2026-09-24,1,65942,definition_replacement,3,1,Not coded,True
main-2026-09-24,1,65942,example_replacement,1,1,Not coded,True
main-2026-09-24,1,65942,example_replacement,2,1,Not coded,True
main-2026-09-24,1,65942,example_replacement,3,1,Not coded,True
main-2026-09-24,1,65942,exclusion_rule_replacement,1,1,Not coded,True
main-2026-09-24,1,65942,exclusion_rule_replacement,2,1,Not coded,True
main-2026-09-24,1,65942,exclusion_rule_replacement,3,1,Not coded,True
main-2026-09-24,1,65942,names_only,1,1,Not coded,True
main-2026-09-24,1,65942,names_only,2,1,Not coded,True
main-2026-09-24,1,65942,names_only,3,1,Not coded,True
main-2026-09-24,1,65942,negative_control,1,1,Not coded,True
main-2026-09-24,1,65942,negative_control,2,1,Not coded,True
main-2026-09-24,1,65942,negative_control,3,1,Not coded,True
main-2026-09-24,1,65977,baseline,1,1,Not coded,True
main-2026-09-24,1,65977,baseline,2,1,Not coded,True
main-2026-09-24,1,65977,baseline,3,1,Not coded,True
main-2026-09-24,1,65977,definition_replacement,1,1,Not coded,True
main-2026-09-24,1,65977,definition_replacement,2,1,Not coded,True
main-2026-09-24,1,65977,definition_replacement,3,1,Not coded,True
main-2026-09-24,1,65977,example_replacement,1,1,Not coded,True
main-2026-09-24,1,65977,example_replacement,2,1,Not coded,True
main-2026-09-24,1,65977,example_replacement,3,1,Not coded,True
main-2026-09-24,1,65977,exclusion_rule_replacement,1,1,Not coded,True
main-2026-09-24,1,65977,exclusion_rule_replacement,2,1,Not coded,True
main-2026-09-24,1,65977,exclusion_rule_replacement,3,1,Not coded,True
main-2026-09-24,1,65977,names_only,1,1,Not coded,True
main-2026-09-24,1,65977,names_only,2,1,Not coded,True
main-2026-09-24,1,65977,names_only,3,1,Not coded,True
main-2026-09-24,1,65977,negative_control,1,1,Not coded,True
main-2026-09-24,1,65977,negative_control,2,1,Not coded,True
main-2026-09-24,1,65977,negative_control,3,1,Not coded,True
main-2026-09-24,1,66094,baseline,1,1,Pressing for Accuracy,True
main-2026-09-24,1,66094,baseline,2,1,Pressing for Accuracy,True
main-2026-09-24,1,66094,baseline,3,1,Pressing for Accuracy,True
main-2026-09-24,1,66094,definition_replacement,1,1,Pressing for Accuracy,True
main-2026-09-24,1,66094,definition_replacement,2,1,Pressing for Accuracy,True
main-2026-09-24,1,66094,definition_replacement,3,1,Pressing for Reasoning,True
main-2026-09-24,1,66094,example_replacement,1,1,Pressing for Accuracy,True
main-2026-09-24,1,66094,example_replacement,2,1,Pressing for Accuracy,True
main-2026-09-24,1,66094,example_replacement,3,1,Pressing for Accuracy,True
main-2026-09-24,1,66094,exclusion_rule_replacement,1,1,Pressing for Accuracy,True
main-2026-09-24,1,66094,exclusion_rule_replacement,2,1,Pressing for Accuracy,True
main-2026-09-24,1,66094,exclusion_rule_replacement,3,1,Pressing for Accuracy,True
main-2026-09-24,1,66094,names_only,1,1,Pressing for Reasoning,True
main-2026-09-24,1,66094,names_only,2,1,Pressing for Reasoning,True
main-2026-09-24,1,66094,names_only,3,1,Pressing for Reasoning,True
main-2026-09-24,1,66094,negative_control,1,1,Pressing for Accuracy,True
main-2026-09-24,1,66094,negative_control,2,1,Pressing for Accuracy,True
main-2026-09-24,1,66094,negative_control,3,1,Pressing for Accuracy,True
main-2026-09-24,1,66433,baseline,1,1,Not coded,True
main-2026-09-24,1,66433,baseline,2,1,Not coded,True
main-2026-09-24,1,66433,baseline,3,1,Not coded,True
main-2026-09-24,1,66433,definition_replacement,1,1,Not coded,True
main-2026-09-24,1,66433,definition_replacement,2,1,Not coded,True
main-2026-09-24,1,66433,definition_replacement,3,1,Not coded,True
main-2026-09-24,1,66433,example_replacement,1,1,Restating,True
main-2026-09-24,1,66433,example_replacement,2,1,Not coded,True
main-2026-09-24,1,66433,example_replacement,3,1,Not coded,True
main-2026-09-24,1,66433,exclusion_rule_replacement,1,1,Not coded,True
main-2026-09-24,1,66433,exclusion_rule_replacement,2,1,Not coded,True
main-2026-09-24,1,66433,exclusion_rule_replacement,3,1,Not coded,True
main-2026-09-24,1,66433,names_only,1,1,Restating,True
main-2026-09-24,1,66433,names_only,2,1,Restating,True
main-2026-09-24,1,66433,names_only,3,1,Restating,True
main-2026-09-24,1,66433,negative_control,1,1,Not coded,True
main-2026-09-24,1,66433,negative_control,2,1,Not coded,True
main-2026-09-24,1,66433,negative_control,3,1,Not coded,True
main-2026-09-24,1,67676,baseline,1,1,Keeping Everyone Together,True
main-2026-09-24,1,67676,baseline,2,1,Keeping Everyone Together,True
main-2026-09-24,1,67676,baseline,3,1,Keeping Everyone Together,True
main-2026-09-24,1,67676,definition_replacement,1,1,Keeping Everyone Together,True
main-2026-09-24,1,67676,definition_replacement,2,1,Keeping Everyone Together,True
main-2026-09-24,1,67676,definition_replacement,3,1,Keeping Everyone Together,True
main-2026-09-24,1,67676,example_replacement,1,1,Keeping Everyone Together,True
main-2026-09-24,1,67676,example_replacement,2,1,Keeping Everyone Together,True
main-2026-09-24,1,67676,example_replacement,3,1,Keeping Everyone Together,True
main-2026-09-24,1,67676,exclusion_rule_replacement,1,1,Keeping Everyone Together,True
main-2026-09-24,1,67676,exclusion_rule_replacement,2,1,Keeping Everyone Together,True
main-2026-09-24,1,67676,exclusion_rule_replacement,3,1,Keeping Everyone Together,True
main-2026-09-24,1,67676,names_only,1,1,Keeping Everyone Together,True
main-2026-09-24,1,67676,names_only,2,1,Keeping Everyone Together,True
main-2026-09-24,1,67676,names_only,3,1,Keeping Everyone Together,True
main-2026-09-24,1,67676,negative_control,1,1,Keeping Everyone Together,True
main-2026-09-24,1,67676,negative_control,2,1,Keeping Everyone Together,True
main-2026-09-24,1,67676,negative_control,3,1,Keeping Everyone Together,True
main-2026-09-24,1,67751,baseline,1,1,Not coded,True
main-2026-09-24,1,67751,baseline,2,1,Not coded,True
main-2026-09-24,1,67751,baseline,3,1,Not coded,True
main-2026-09-24,1,67751,definition_replacement,1,1,Not coded,True
main-2026-09-24,1,67751,definition_replacement,2,1,Not coded,True
main-2026-09-24,1,67751,definition_replacement,3,1,Not coded,True
main-2026-09-24,1,67751,example_replacement,1,1,Not coded,True
main-2026-09-24,1,67751,example_replacement,2,1,Not coded,True
main-2026-09-24,1,67751,example_replacement,3,1,Not coded,True
main-2026-09-24,1,67751,exclusion_rule_replacement,1,1,Not coded,True
main-2026-09-24,1,67751,exclusion_rule_replacement,2,1,Not coded,True
main-2026-09-24,1,67751,exclusion_rule_replacement,3,1,Not coded,True
main-2026-09-24,1,67751,names_only,1,1,Not coded,True
main-2026-09-24,1,67751,names_only,2,1,Not coded,True
main-2026-09-24,1,67751,names_only,3,1,Not coded,True
main-2026-09-24,1,67751,negative_control,1,1,Not coded,True
main-2026-09-24,1,67751,negative_control,2,1,Not coded,True
main-2026-09-24,1,67751,negative_control,3,1,Not coded,True
main-2026-09-24,1,67905,baseline,1,1,Pressing for Accuracy,True
main-2026-09-24,1,67905,baseline,2,1,Pressing for Accuracy,True
main-2026-09-24,1,67905,baseline,3,1,Pressing for Accuracy,True
main-2026-09-24,1,67905,definition_replacement,1,1,Pressing for Accuracy,True
main-2026-09-24,1,67905,definition_replacement,2,1,Pressing for Accuracy,True
main-2026-09-24,1,67905,definition_replacement,3,1,Pressing for Accuracy,True
main-2026-09-24,1,67905,example_replacement,1,1,Pressing for Accuracy,True
main-2026-09-24,1,67905,example_replacement,2,1,Pressing for Accuracy,True
main-2026-09-24,1,67905,example_replacement,3,1,Pressing for Accuracy,True
main-2026-09-24,1,67905,exclusion_rule_replacement,1,1,Pressing for Accuracy,True
main-2026-09-24,1,67905,exclusion_rule_replacement,2,1,Pressing for Accuracy,True
main-2026-09-24,1,67905,exclusion_rule_replacement,3,1,Pressing for Accuracy,True
main-2026-09-24,1,67905,names_only,1,1,Pressing for Accuracy,True
main-2026-09-24,1,67905,names_only,2,1,Not coded,True
main-2026-09-24,1,67905,names_only,3,1,Pressing for Accuracy,True
main-2026-09-24,1,67905,negative_control,1,1,Pressing for Accuracy,True
main-2026-09-24,1,67905,negative_control,2,1,Pressing for Accuracy,True
main-2026-09-24,1,67905,negative_control,3,1,Pressing for Accuracy,True
main-2026-09-24,1,68068,baseline,1,1,Not coded,True
main-2026-09-24,1,68068,baseline,2,1,Not coded,True
main-2026-09-24,1,68068,baseline,3,1,Not coded,True
main-2026-09-24,1,68068,definition_replacement,1,1,Not coded,True
main-2026-09-24,1,68068,definition_replacement,2,1,Not coded,True
main-2026-09-24,1,68068,definition_replacement,3,1,Not coded,True
main-2026-09-24,1,68068,example_replacement,1,1,Not coded,True
main-2026-09-24,1,68068,example_replacement,2,1,Not coded,True
main-2026-09-24,1,68068,example_replacement,3,1,Not coded,True
main-2026-09-24,1,68068,exclusion_rule_replacement,1,1,Not coded,True
main-2026-09-24,1,68068,exclusion_rule_replacement,2,1,Not coded,True
main-2026-09-24,1,68068,exclusion_rule_replacement,3,1,Not coded,True
main-2026-09-24,1,68068,names_only,1,1,Not coded,True
main-2026-09-24,1,68068,names_only,2,1,Not coded,True
main-2026-09-24,1,68068,names_only,3,1,Not coded,True
main-2026-09-24,1,68068,negative_control,1,1,Not coded,True
main-2026-09-24,1,68068,negative_control,2,1,Not coded,True
main-2026-09-24,1,68068,negative_control,3,1,Not coded,True
main-2026-09-24,1,69259,baseline,1,1,Revoicing,True
main-2026-09-24,1,69259,baseline,2,1,Revoicing,True
main-2026-09-24,1,69259,baseline,3,1,Revoicing,True
main-2026-09-24,1,69259,definition_replacement,1,1,Revoicing,True
main-2026-09-24,1,69259,definition_replacement,2,1,Revoicing,True
main-2026-09-24,1,69259,definition_replacement,3,1,Not coded,True
main-2026-09-24,1,69259,example_replacement,1,1,Revoicing,True
main-2026-09-24,1,69259,example_replacement,2,1,Revoicing,True
main-2026-09-24,1,69259,example_replacement,3,1,Revoicing,True
main-2026-09-24,1,69259,exclusion_rule_replacement,1,1,Revoicing,True
main-2026-09-24,1,69259,exclusion_rule_replacement,2,1,Revoicing,True
main-2026-09-24,1,69259,exclusion_rule_replacement,3,1,Revoicing,True
main-2026-09-24,1,69259,names_only,1,1,Restating,True
main-2026-09-24,1,69259,names_only,2,1,Restating,True
main-2026-09-24,1,69259,names_only,3,1,Restating,True
main-2026-09-24,1,69259,negative_control,1,1,Revoicing,True
main-2026-09-24,1,69259,negative_control,2,1,Revoicing,True
main-2026-09-24,1,69259,negative_control,3,1,Revoicing,True
main-2026-09-24,1,69317,baseline,1,1,Pressing for Reasoning,True
main-2026-09-24,1,69317,baseline,2,1,Pressing for Reasoning,True
main-2026-09-24,1,69317,baseline,3,1,Pressing for Reasoning,True
main-2026-09-24,1,69317,definition_replacement,1,1,Pressing for Reasoning,True
main-2026-09-24,1,69317,definition_replacement,2,1,Pressing for Reasoning,True
main-2026-09-24,1,69317,definition_replacement,3,1,Pressing for Reasoning,True
main-2026-09-24,1,69317,example_replacement,1,1,Pressing for Reasoning,True
main-2026-09-24,1,69317,example_replacement,2,1,Pressing for Reasoning,True
main-2026-09-24,1,69317,example_replacement,3,1,Pressing for Reasoning,True
main-2026-09-24,1,69317,exclusion_rule_replacement,1,1,Pressing for Reasoning,True
main-2026-09-24,1,69317,exclusion_rule_replacement,2,1,Pressing for Reasoning,True
main-2026-09-24,1,69317,exclusion_rule_replacement,3,1,Pressing for Reasoning,True
main-2026-09-24,1,69317,names_only,1,1,Pressing for Reasoning,True
main-2026-09-24,1,69317,names_only,2,1,Pressing for Reasoning,True
main-2026-09-24,1,69317,names_only,3,1,Pressing for Reasoning,True
main-2026-09-24,1,69317,negative_control,1,1,Pressing for Reasoning,True
main-2026-09-24,1,69317,negative_control,2,1,Pressing for Reasoning,True
main-2026-09-24,1,69317,negative_control,3,1,Pressing for Reasoning,True
main-2026-09-24,1,69631,baseline,1,1,Not coded,True
main-2026-09-24,1,69631,baseline,2,1,Not coded,True
main-2026-09-24,1,69631,baseline,3,1,Not coded,True
main-2026-09-24,1,69631,definition_replacement,1,1,Not coded,True
main-2026-09-24,1,69631,definition_replacement,2,1,Not coded,True
main-2026-09-24,1,69631,definition_replacement,3,1,Not coded,True
main-2026-09-24,1,69631,example_replacement,1,1,Keeping Everyone Together,True
main-2026-09-24,1,69631,example_replacement,2,1,Keeping Everyone Together,True
main-2026-09-24,1,69631,example_replacement,3,1,Keeping Everyone Together,True
main-2026-09-24,1,69631,exclusion_rule_replacement,1,1,Keeping Everyone Together,True
main-2026-09-24,1,69631,exclusion_rule_replacement,2,1,Keeping Everyone Together,True
main-2026-09-24,1,69631,exclusion_rule_replacement,3,1,Keeping Everyone Together,True
main-2026-09-24,1,69631,names_only,1,1,Keeping Everyone Together,True
main-2026-09-24,1,69631,names_only,2,1,Keeping Everyone Together,True
main-2026-09-24,1,69631,names_only,3,1,Keeping Everyone Together,True
main-2026-09-24,1,69631,negative_control,1,1,Not coded,True
main-2026-09-24,1,69631,negative_control,2,1,Keeping Everyone Together,True
main-2026-09-24,1,69631,negative_control,3,1,Keeping Everyone Together,True
main-2026-09-24,1,69771,baseline,1,1,Not coded,True
main-2026-09-24,1,69771,baseline,2,1,Not coded,True
main-2026-09-24,1,69771,baseline,3,1,Not coded,True
main-2026-09-24,1,69771,definition_replacement,1,1,Not coded,True
main-2026-09-24,1,69771,definition_replacement,2,1,Not coded,True
main-2026-09-24,1,69771,definition_replacement,3,1,Not coded,True
main-2026-09-24,1,69771,example_replacement,1,1,Keeping Everyone Together,True
main-2026-09-24,1,69771,example_replacement,2,1,Keeping Everyone Together,True
main-2026-09-24,1,69771,example_replacement,3,1,Keeping Everyone Together,True
main-2026-09-24,1,69771,exclusion_rule_replacement,1,1,Keeping Everyone Together,True
main-2026-09-24,1,69771,exclusion_rule_replacement,2,1,Keeping Everyone Together,True
main-2026-09-24,1,69771,exclusion_rule_replacement,3,1,Keeping Everyone Together,True
main-2026-09-24,1,69771,names_only,1,1,Keeping Everyone Together,True
main-2026-09-24,1,69771,names_only,2,1,Keeping Everyone Together,True
main-2026-09-24,1,69771,names_only,3,1,Keeping Everyone Together,True
main-2026-09-24,1,69771,negative_control,1,1,Keeping Everyone Together,True
main-2026-09-24,1,69771,negative_control,2,1,Keeping Everyone Together,True
main-2026-09-24,1,69771,negative_control,3,1,Keeping Everyone Together,True
main-2026-09-24,1,69978,baseline,1,1,Not coded,True
main-2026-09-24,1,69978,baseline,2,1,Not coded,True
main-2026-09-24,1,69978,baseline,3,1,Not coded,True
main-2026-09-24,1,69978,definition_replacement,1,1,Not coded,True
main-2026-09-24,1,69978,definition_replacement,2,1,Not coded,True
main-2026-09-24,1,69978,definition_replacement,3,1,Not coded,True
main-2026-09-24,1,69978,example_replacement,1,1,Not coded,True
main-2026-09-24,1,69978,example_replacement,2,1,Not coded,True
main-2026-09-24,1,69978,example_replacement,3,1,Not coded,True
main-2026-09-24,1,69978,exclusion_rule_replacement,1,1,Not coded,True
main-2026-09-24,1,69978,exclusion_rule_replacement,2,1,Not coded,True
main-2026-09-24,1,69978,exclusion_rule_replacement,3,1,Not coded,True
main-2026-09-24,1,69978,names_only,1,1,Not coded,True
main-2026-09-24,1,69978,names_only,2,1,Not coded,True
main-2026-09-24,1,69978,names_only,3,1,Not coded,True
main-2026-09-24,1,69978,negative_control,1,1,Not coded,True
main-2026-09-24,1,69978,negative_control,2,1,Not coded,True
main-2026-09-24,1,69978,negative_control,3,1,Not coded,True
main-2026-09-24,1,70158,baseline,1,1,Not coded,True
main-2026-09-24,1,70158,baseline,2,1,Not coded,True
main-2026-09-24,1,70158,baseline,3,1,Not coded,True
main-2026-09-24,1,70158,definition_replacement,1,1,Not coded,True
main-2026-09-24,1,70158,definition_replacement,2,1,Not coded,True
main-2026-09-24,1,70158,definition_replacement,3,1,Not coded,True
main-2026-09-24,1,70158,example_replacement,1,1,Not coded,True
main-2026-09-24,1,70158,example_replacement,2,1,Not coded,True
main-2026-09-24,1,70158,example_replacement,3,1,Not coded,True
main-2026-09-24,1,70158,exclusion_rule_replacement,1,1,Not coded,True
main-2026-09-24,1,70158,exclusion_rule_replacement,2,1,Not coded,True
main-2026-09-24,1,70158,exclusion_rule_replacement,3,1,Not coded,True
main-2026-09-24,1,70158,names_only,1,1,Keeping Everyone Together,True
main-2026-09-24,1,70158,names_only,2,1,Keeping Everyone Together,True
main-2026-09-24,1,70158,names_only,3,1,Keeping Everyone Together,True
main-2026-09-24,1,70158,negative_control,1,1,Not coded,True
main-2026-09-24,1,70158,negative_control,2,1,Not coded,True
main-2026-09-24,1,70158,negative_control,3,1,Not coded,True
main-2026-09-24,1,70496,baseline,1,1,Not coded,True
main-2026-09-24,1,70496,baseline,2,1,Not coded,True
main-2026-09-24,1,70496,baseline,3,1,Not coded,True
main-2026-09-24,1,70496,definition_replacement,1,1,Not coded,True
main-2026-09-24,1,70496,definition_replacement,2,1,Not coded,True
main-2026-09-24,1,70496,definition_replacement,3,1,Not coded,True
main-2026-09-24,1,70496,example_replacement,1,1,Not coded,True
main-2026-09-24,1,70496,example_replacement,2,1,Not coded,True
main-2026-09-24,1,70496,example_replacement,3,1,Not coded,True
main-2026-09-24,1,70496,exclusion_rule_replacement,1,1,Not coded,True
main-2026-09-24,1,70496,exclusion_rule_replacement,2,1,Not coded,True
main-2026-09-24,1,70496,exclusion_rule_replacement,3,1,Not coded,True
main-2026-09-24,1,70496,names_only,1,1,Keeping Everyone Together,True
main-2026-09-24,1,70496,names_only,2,1,Not coded,True
main-2026-09-24,1,70496,names_only,3,1,Keeping Everyone Together,True
main-2026-09-24,1,70496,negative_control,1,1,Not coded,True
main-2026-09-24,1,70496,negative_control,2,1,Not coded,True
main-2026-09-24,1,70496,negative_control,3,1,Not coded,True
main-2026-09-24,1,71148,baseline,1,1,Pressing for Accuracy,True
main-2026-09-24,1,71148,baseline,2,1,Pressing for Accuracy,True
main-2026-09-24,1,71148,baseline,3,1,Pressing for Accuracy,True
main-2026-09-24,1,71148,definition_replacement,1,1,Pressing for Accuracy,True
main-2026-09-24,1,71148,definition_replacement,2,1,Pressing for Accuracy,True
main-2026-09-24,1,71148,definition_replacement,3,1,Pressing for Accuracy,True
main-2026-09-24,1,71148,example_replacement,1,1,Pressing for Accuracy,True
main-2026-09-24,1,71148,example_replacement,2,1,Pressing for Accuracy,True
main-2026-09-24,1,71148,example_replacement,3,1,Pressing for Accuracy,True
main-2026-09-24,1,71148,exclusion_rule_replacement,1,1,Pressing for Accuracy,True
main-2026-09-24,1,71148,exclusion_rule_replacement,2,1,Pressing for Accuracy,True
main-2026-09-24,1,71148,exclusion_rule_replacement,3,1,Pressing for Accuracy,True
main-2026-09-24,1,71148,names_only,1,1,Pressing for Accuracy,True
main-2026-09-24,1,71148,names_only,2,1,Pressing for Accuracy,True
main-2026-09-24,1,71148,names_only,3,1,Pressing for Accuracy,True
main-2026-09-24,1,71148,negative_control,1,1,Pressing for Accuracy,True
main-2026-09-24,1,71148,negative_control,2,1,Pressing for Accuracy,True
main-2026-09-24,1,71148,negative_control,3,1,Pressing for Accuracy,True
main-2026-09-24,1,71327,baseline,1,1,Not coded,True
main-2026-09-24,1,71327,baseline,2,1,Not coded,True
main-2026-09-24,1,71327,baseline,3,1,Not coded,True
main-2026-09-24,1,71327,definition_replacement,1,1,Not coded,True
main-2026-09-24,1,71327,definition_replacement,2,1,Not coded,True
main-2026-09-24,1,71327,definition_replacement,3,1,Not coded,True
main-2026-09-24,1,71327,example_replacement,1,1,Not coded,True
main-2026-09-24,1,71327,example_replacement,2,1,Not coded,True
main-2026-09-24,1,71327,example_replacement,3,1,Keeping Everyone Together,True
main-2026-09-24,1,71327,exclusion_rule_replacement,1,1,Keeping Everyone Together,True
main-2026-09-24,1,71327,exclusion_rule_replacement,2,1,Keeping Everyone Together,True
main-2026-09-24,1,71327,exclusion_rule_replacement,3,1,Keeping Everyone Together,True
main-2026-09-24,1,71327,names_only,1,1,Not coded,True
main-2026-09-24,1,71327,names_only,2,1,Not coded,True
main-2026-09-24,1,71327,names_only,3,1,Not coded,True
main-2026-09-24,1,71327,negative_control,1,1,Not coded,True
main-2026-09-24,1,71327,negative_control,2,1,Not coded,True
main-2026-09-24,1,71327,negative_control,3,1,Not coded,True
main-2026-09-24,1,72680,baseline,1,1,Not coded,True
main-2026-09-24,1,72680,baseline,2,1,Not coded,True
main-2026-09-24,1,72680,baseline,3,1,Not coded,True
main-2026-09-24,1,72680,definition_replacement,1,1,Not coded,True
main-2026-09-24,1,72680,definition_replacement,2,1,Not coded,True
main-2026-09-24,1,72680,definition_replacement,3,1,Not coded,True
main-2026-09-24,1,72680,example_replacement,1,1,Not coded,True
main-2026-09-24,1,72680,example_replacement,2,1,Not coded,True
main-2026-09-24,1,72680,example_replacement,3,1,Not coded,True
main-2026-09-24,1,72680,exclusion_rule_replacement,1,1,Not coded,True
main-2026-09-24,1,72680,exclusion_rule_replacement,2,1,Not coded,True
main-2026-09-24,1,72680,exclusion_rule_replacement,3,1,Not coded,True
main-2026-09-24,1,72680,names_only,1,1,Not coded,True
main-2026-09-24,1,72680,names_only,2,1,Not coded,True
main-2026-09-24,1,72680,names_only,3,1,Not coded,True
main-2026-09-24,1,72680,negative_control,1,1,Not coded,True
main-2026-09-24,1,72680,negative_control,2,1,Not coded,True
main-2026-09-24,1,72680,negative_control,3,1,Not coded,True
main-2026-09-24,1,73388,baseline,1,1,Not coded,True
main-2026-09-24,1,73388,baseline,2,1,Not coded,True
main-2026-09-24,1,73388,baseline,3,1,Not coded,True
main-2026-09-24,1,73388,definition_replacement,1,1,Not coded,True
main-2026-09-24,1,73388,definition_replacement,2,1,Revoicing,True
main-2026-09-24,1,73388,definition_replacement,3,1,Not coded,True
main-2026-09-24,1,73388,example_replacement,1,1,Revoicing,True
main-2026-09-24,1,73388,example_replacement,2,1,Revoicing,True
main-2026-09-24,1,73388,example_replacement,3,1,Revoicing,True
main-2026-09-24,1,73388,exclusion_rule_replacement,1,1,Revoicing,True
main-2026-09-24,1,73388,exclusion_rule_replacement,2,1,Revoicing,True
main-2026-09-24,1,73388,exclusion_rule_replacement,3,1,Revoicing,True
main-2026-09-24,1,73388,names_only,1,1,Getting Students to Relate,True
main-2026-09-24,1,73388,names_only,2,1,Getting Students to Relate,True
main-2026-09-24,1,73388,names_only,3,1,Getting Students to Relate,True
main-2026-09-24,1,73388,negative_control,1,1,Revoicing,True
main-2026-09-24,1,73388,negative_control,2,1,Revoicing,True
main-2026-09-24,1,73388,negative_control,3,1,Revoicing,True
main-2026-09-24,1,74399,baseline,1,1,Not coded,True
main-2026-09-24,1,74399,baseline,2,1,Not coded,True
main-2026-09-24,1,74399,baseline,3,1,Not coded,True
main-2026-09-24,1,74399,definition_replacement,1,1,Not coded,True
main-2026-09-24,1,74399,definition_replacement,2,1,Not coded,True
main-2026-09-24,1,74399,definition_replacement,3,1,Not coded,True
main-2026-09-24,1,74399,example_replacement,1,1,Not coded,True
main-2026-09-24,1,74399,example_replacement,2,1,Not coded,True
main-2026-09-24,1,74399,example_replacement,3,1,Not coded,True
main-2026-09-24,1,74399,exclusion_rule_replacement,1,1,Not coded,True
main-2026-09-24,1,74399,exclusion_rule_replacement,2,1,Not coded,True
main-2026-09-24,1,74399,exclusion_rule_replacement,3,1,Not coded,True
main-2026-09-24,1,74399,names_only,1,1,Keeping Everyone Together,True
main-2026-09-24,1,74399,names_only,2,1,Keeping Everyone Together,True
main-2026-09-24,1,74399,names_only,3,1,Keeping Everyone Together,True
main-2026-09-24,1,74399,negative_control,1,1,Not coded,True
main-2026-09-24,1,74399,negative_control,2,1,Not coded,True
main-2026-09-24,1,74399,negative_control,3,1,Not coded,True
main-2026-09-24,1,75229,baseline,1,1,Not coded,True
main-2026-09-24,1,75229,baseline,2,1,Not coded,True
main-2026-09-24,1,75229,baseline,3,1,Not coded,True
main-2026-09-24,1,75229,definition_replacement,1,1,Not coded,True
main-2026-09-24,1,75229,definition_replacement,2,1,Not coded,True
main-2026-09-24,1,75229,definition_replacement,3,1,Not coded,True
main-2026-09-24,1,75229,example_replacement,1,1,Not coded,True
main-2026-09-24,1,75229,example_replacement,2,1,Not coded,True
main-2026-09-24,1,75229,example_replacement,3,1,Not coded,True
main-2026-09-24,1,75229,exclusion_rule_replacement,1,1,Keeping Everyone Together,True
main-2026-09-24,1,75229,exclusion_rule_replacement,2,1,Keeping Everyone Together,True
main-2026-09-24,1,75229,exclusion_rule_replacement,3,1,Keeping Everyone Together,True
main-2026-09-24,1,75229,names_only,1,1,Not coded,True
main-2026-09-24,1,75229,names_only,2,1,Not coded,True
main-2026-09-24,1,75229,names_only,3,1,Not coded,True
main-2026-09-24,1,75229,negative_control,1,1,Not coded,True
main-2026-09-24,1,75229,negative_control,2,1,Not coded,True
main-2026-09-24,1,75229,negative_control,3,1,Not coded,True
main-2026-09-24,1,75963,baseline,1,1,Getting Students to Relate,True
main-2026-09-24,1,75963,baseline,2,1,Keeping Everyone Together,True
main-2026-09-24,1,75963,baseline,3,1,Keeping Everyone Together,True
main-2026-09-24,1,75963,definition_replacement,1,1,Keeping Everyone Together,True
main-2026-09-24,1,75963,definition_replacement,2,1,Keeping Everyone Together,True
main-2026-09-24,1,75963,definition_replacement,3,1,Keeping Everyone Together,True
main-2026-09-24,1,75963,example_replacement,1,1,Keeping Everyone Together,True
main-2026-09-24,1,75963,example_replacement,2,1,Keeping Everyone Together,True
main-2026-09-24,1,75963,example_replacement,3,1,Keeping Everyone Together,True
main-2026-09-24,1,75963,exclusion_rule_replacement,1,1,Getting Students to Relate,True
main-2026-09-24,1,75963,exclusion_rule_replacement,2,1,Getting Students to Relate,True
main-2026-09-24,1,75963,exclusion_rule_replacement,3,1,Getting Students to Relate,True
main-2026-09-24,1,75963,names_only,1,1,Keeping Everyone Together,True
main-2026-09-24,1,75963,names_only,2,1,Keeping Everyone Together,True
main-2026-09-24,1,75963,names_only,3,1,Keeping Everyone Together,True
main-2026-09-24,1,75963,negative_control,1,1,Keeping Everyone Together,True
main-2026-09-24,1,75963,negative_control,2,1,Keeping Everyone Together,True
main-2026-09-24,1,75963,negative_control,3,1,Getting Students to Relate,True
main-2026-09-24,1,76252,baseline,1,1,Pressing for Accuracy,True
main-2026-09-24,1,76252,baseline,2,1,Pressing for Reasoning,True
main-2026-09-24,1,76252,baseline,3,1,Pressing for Reasoning,True
main-2026-09-24,1,76252,definition_replacement,1,1,Pressing for Accuracy,True
main-2026-09-24,1,76252,definition_replacement,2,1,Pressing for Accuracy,True
main-2026-09-24,1,76252,definition_replacement,3,1,Pressing for Accuracy,True
main-2026-09-24,1,76252,example_replacement,1,1,Pressing for Reasoning,True
main-2026-09-24,1,76252,example_replacement,2,1,Pressing for Reasoning,True
main-2026-09-24,1,76252,example_replacement,3,1,Pressing for Reasoning,True
main-2026-09-24,1,76252,exclusion_rule_replacement,1,1,Pressing for Reasoning,True
main-2026-09-24,1,76252,exclusion_rule_replacement,2,1,Pressing for Reasoning,True
main-2026-09-24,1,76252,exclusion_rule_replacement,3,1,Pressing for Reasoning,True
main-2026-09-24,1,76252,names_only,1,1,Pressing for Reasoning,True
main-2026-09-24,1,76252,names_only,2,1,Pressing for Reasoning,True
main-2026-09-24,1,76252,names_only,3,1,Pressing for Reasoning,True
main-2026-09-24,1,76252,negative_control,1,1,Pressing for Reasoning,True
main-2026-09-24,1,76252,negative_control,2,1,Pressing for Reasoning,True
main-2026-09-24,1,76252,negative_control,3,1,Pressing for Reasoning,True
main-2026-09-24,1,77783,baseline,1,1,Not coded,True
main-2026-09-24,1,77783,baseline,2,1,Not coded,True
main-2026-09-24,1,77783,baseline,3,1,Not coded,True
main-2026-09-24,1,77783,definition_replacement,1,1,Not coded,True
main-2026-09-24,1,77783,definition_replacement,2,1,Not coded,True
main-2026-09-24,1,77783,definition_replacement,3,1,Not coded,True
main-2026-09-24,1,77783,example_replacement,1,1,Not coded,True
main-2026-09-24,1,77783,example_replacement,2,1,Not coded,True
main-2026-09-24,1,77783,example_replacement,3,1,Not coded,True
main-2026-09-24,1,77783,exclusion_rule_replacement,1,1,Not coded,True
main-2026-09-24,1,77783,exclusion_rule_replacement,2,1,Not coded,True
main-2026-09-24,1,77783,exclusion_rule_replacement,3,1,Not coded,True
main-2026-09-24,1,77783,names_only,1,1,Not coded,True
main-2026-09-24,1,77783,names_only,2,1,Not coded,True
main-2026-09-24,1,77783,names_only,3,1,Not coded,True
main-2026-09-24,1,77783,negative_control,1,1,Not coded,True
main-2026-09-24,1,77783,negative_control,2,1,Not coded,True
main-2026-09-24,1,77783,negative_control,3,1,Not coded,True
main-2026-09-24,1,78215,baseline,1,1,Keeping Everyone Together,True
main-2026-09-24,1,78215,baseline,2,1,Keeping Everyone Together,True
main-2026-09-24,1,78215,baseline,3,1,Keeping Everyone Together,True
main-2026-09-24,1,78215,definition_replacement,1,1,Not coded,True
main-2026-09-24,1,78215,definition_replacement,2,1,Not coded,True
main-2026-09-24,1,78215,definition_replacement,3,1,Not coded,True
main-2026-09-24,1,78215,example_replacement,1,1,Keeping Everyone Together,True
main-2026-09-24,1,78215,example_replacement,2,1,Keeping Everyone Together,True
main-2026-09-24,1,78215,example_replacement,3,1,Keeping Everyone Together,True
main-2026-09-24,1,78215,exclusion_rule_replacement,1,1,Keeping Everyone Together,True
main-2026-09-24,1,78215,exclusion_rule_replacement,2,1,Keeping Everyone Together,True
main-2026-09-24,1,78215,exclusion_rule_replacement,3,1,Keeping Everyone Together,True
main-2026-09-24,1,78215,names_only,1,1,Keeping Everyone Together,True
main-2026-09-24,1,78215,names_only,2,1,Keeping Everyone Together,True
main-2026-09-24,1,78215,names_only,3,1,Keeping Everyone Together,True
main-2026-09-24,1,78215,negative_control,1,1,Keeping Everyone Together,True
main-2026-09-24,1,78215,negative_control,2,1,Keeping Everyone Together,True
main-2026-09-24,1,78215,negative_control,3,1,Keeping Everyone Together,True
main-2026-09-24,1,79309,baseline,1,1,Not coded,True
main-2026-09-24,1,79309,baseline,2,1,Not coded,True
main-2026-09-24,1,79309,baseline,3,1,Not coded,True
main-2026-09-24,1,79309,definition_replacement,1,1,Not coded,True
main-2026-09-24,1,79309,definition_replacement,2,1,Not coded,True
main-2026-09-24,1,79309,definition_replacement,3,1,Not coded,True
main-2026-09-24,1,79309,example_replacement,1,1,Not coded,True
main-2026-09-24,1,79309,example_replacement,2,1,Not coded,True
main-2026-09-24,1,79309,example_replacement,3,1,Not coded,True
main-2026-09-24,1,79309,exclusion_rule_replacement,1,1,Not coded,True
main-2026-09-24,1,79309,exclusion_rule_replacement,2,1,Not coded,True
main-2026-09-24,1,79309,exclusion_rule_replacement,3,1,Not coded,True
main-2026-09-24,1,79309,names_only,1,1,Keeping Everyone Together,True
main-2026-09-24,1,79309,names_only,2,1,Not coded,True
main-2026-09-24,1,79309,names_only,3,1,Keeping Everyone Together,True
main-2026-09-24,1,79309,negative_control,1,1,Not coded,True
main-2026-09-24,1,79309,negative_control,2,1,Not coded,True
main-2026-09-24,1,79309,negative_control,3,1,Not coded,True
main-2026-09-24,1,79990,baseline,1,1,Keeping Everyone Together,True
main-2026-09-24,1,79990,baseline,2,1,Keeping Everyone Together,True
main-2026-09-24,1,79990,baseline,3,1,Keeping Everyone Together,True
main-2026-09-24,1,79990,definition_replacement,1,1,Keeping Everyone Together,True
main-2026-09-24,1,79990,definition_replacement,2,1,Keeping Everyone Together,True
main-2026-09-24,1,79990,definition_replacement,3,1,Keeping Everyone Together,True
main-2026-09-24,1,79990,example_replacement,1,1,Keeping Everyone Together,True
main-2026-09-24,1,79990,example_replacement,2,1,Keeping Everyone Together,True
main-2026-09-24,1,79990,example_replacement,3,1,Keeping Everyone Together,True
main-2026-09-24,1,79990,exclusion_rule_replacement,1,1,Keeping Everyone Together,True
main-2026-09-24,1,79990,exclusion_rule_replacement,2,1,Keeping Everyone Together,True
main-2026-09-24,1,79990,exclusion_rule_replacement,3,1,Keeping Everyone Together,True
main-2026-09-24,1,79990,names_only,1,1,Keeping Everyone Together,True
main-2026-09-24,1,79990,names_only,2,1,Keeping Everyone Together,True
main-2026-09-24,1,79990,names_only,3,1,Keeping Everyone Together,True
main-2026-09-24,1,79990,negative_control,1,1,Keeping Everyone Together,True
main-2026-09-24,1,79990,negative_control,2,1,Keeping Everyone Together,True
main-2026-09-24,1,79990,negative_control,3,1,Keeping Everyone Together,True
main-2026-09-24,1,80098,baseline,1,1,Not coded,True
main-2026-09-24,1,80098,baseline,2,1,Not coded,True
main-2026-09-24,1,80098,baseline,3,1,Not coded,True
main-2026-09-24,1,80098,definition_replacement,1,1,Not coded,True
main-2026-09-24,1,80098,definition_replacement,2,1,Not coded,True
main-2026-09-24,1,80098,definition_replacement,3,1,Not coded,True
main-2026-09-24,1,80098,example_replacement,1,1,Not coded,True
main-2026-09-24,1,80098,example_replacement,2,1,Not coded,True
main-2026-09-24,1,80098,example_replacement,3,1,Not coded,True
main-2026-09-24,1,80098,exclusion_rule_replacement,1,1,Not coded,True
main-2026-09-24,1,80098,exclusion_rule_replacement,2,1,Not coded,True
main-2026-09-24,1,80098,exclusion_rule_replacement,3,1,Not coded,True
main-2026-09-24,1,80098,names_only,1,1,Not coded,True
main-2026-09-24,1,80098,names_only,2,1,Not coded,True
main-2026-09-24,1,80098,names_only,3,1,Not coded,True
main-2026-09-24,1,80098,negative_control,1,1,Not coded,True
main-2026-09-24,1,80098,negative_control,2,1,Not coded,True
main-2026-09-24,1,80098,negative_control,3,1,Not coded,True
main-2026-09-24,1,80422,baseline,1,1,Not coded,True
main-2026-09-24,1,80422,baseline,2,1,Not coded,True
main-2026-09-24,1,80422,baseline,3,1,Not coded,True
main-2026-09-24,1,80422,definition_replacement,1,1,Not coded,True
main-2026-09-24,1,80422,definition_replacement,2,1,Not coded,True
main-2026-09-24,1,80422,definition_replacement,3,1,Not coded,True
main-2026-09-24,1,80422,example_replacement,1,1,Not coded,True
main-2026-09-24,1,80422,example_replacement,2,1,Not coded,True
main-2026-09-24,1,80422,example_replacement,3,1,Not coded,True
main-2026-09-24,1,80422,exclusion_rule_replacement,1,1,Not coded,True
main-2026-09-24,1,80422,exclusion_rule_replacement,2,1,Not coded,True
main-2026-09-24,1,80422,exclusion_rule_replacement,3,1,Not coded,True
main-2026-09-24,1,80422,names_only,1,1,Not coded,True
main-2026-09-24,1,80422,names_only,2,1,Not coded,True
main-2026-09-24,1,80422,names_only,3,1,Not coded,True
main-2026-09-24,1,80422,negative_control,1,1,Not coded,True
main-2026-09-24,1,80422,negative_control,2,1,Not coded,True
main-2026-09-24,1,80422,negative_control,3,1,Not coded,True
main-2026-09-24,1,81246,baseline,1,1,Restating,True
main-2026-09-24,1,81246,baseline,2,1,Restating,True
main-2026-09-24,1,81246,baseline,3,1,Restating,True
main-2026-09-24,1,81246,definition_replacement,1,1,Restating,True
main-2026-09-24,1,81246,definition_replacement,2,1,Restating,True
main-2026-09-24,1,81246,definition_replacement,3,1,Restating,True
main-2026-09-24,1,81246,example_replacement,1,1,Restating,True
main-2026-09-24,1,81246,example_replacement,2,1,Restating,True
main-2026-09-24,1,81246,example_replacement,3,1,Restating,True
main-2026-09-24,1,81246,exclusion_rule_replacement,1,1,Restating,True
main-2026-09-24,1,81246,exclusion_rule_replacement,2,1,Restating,True
main-2026-09-24,1,81246,exclusion_rule_replacement,3,1,Restating,True
main-2026-09-24,1,81246,names_only,1,1,Restating,True
main-2026-09-24,1,81246,names_only,2,1,Restating,True
main-2026-09-24,1,81246,names_only,3,1,Restating,True
main-2026-09-24,1,81246,negative_control,1,1,Restating,True
main-2026-09-24,1,81246,negative_control,2,1,Not coded,True
main-2026-09-24,1,81246,negative_control,3,1,Restating,True
main-2026-09-24,1,81372,baseline,1,1,Not coded,True
main-2026-09-24,1,81372,baseline,2,1,Not coded,True
main-2026-09-24,1,81372,baseline,3,1,Not coded,True
main-2026-09-24,1,81372,definition_replacement,1,1,Not coded,True
main-2026-09-24,1,81372,definition_replacement,2,1,Not coded,True
main-2026-09-24,1,81372,definition_replacement,3,1,Not coded,True
main-2026-09-24,1,81372,example_replacement,1,1,Not coded,True
main-2026-09-24,1,81372,example_replacement,2,1,Not coded,True
main-2026-09-24,1,81372,example_replacement,3,1,Not coded,True
main-2026-09-24,1,81372,exclusion_rule_replacement,1,1,Not coded,True
main-2026-09-24,1,81372,exclusion_rule_replacement,2,1,Not coded,True
main-2026-09-24,1,81372,exclusion_rule_replacement,3,1,Not coded,True
main-2026-09-24,1,81372,names_only,1,1,Not coded,True
main-2026-09-24,1,81372,names_only,2,1,Not coded,True
main-2026-09-24,1,81372,names_only,3,1,Not coded,True
main-2026-09-24,1,81372,negative_control,1,1,Not coded,True
main-2026-09-24,1,81372,negative_control,2,1,Not coded,True
main-2026-09-24,1,81372,negative_control,3,1,Not coded,True
main-2026-09-24,1,83584,baseline,1,1,Not coded,True
main-2026-09-24,1,83584,baseline,2,1,Not coded,True
main-2026-09-24,1,83584,baseline,3,1,Not coded,True
main-2026-09-24,1,83584,definition_replacement,1,1,Not coded,True
main-2026-09-24,1,83584,definition_replacement,2,1,Not coded,True
main-2026-09-24,1,83584,definition_replacement,3,1,Not coded,True
main-2026-09-24,1,83584,example_replacement,1,1,Not coded,True
main-2026-09-24,1,83584,example_replacement,2,1,Not coded,True
main-2026-09-24,1,83584,example_replacement,3,1,Not coded,True
main-2026-09-24,1,83584,exclusion_rule_replacement,1,1,Not coded,True
main-2026-09-24,1,83584,exclusion_rule_replacement,2,1,Not coded,True
main-2026-09-24,1,83584,exclusion_rule_replacement,3,1,Not coded,True
main-2026-09-24,1,83584,names_only,1,1,Pressing for Accuracy,True
main-2026-09-24,1,83584,names_only,2,1,Pressing for Accuracy,True
main-2026-09-24,1,83584,names_only,3,1,Pressing for Accuracy,True
main-2026-09-24,1,83584,negative_control,1,1,Not coded,True
main-2026-09-24,1,83584,negative_control,2,1,Not coded,True
main-2026-09-24,1,83584,negative_control,3,1,Not coded,True
main-2026-09-24,1,84540,baseline,1,1,Not coded,True
main-2026-09-24,1,84540,baseline,2,1,Not coded,True
main-2026-09-24,1,84540,baseline,3,1,Not coded,True
main-2026-09-24,1,84540,definition_replacement,1,1,Not coded,True
main-2026-09-24,1,84540,definition_replacement,2,1,Not coded,True
main-2026-09-24,1,84540,definition_replacement,3,1,Not coded,True
main-2026-09-24,1,84540,example_replacement,1,1,Not coded,True
main-2026-09-24,1,84540,example_replacement,2,1,Not coded,True
main-2026-09-24,1,84540,example_replacement,3,1,Not coded,True
main-2026-09-24,1,84540,exclusion_rule_replacement,1,1,Not coded,True
main-2026-09-24,1,84540,exclusion_rule_replacement,2,1,Not coded,True
main-2026-09-24,1,84540,exclusion_rule_replacement,3,1,Not coded,True
main-2026-09-24,1,84540,names_only,1,1,Not coded,True
main-2026-09-24,1,84540,names_only,2,1,Not coded,True
main-2026-09-24,1,84540,names_only,3,1,Not coded,True
main-2026-09-24,1,84540,negative_control,1,1,Not coded,True
main-2026-09-24,1,84540,negative_control,2,1,Not coded,True
main-2026-09-24,1,84540,negative_control,3,1,Not coded,True
main-2026-09-24,1,85745,baseline,1,1,Keeping Everyone Together,True
main-2026-09-24,1,85745,baseline,2,1,Keeping Everyone Together,True
main-2026-09-24,1,85745,baseline,3,1,Keeping Everyone Together,True
main-2026-09-24,1,85745,definition_replacement,1,1,Keeping Everyone Together,True
main-2026-09-24,1,85745,definition_replacement,2,1,Keeping Everyone Together,True
main-2026-09-24,1,85745,definition_replacement,3,1,Keeping Everyone Together,True
main-2026-09-24,1,85745,example_replacement,1,1,Not coded,True
main-2026-09-24,1,85745,example_replacement,2,1,Keeping Everyone Together,True
main-2026-09-24,1,85745,example_replacement,3,1,Keeping Everyone Together,True
main-2026-09-24,1,85745,exclusion_rule_replacement,1,1,Keeping Everyone Together,True
main-2026-09-24,1,85745,exclusion_rule_replacement,2,1,Keeping Everyone Together,True
main-2026-09-24,1,85745,exclusion_rule_replacement,3,1,Keeping Everyone Together,True
main-2026-09-24,1,85745,names_only,1,1,Keeping Everyone Together,True
main-2026-09-24,1,85745,names_only,2,1,Keeping Everyone Together,True
main-2026-09-24,1,85745,names_only,3,1,Keeping Everyone Together,True
main-2026-09-24,1,85745,negative_control,1,1,Keeping Everyone Together,True
main-2026-09-24,1,85745,negative_control,2,1,Keeping Everyone Together,True
main-2026-09-24,1,85745,negative_control,3,1,Keeping Everyone Together,True
main-2026-09-24,1,86284,baseline,1,1,Pressing for Accuracy,True
main-2026-09-24,1,86284,baseline,2,1,Pressing for Accuracy,True
main-2026-09-24,1,86284,baseline,3,1,Pressing for Accuracy,True
main-2026-09-24,1,86284,definition_replacement,1,1,Pressing for Accuracy,True
main-2026-09-24,1,86284,definition_replacement,2,1,Pressing for Accuracy,True
main-2026-09-24,1,86284,definition_replacement,3,1,Pressing for Accuracy,True
main-2026-09-24,1,86284,example_replacement,1,1,Pressing for Accuracy,True
main-2026-09-24,1,86284,example_replacement,2,1,Pressing for Accuracy,True
main-2026-09-24,1,86284,example_replacement,3,1,Pressing for Accuracy,True
main-2026-09-24,1,86284,exclusion_rule_replacement,1,1,Pressing for Accuracy,True
main-2026-09-24,1,86284,exclusion_rule_replacement,2,1,Pressing for Accuracy,True
main-2026-09-24,1,86284,exclusion_rule_replacement,3,1,Pressing for Accuracy,True
main-2026-09-24,1,86284,names_only,1,1,Pressing for Accuracy,True
main-2026-09-24,1,86284,names_only,2,1,Keeping Everyone Together,True
main-2026-09-24,1,86284,names_only,3,1,Keeping Everyone Together,True
main-2026-09-24,1,86284,negative_control,1,1,Pressing for Accuracy,True
main-2026-09-24,1,86284,negative_control,2,1,Pressing for Accuracy,True
main-2026-09-24,1,86284,negative_control,3,1,Pressing for Accuracy,True
main-2026-09-24,1,86347,baseline,1,1,Keeping Everyone Together,True
main-2026-09-24,1,86347,baseline,2,1,Keeping Everyone Together,True
main-2026-09-24,1,86347,baseline,3,1,Keeping Everyone Together,True
main-2026-09-24,1,86347,definition_replacement,1,1,Keeping Everyone Together,True
main-2026-09-24,1,86347,definition_replacement,2,1,Keeping Everyone Together,True
main-2026-09-24,1,86347,definition_replacement,3,1,Keeping Everyone Together,True
main-2026-09-24,1,86347,example_replacement,1,1,Keeping Everyone Together,True
main-2026-09-24,1,86347,example_replacement,2,1,Keeping Everyone Together,True
main-2026-09-24,1,86347,example_replacement,3,1,Keeping Everyone Together,True
main-2026-09-24,1,86347,exclusion_rule_replacement,1,1,Keeping Everyone Together,True
main-2026-09-24,1,86347,exclusion_rule_replacement,2,1,Keeping Everyone Together,True
main-2026-09-24,1,86347,exclusion_rule_replacement,3,1,Keeping Everyone Together,True
main-2026-09-24,1,86347,names_only,1,1,Keeping Everyone Together,True
main-2026-09-24,1,86347,names_only,2,1,Keeping Everyone Together,True
main-2026-09-24,1,86347,names_only,3,1,Keeping Everyone Together,True
main-2026-09-24,1,86347,negative_control,1,1,Keeping Everyone Together,True
main-2026-09-24,1,86347,negative_control,2,1,Keeping Everyone Together,True
main-2026-09-24,1,86347,negative_control,3,1,Keeping Everyone Together,True
main-2026-09-24,1,86973,baseline,1,1,Pressing for Accuracy,True
main-2026-09-24,1,86973,baseline,2,1,Pressing for Accuracy,True
main-2026-09-24,1,86973,baseline,3,1,Pressing for Accuracy,True
main-2026-09-24,1,86973,definition_replacement,1,1,Pressing for Accuracy,True
main-2026-09-24,1,86973,definition_replacement,2,1,Pressing for Accuracy,True
main-2026-09-24,1,86973,definition_replacement,3,1,Pressing for Accuracy,True
main-2026-09-24,1,86973,example_replacement,1,1,Pressing for Accuracy,True
main-2026-09-24,1,86973,example_replacement,2,1,Pressing for Accuracy,True
main-2026-09-24,1,86973,example_replacement,3,1,Pressing for Accuracy,True
main-2026-09-24,1,86973,exclusion_rule_replacement,1,1,Pressing for Accuracy,True
main-2026-09-24,1,86973,exclusion_rule_replacement,2,1,Pressing for Accuracy,True
main-2026-09-24,1,86973,exclusion_rule_replacement,3,1,Pressing for Accuracy,True
main-2026-09-24,1,86973,names_only,1,1,Pressing for Accuracy,True
main-2026-09-24,1,86973,names_only,2,1,Keeping Everyone Together,True
main-2026-09-24,1,86973,names_only,3,1,Keeping Everyone Together,True
main-2026-09-24,1,86973,negative_control,1,1,Pressing for Accuracy,True
main-2026-09-24,1,86973,negative_control,2,1,Pressing for Accuracy,True
main-2026-09-24,1,86973,negative_control,3,1,Pressing for Accuracy,True
main-2026-09-24,1,88679,baseline,1,1,Revoicing,True
main-2026-09-24,1,88679,baseline,2,1,Not coded,True
main-2026-09-24,1,88679,baseline,3,1,Not coded,True
main-2026-09-24,1,88679,definition_replacement,1,1,Revoicing,True
main-2026-09-24,1,88679,definition_replacement,2,1,Revoicing,True
main-2026-09-24,1,88679,definition_replacement,3,1,Revoicing,True
main-2026-09-24,1,88679,example_replacement,1,1,Not coded,True
main-2026-09-24,1,88679,example_replacement,2,1,Not coded,True
main-2026-09-24,1,88679,example_replacement,3,1,Not coded,True
main-2026-09-24,1,88679,exclusion_rule_replacement,1,1,Revoicing,True
main-2026-09-24,1,88679,exclusion_rule_replacement,2,1,Revoicing,True
main-2026-09-24,1,88679,exclusion_rule_replacement,3,1,Revoicing,True
main-2026-09-24,1,88679,names_only,1,1,Pressing for Accuracy,True
main-2026-09-24,1,88679,names_only,2,1,Pressing for Accuracy,True
main-2026-09-24,1,88679,names_only,3,1,Pressing for Accuracy,True
main-2026-09-24,1,88679,negative_control,1,1,Revoicing,True
main-2026-09-24,1,88679,negative_control,2,1,Revoicing,True
main-2026-09-24,1,88679,negative_control,3,1,Revoicing,True
main-2026-09-24,1,88922,baseline,1,1,Pressing for Accuracy,True
main-2026-09-24,1,88922,baseline,2,1,Pressing for Accuracy,True
main-2026-09-24,1,88922,baseline,3,1,Pressing for Accuracy,True
main-2026-09-24,1,88922,definition_replacement,1,1,Pressing for Accuracy,True
main-2026-09-24,1,88922,definition_replacement,2,1,Pressing for Accuracy,True
main-2026-09-24,1,88922,definition_replacement,3,1,Pressing for Accuracy,True
main-2026-09-24,1,88922,example_replacement,1,1,Pressing for Accuracy,True
main-2026-09-24,1,88922,example_replacement,2,1,Pressing for Accuracy,True
main-2026-09-24,1,88922,example_replacement,3,1,Pressing for Accuracy,True
main-2026-09-24,1,88922,exclusion_rule_replacement,1,1,Pressing for Accuracy,True
main-2026-09-24,1,88922,exclusion_rule_replacement,2,1,Pressing for Accuracy,True
main-2026-09-24,1,88922,exclusion_rule_replacement,3,1,Pressing for Accuracy,True
main-2026-09-24,1,88922,names_only,1,1,Pressing for Accuracy,True
main-2026-09-24,1,88922,names_only,2,1,Pressing for Accuracy,True
main-2026-09-24,1,88922,names_only,3,1,Pressing for Accuracy,True
main-2026-09-24,1,88922,negative_control,1,1,Pressing for Accuracy,True
main-2026-09-24,1,88922,negative_control,2,1,Pressing for Accuracy,True
main-2026-09-24,1,88922,negative_control,3,1,Pressing for Accuracy,True
main-2026-09-24,1,90657,baseline,1,1,Not coded,True
main-2026-09-24,1,90657,baseline,2,1,Not coded,True
main-2026-09-24,1,90657,baseline,3,1,Not coded,True
main-2026-09-24,1,90657,definition_replacement,1,1,Not coded,True
main-2026-09-24,1,90657,definition_replacement,2,1,Not coded,True
main-2026-09-24,1,90657,definition_replacement,3,1,Not coded,True
main-2026-09-24,1,90657,example_replacement,1,1,Revoicing,True
main-2026-09-24,1,90657,example_replacement,2,1,Not coded,True
main-2026-09-24,1,90657,example_replacement,3,1,Revoicing,True
main-2026-09-24,1,90657,exclusion_rule_replacement,1,1,Revoicing,True
main-2026-09-24,1,90657,exclusion_rule_replacement,2,1,Revoicing,True
main-2026-09-24,1,90657,exclusion_rule_replacement,3,1,Revoicing,True
main-2026-09-24,1,90657,names_only,1,1,Restating,True
main-2026-09-24,1,90657,names_only,2,1,Restating,True
main-2026-09-24,1,90657,names_only,3,1,Not coded,True
main-2026-09-24,1,90657,negative_control,1,1,Not coded,True
main-2026-09-24,1,90657,negative_control,2,1,Revoicing,True
main-2026-09-24,1,90657,negative_control,3,1,Not coded,True
main-2026-09-24,1,91312,baseline,1,1,Not coded,True
main-2026-09-24,1,91312,baseline,2,1,Not coded,True
main-2026-09-24,1,91312,baseline,3,1,Not coded,True
main-2026-09-24,1,91312,definition_replacement,1,1,Not coded,True
main-2026-09-24,1,91312,definition_replacement,2,1,Not coded,True
main-2026-09-24,1,91312,definition_replacement,3,1,Not coded,True
main-2026-09-24,1,91312,example_replacement,1,1,Not coded,True
main-2026-09-24,1,91312,example_replacement,2,1,Not coded,True
main-2026-09-24,1,91312,example_replacement,3,1,Not coded,True
main-2026-09-24,1,91312,exclusion_rule_replacement,1,1,Not coded,True
main-2026-09-24,1,91312,exclusion_rule_replacement,2,1,Not coded,True
main-2026-09-24,1,91312,exclusion_rule_replacement,3,1,Not coded,True
main-2026-09-24,1,91312,names_only,1,1,Not coded,True
main-2026-09-24,1,91312,names_only,2,1,Not coded,True
main-2026-09-24,1,91312,names_only,3,1,Not coded,True
main-2026-09-24,1,91312,negative_control,1,1,Not coded,True
main-2026-09-24,1,91312,negative_control,2,1,Not coded,True
main-2026-09-24,1,91312,negative_control,3,1,Not coded,True
main-2026-09-24,1,91691,baseline,1,1,Not coded,True
main-2026-09-24,1,91691,baseline,2,1,Not coded,True
main-2026-09-24,1,91691,baseline,3,1,Not coded,True
main-2026-09-24,1,91691,definition_replacement,1,1,Not coded,True
main-2026-09-24,1,91691,definition_replacement,2,1,Not coded,True
main-2026-09-24,1,91691,definition_replacement,3,1,Revoicing,True
main-2026-09-24,1,91691,example_replacement,1,1,Not coded,True
main-2026-09-24,1,91691,example_replacement,2,1,Not coded,True
main-2026-09-24,1,91691,example_replacement,3,1,Not coded,True
main-2026-09-24,1,91691,exclusion_rule_replacement,1,1,Revoicing,True
main-2026-09-24,1,91691,exclusion_rule_replacement,2,1,Revoicing,True
main-2026-09-24,1,91691,exclusion_rule_replacement,3,1,Revoicing,True
main-2026-09-24,1,91691,names_only,1,1,Pressing for Accuracy,True
main-2026-09-24,1,91691,names_only,2,1,Pressing for Accuracy,True
main-2026-09-24,1,91691,names_only,3,1,Pressing for Accuracy,True
main-2026-09-24,1,91691,negative_control,1,1,Not coded,True
main-2026-09-24,1,91691,negative_control,2,1,Not coded,True
main-2026-09-24,1,91691,negative_control,3,1,Not coded,True
main-2026-09-24,1,93194,baseline,1,1,Not coded,True
main-2026-09-24,1,93194,baseline,2,1,Not coded,True
main-2026-09-24,1,93194,baseline,3,1,Not coded,True
main-2026-09-24,1,93194,definition_replacement,1,1,Not coded,True
main-2026-09-24,1,93194,definition_replacement,2,1,Not coded,True
main-2026-09-24,1,93194,definition_replacement,3,1,Not coded,True
main-2026-09-24,1,93194,example_replacement,1,1,Not coded,True
main-2026-09-24,1,93194,example_replacement,2,1,Not coded,True
main-2026-09-24,1,93194,example_replacement,3,1,Not coded,True
main-2026-09-24,1,93194,exclusion_rule_replacement,1,1,Not coded,True
main-2026-09-24,1,93194,exclusion_rule_replacement,2,1,Not coded,True
main-2026-09-24,1,93194,exclusion_rule_replacement,3,1,Not coded,True
main-2026-09-24,1,93194,names_only,1,1,Not coded,True
main-2026-09-24,1,93194,names_only,2,1,Not coded,True
main-2026-09-24,1,93194,names_only,3,1,Not coded,True
main-2026-09-24,1,93194,negative_control,1,1,Not coded,True
main-2026-09-24,1,93194,negative_control,2,1,Not coded,True
main-2026-09-24,1,93194,negative_control,3,1,Not coded,True
main-2026-09-24,1,93780,baseline,1,1,Not coded,True
main-2026-09-24,1,93780,baseline,2,1,Not coded,True
main-2026-09-24,1,93780,baseline,3,1,Not coded,True
main-2026-09-24,1,93780,definition_replacement,1,1,Not coded,True
main-2026-09-24,1,93780,definition_replacement,2,1,Not coded,True
main-2026-09-24,1,93780,definition_replacement,3,1,Not coded,True
main-2026-09-24,1,93780,example_replacement,1,1,Not coded,True
main-2026-09-24,1,93780,example_replacement,2,1,Not coded,True
main-2026-09-24,1,93780,example_replacement,3,1,Not coded,True
main-2026-09-24,1,93780,exclusion_rule_replacement,1,1,Not coded,True
main-2026-09-24,1,93780,exclusion_rule_replacement,2,1,Not coded,True
main-2026-09-24,1,93780,exclusion_rule_replacement,3,1,Not coded,True
main-2026-09-24,1,93780,names_only,1,1,Not coded,True
main-2026-09-24,1,93780,names_only,2,1,Not coded,True
main-2026-09-24,1,93780,names_only,3,1,Not coded,True
main-2026-09-24,1,93780,negative_control,1,1,Not coded,True
main-2026-09-24,1,93780,negative_control,2,1,Not coded,True
main-2026-09-24,1,93780,negative_control,3,1,Not coded,True
main-2026-09-24,1,94458,baseline,1,1,Not coded,True
main-2026-09-24,1,94458,baseline,2,1,Not coded,True
main-2026-09-24,1,94458,baseline,3,1,Not coded,True
main-2026-09-24,1,94458,definition_replacement,1,1,Not coded,True
main-2026-09-24,1,94458,definition_replacement,2,1,Not coded,True
main-2026-09-24,1,94458,definition_replacement,3,1,Not coded,True
main-2026-09-24,1,94458,example_replacement,1,1,Not coded,True
main-2026-09-24,1,94458,example_replacement,2,1,Not coded,True
main-2026-09-24,1,94458,example_replacement,3,1,Not coded,True
main-2026-09-24,1,94458,exclusion_rule_replacement,1,1,Keeping Everyone Together,True
main-2026-09-24,1,94458,exclusion_rule_replacement,2,1,Keeping Everyone Together,True
main-2026-09-24,1,94458,exclusion_rule_replacement,3,1,Keeping Everyone Together,True
main-2026-09-24,1,94458,names_only,1,1,Not coded,True
main-2026-09-24,1,94458,names_only,2,1,Not coded,True
main-2026-09-24,1,94458,names_only,3,1,Not coded,True
main-2026-09-24,1,94458,negative_control,1,1,Not coded,True
main-2026-09-24,1,94458,negative_control,2,1,Not coded,True
main-2026-09-24,1,94458,negative_control,3,1,Not coded,True
main-2026-09-24,1,94772,baseline,1,1,Not coded,True
main-2026-09-24,1,94772,baseline,2,1,Not coded,True
main-2026-09-24,1,94772,baseline,3,1,Not coded,True
main-2026-09-24,1,94772,definition_replacement,1,1,Not coded,True
main-2026-09-24,1,94772,definition_replacement,2,1,Not coded,True
main-2026-09-24,1,94772,definition_replacement,3,1,Not coded,True
main-2026-09-24,1,94772,example_replacement,1,1,Not coded,True
main-2026-09-24,1,94772,example_replacement,2,1,Not coded,True
main-2026-09-24,1,94772,example_replacement,3,1,Not coded,True
main-2026-09-24,1,94772,exclusion_rule_replacement,1,1,Not coded,True
main-2026-09-24,1,94772,exclusion_rule_replacement,2,1,Not coded,True
main-2026-09-24,1,94772,exclusion_rule_replacement,3,1,Not coded,True
main-2026-09-24,1,94772,names_only,1,1,Keeping Everyone Together,True
main-2026-09-24,1,94772,names_only,2,1,Keeping Everyone Together,True
main-2026-09-24,1,94772,names_only,3,1,Keeping Everyone Together,True
main-2026-09-24,1,94772,negative_control,1,1,Not coded,True
main-2026-09-24,1,94772,negative_control,2,1,Not coded,True
main-2026-09-24,1,94772,negative_control,3,1,Not coded,True
main-2026-09-24,1,96618,baseline,1,1,Pressing for Accuracy,True
main-2026-09-24,1,96618,baseline,2,1,Pressing for Accuracy,True
main-2026-09-24,1,96618,baseline,3,1,Pressing for Accuracy,True
main-2026-09-24,1,96618,definition_replacement,1,1,Pressing for Accuracy,True
main-2026-09-24,1,96618,definition_replacement,2,1,Pressing for Accuracy,True
main-2026-09-24,1,96618,definition_replacement,3,1,Pressing for Accuracy,True
main-2026-09-24,1,96618,example_replacement,1,1,Pressing for Accuracy,True
main-2026-09-24,1,96618,example_replacement,2,1,Pressing for Accuracy,True
main-2026-09-24,1,96618,example_replacement,3,1,Pressing for Accuracy,True
main-2026-09-24,1,96618,exclusion_rule_replacement,1,1,Pressing for Accuracy,True
main-2026-09-24,1,96618,exclusion_rule_replacement,2,1,Pressing for Accuracy,True
main-2026-09-24,1,96618,exclusion_rule_replacement,3,1,Pressing for Accuracy,True
main-2026-09-24,1,96618,names_only,1,1,Pressing for Accuracy,True
main-2026-09-24,1,96618,names_only,2,1,Pressing for Accuracy,True
main-2026-09-24,1,96618,names_only,3,1,Pressing for Accuracy,True
main-2026-09-24,1,96618,negative_control,1,1,Pressing for Accuracy,True
main-2026-09-24,1,96618,negative_control,2,1,Pressing for Accuracy,True
main-2026-09-24,1,96618,negative_control,3,1,Pressing for Accuracy,True
main-2026-09-24,1,96658,baseline,1,1,Not coded,True
main-2026-09-24,1,96658,baseline,2,1,Not coded,True
main-2026-09-24,1,96658,baseline,3,1,Not coded,True
main-2026-09-24,1,96658,definition_replacement,1,1,Not coded,True
main-2026-09-24,1,96658,definition_replacement,2,1,Not coded,True
main-2026-09-24,1,96658,definition_replacement,3,1,Not coded,True
main-2026-09-24,1,96658,example_replacement,1,1,Not coded,True
main-2026-09-24,1,96658,example_replacement,2,1,Not coded,True
main-2026-09-24,1,96658,example_replacement,3,1,Not coded,True
main-2026-09-24,1,96658,exclusion_rule_replacement,1,1,Keeping Everyone Together,True
main-2026-09-24,1,96658,exclusion_rule_replacement,2,1,Not coded,True
main-2026-09-24,1,96658,exclusion_rule_replacement,3,1,Not coded,True
main-2026-09-24,1,96658,names_only,1,1,Keeping Everyone Together,True
main-2026-09-24,1,96658,names_only,2,1,Keeping Everyone Together,True
main-2026-09-24,1,96658,names_only,3,1,Keeping Everyone Together,True
main-2026-09-24,1,96658,negative_control,1,1,Not coded,True
main-2026-09-24,1,96658,negative_control,2,1,Not coded,True
main-2026-09-24,1,96658,negative_control,3,1,Not coded,True
main-2026-09-24,1,96865,baseline,1,1,Not coded,True
main-2026-09-24,1,96865,baseline,2,1,Not coded,True
main-2026-09-24,1,96865,baseline,3,1,Not coded,True
main-2026-09-24,1,96865,definition_replacement,1,1,Not coded,True
main-2026-09-24,1,96865,definition_replacement,2,1,Not coded,True
main-2026-09-24,1,96865,definition_replacement,3,1,Not coded,True
main-2026-09-24,1,96865,example_replacement,1,1,Not coded,True
main-2026-09-24,1,96865,example_replacement,2,1,Not coded,True
main-2026-09-24,1,96865,example_replacement,3,1,Not coded,True
main-2026-09-24,1,96865,exclusion_rule_replacement,1,1,Not coded,True
main-2026-09-24,1,96865,exclusion_rule_replacement,2,1,Not coded,True
main-2026-09-24,1,96865,exclusion_rule_replacement,3,1,Not coded,True
main-2026-09-24,1,96865,names_only,1,1,Not coded,True
main-2026-09-24,1,96865,names_only,2,1,Not coded,True
main-2026-09-24,1,96865,names_only,3,1,Not coded,True
main-2026-09-24,1,96865,negative_control,1,1,Not coded,True
main-2026-09-24,1,96865,negative_control,2,1,Not coded,True
main-2026-09-24,1,96865,negative_control,3,1,Not coded,True
main-2026-09-24,1,98257,baseline,1,1,Keeping Everyone Together,True
main-2026-09-24,1,98257,baseline,2,1,Keeping Everyone Together,True
main-2026-09-24,1,98257,baseline,3,1,Keeping Everyone Together,True
main-2026-09-24,1,98257,definition_replacement,1,1,Keeping Everyone Together,True
main-2026-09-24,1,98257,definition_replacement,2,1,Keeping Everyone Together,True
main-2026-09-24,1,98257,definition_replacement,3,1,Keeping Everyone Together,True
main-2026-09-24,1,98257,example_replacement,1,1,Keeping Everyone Together,True
main-2026-09-24,1,98257,example_replacement,2,1,Keeping Everyone Together,True
main-2026-09-24,1,98257,example_replacement,3,1,Keeping Everyone Together,True
main-2026-09-24,1,98257,exclusion_rule_replacement,1,1,Keeping Everyone Together,True
main-2026-09-24,1,98257,exclusion_rule_replacement,2,1,Keeping Everyone Together,True
main-2026-09-24,1,98257,exclusion_rule_replacement,3,1,Keeping Everyone Together,True
main-2026-09-24,1,98257,names_only,1,1,Keeping Everyone Together,True
main-2026-09-24,1,98257,names_only,2,1,Keeping Everyone Together,True
main-2026-09-24,1,98257,names_only,3,1,Keeping Everyone Together,True
main-2026-09-24,1,98257,negative_control,1,1,Keeping Everyone Together,True
main-2026-09-24,1,98257,negative_control,2,1,Keeping Everyone Together,True
main-2026-09-24,1,98257,negative_control,3,1,Keeping Everyone Together,True
main-2026-09-24,1,98928,baseline,1,1,Not coded,True
main-2026-09-24,1,98928,baseline,2,1,Not coded,True
main-2026-09-24,1,98928,baseline,3,1,Not coded,True
main-2026-09-24,1,98928,definition_replacement,1,1,Not coded,True
main-2026-09-24,1,98928,definition_replacement,2,1,Not coded,True
main-2026-09-24,1,98928,definition_replacement,3,1,Not coded,True
main-2026-09-24,1,98928,example_replacement,1,1,Not coded,True
main-2026-09-24,1,98928,example_replacement,2,1,Not coded,True
main-2026-09-24,1,98928,example_replacement,3,1,Not coded,True
main-2026-09-24,1,98928,exclusion_rule_replacement,1,1,Not coded,True
main-2026-09-24,1,98928,exclusion_rule_replacement,2,1,Not coded,True
main-2026-09-24,1,98928,exclusion_rule_replacement,3,1,Not coded,True
main-2026-09-24,1,98928,names_only,1,1,Keeping Everyone Together,True
main-2026-09-24,1,98928,names_only,2,1,Keeping Everyone Together,True
main-2026-09-24,1,98928,names_only,3,1,Keeping Everyone Together,True
main-2026-09-24,1,98928,negative_control,1,1,Not coded,True
main-2026-09-24,1,98928,negative_control,2,1,Not coded,True
main-2026-09-24,1,98928,negative_control,3,1,Not coded,True
main-2026-09-24,1,99014,baseline,1,1,Not coded,True
main-2026-09-24,1,99014,baseline,2,1,Not coded,True
main-2026-09-24,1,99014,baseline,3,1,Not coded,True
main-2026-09-24,1,99014,definition_replacement,1,1,Not coded,True
main-2026-09-24,1,99014,definition_replacement,2,1,Not coded,True
main-2026-09-24,1,99014,definition_replacement,3,1,Not coded,True
main-2026-09-24,1,99014,example_replacement,1,1,Not coded,True
main-2026-09-24,1,99014,example_replacement,2,1,Not coded,True
main-2026-09-24,1,99014,example_replacement,3,1,Not coded,True
main-2026-09-24,1,99014,exclusion_rule_replacement,1,1,Not coded,True
main-2026-09-24,1,99014,exclusion_rule_replacement,2,1,Not coded,True
main-2026-09-24,1,99014,exclusion_rule_replacement,3,1,Not coded,True
main-2026-09-24,1,99014,names_only,1,1,Not coded,True
main-2026-09-24,1,99014,names_only,2,1,Not coded,True
main-2026-09-24,1,99014,names_only,3,1,Not coded,True
main-2026-09-24,1,99014,negative_control,1,1,Not coded,True
main-2026-09-24,1,99014,negative_control,2,1,Not coded,True
main-2026-09-24,1,99014,negative_control,3,1,Not coded,True
main-2026-09-24,1,99291,baseline,1,1,Not coded,True
main-2026-09-24,1,99291,baseline,2,1,Not coded,True
main-2026-09-24,1,99291,baseline,3,1,Not coded,True
main-2026-09-24,1,99291,definition_replacement,1,1,Not coded,True
main-2026-09-24,1,99291,definition_replacement,2,1,Not coded,True
main-2026-09-24,1,99291,definition_replacement,3,1,Not coded,True
main-2026-09-24,1,99291,example_replacement,1,1,Not coded,True
main-2026-09-24,1,99291,example_replacement,2,1,Not coded,True
main-2026-09-24,1,99291,example_replacement,3,1,Not coded,True
main-2026-09-24,1,99291,exclusion_rule_replacement,1,1,Not coded,True
main-2026-09-24,1,99291,exclusion_rule_replacement,2,1,Not coded,True
main-2026-09-24,1,99291,exclusion_rule_replacement,3,1,Not coded,True
main-2026-09-24,1,99291,names_only,1,1,Not coded,True
main-2026-09-24,1,99291,names_only,2,1,Not coded,True
main-2026-09-24,1,99291,names_only,3,1,Not coded,True
main-2026-09-24,1,99291,negative_control,1,1,Not coded,True
main-2026-09-24,1,99291,negative_control,2,1,Not coded,True
main-2026-09-24,1,99291,negative_control,3,1,Not coded,True
main-2026-09-24,1,99529,baseline,1,1,Keeping Everyone Together,True
main-2026-09-24,1,99529,baseline,2,1,Keeping Everyone Together,True
main-2026-09-24,1,99529,baseline,3,1,Keeping Everyone Together,True
main-2026-09-24,1,99529,definition_replacement,1,1,Keeping Everyone Together,True
main-2026-09-24,1,99529,definition_replacement,2,1,Keeping Everyone Together,True
main-2026-09-24,1,99529,definition_replacement,3,1,Keeping Everyone Together,True
main-2026-09-24,1,99529,example_replacement,1,1,Keeping Everyone Together,True
main-2026-09-24,1,99529,example_replacement,2,1,Keeping Everyone Together,True
main-2026-09-24,1,99529,example_replacement,3,1,Keeping Everyone Together,True
main-2026-09-24,1,99529,exclusion_rule_replacement,1,1,Keeping Everyone Together,True
main-2026-09-24,1,99529,exclusion_rule_replacement,2,1,Keeping Everyone Together,True
main-2026-09-24,1,99529,exclusion_rule_replacement,3,1,Keeping Everyone Together,True
main-2026-09-24,1,99529,names_only,1,1,Keeping Everyone Together,True
main-2026-09-24,1,99529,names_only,2,1,Keeping Everyone Together,True
main-2026-09-24,1,99529,names_only,3,1,Keeping Everyone Together,True
main-2026-09-24,1,99529,negative_control,1,1,Keeping Everyone Together,True
main-2026-09-24,1,99529,negative_control,2,1,Keeping Everyone Together,True
main-2026-09-24,1,99529,negative_control,3,1,Keeping Everyone Together,True
main-2026-09-24,1,100019,baseline,1,1,Pressing for Reasoning,True
main-2026-09-24,1,100019,baseline,2,1,Pressing for Reasoning,True
main-2026-09-24,1,100019,baseline,3,1,Pressing for Reasoning,True
main-2026-09-24,1,100019,definition_replacement,1,1,Pressing for Reasoning,True
main-2026-09-24,1,100019,definition_replacement,2,1,Pressing for Reasoning,True
main-2026-09-24,1,100019,definition_replacement,3,1,Pressing for Accuracy,True
main-2026-09-24,1,100019,example_replacement,1,1,Pressing for Reasoning,True
main-2026-09-24,1,100019,example_replacement,2,1,Pressing for Reasoning,True
main-2026-09-24,1,100019,example_replacement,3,1,Pressing for Reasoning,True
main-2026-09-24,1,100019,exclusion_rule_replacement,1,1,Pressing for Reasoning,True
main-2026-09-24,1,100019,exclusion_rule_replacement,2,1,Pressing for Reasoning,True
main-2026-09-24,1,100019,exclusion_rule_replacement,3,1,Pressing for Reasoning,True
main-2026-09-24,1,100019,names_only,1,1,Pressing for Accuracy,True
main-2026-09-24,1,100019,names_only,2,1,Pressing for Reasoning,True
main-2026-09-24,1,100019,names_only,3,1,Pressing for Reasoning,True
main-2026-09-24,1,100019,negative_control,1,1,Pressing for Reasoning,True
main-2026-09-24,1,100019,negative_control,2,1,Pressing for Reasoning,True
main-2026-09-24,1,100019,negative_control,3,1,Pressing for Reasoning,True
main-2026-09-24,1,101407,baseline,1,1,Pressing for Accuracy,True
main-2026-09-24,1,101407,baseline,2,1,Pressing for Accuracy,True
main-2026-09-24,1,101407,baseline,3,1,Pressing for Accuracy,True
main-2026-09-24,1,101407,definition_replacement,1,1,Pressing for Accuracy,True
main-2026-09-24,1,101407,definition_replacement,2,1,Pressing for Accuracy,True
main-2026-09-24,1,101407,definition_replacement,3,1,Pressing for Accuracy,True
main-2026-09-24,1,101407,example_replacement,1,1,Pressing for Accuracy,True
main-2026-09-24,1,101407,example_replacement,2,1,Pressing for Accuracy,True
main-2026-09-24,1,101407,example_replacement,3,1,Pressing for Accuracy,True
main-2026-09-24,1,101407,exclusion_rule_replacement,1,1,Pressing for Accuracy,True
main-2026-09-24,1,101407,exclusion_rule_replacement,2,1,Pressing for Accuracy,True
main-2026-09-24,1,101407,exclusion_rule_replacement,3,1,Pressing for Accuracy,True
main-2026-09-24,1,101407,names_only,1,1,Pressing for Accuracy,True
main-2026-09-24,1,101407,names_only,2,1,Pressing for Accuracy,True
main-2026-09-24,1,101407,names_only,3,1,Pressing for Accuracy,True
main-2026-09-24,1,101407,negative_control,1,1,Pressing for Accuracy,True
main-2026-09-24,1,101407,negative_control,2,1,Pressing for Accuracy,True
main-2026-09-24,1,101407,negative_control,3,1,Pressing for Accuracy,True
main-2026-09-24,1,101410,baseline,1,1,Pressing for Accuracy,True
main-2026-09-24,1,101410,baseline,2,1,Pressing for Accuracy,True
main-2026-09-24,1,101410,baseline,3,1,Pressing for Accuracy,True
main-2026-09-24,1,101410,definition_replacement,1,1,Pressing for Accuracy,True
main-2026-09-24,1,101410,definition_replacement,2,1,Pressing for Accuracy,True
main-2026-09-24,1,101410,definition_replacement,3,1,Pressing for Accuracy,True
main-2026-09-24,1,101410,example_replacement,1,1,Pressing for Accuracy,True
main-2026-09-24,1,101410,example_replacement,2,1,Pressing for Accuracy,True
main-2026-09-24,1,101410,example_replacement,3,1,Pressing for Accuracy,True
main-2026-09-24,1,101410,exclusion_rule_replacement,1,1,Pressing for Accuracy,True
main-2026-09-24,1,101410,exclusion_rule_replacement,2,1,Pressing for Accuracy,True
main-2026-09-24,1,101410,exclusion_rule_replacement,3,1,Pressing for Accuracy,True
main-2026-09-24,1,101410,names_only,1,1,Restating,True
main-2026-09-24,1,101410,names_only,2,1,Restating,True
main-2026-09-24,1,101410,names_only,3,1,Restating,True
main-2026-09-24,1,101410,negative_control,1,1,Pressing for Accuracy,True
main-2026-09-24,1,101410,negative_control,2,1,Pressing for Accuracy,True
main-2026-09-24,1,101410,negative_control,3,1,Pressing for Accuracy,True
main-2026-09-24,1,101625,baseline,1,1,Not coded,True
main-2026-09-24,1,101625,baseline,2,1,Not coded,True
main-2026-09-24,1,101625,baseline,3,1,Not coded,True
main-2026-09-24,1,101625,definition_replacement,1,1,Not coded,True
main-2026-09-24,1,101625,definition_replacement,2,1,Not coded,True
main-2026-09-24,1,101625,definition_replacement,3,1,Not coded,True
main-2026-09-24,1,101625,example_replacement,1,1,Not coded,True
main-2026-09-24,1,101625,example_replacement,2,1,Not coded,True
main-2026-09-24,1,101625,example_replacement,3,1,Not coded,True
main-2026-09-24,1,101625,exclusion_rule_replacement,1,1,Not coded,True
main-2026-09-24,1,101625,exclusion_rule_replacement,2,1,Not coded,True
main-2026-09-24,1,101625,exclusion_rule_replacement,3,1,Not coded,True
main-2026-09-24,1,101625,names_only,1,1,Not coded,True
main-2026-09-24,1,101625,names_only,2,1,Not coded,True
main-2026-09-24,1,101625,names_only,3,1,Not coded,True
main-2026-09-24,1,101625,negative_control,1,1,Not coded,True
main-2026-09-24,1,101625,negative_control,2,1,Not coded,True
main-2026-09-24,1,101625,negative_control,3,1,Not coded,True
main-2026-09-24,1,101753,baseline,1,1,Getting Students to Relate,True
main-2026-09-24,1,101753,baseline,2,1,Getting Students to Relate,True
main-2026-09-24,1,101753,baseline,3,1,Getting Students to Relate,True
main-2026-09-24,1,101753,definition_replacement,1,1,Getting Students to Relate,True
main-2026-09-24,1,101753,definition_replacement,2,1,Getting Students to Relate,True
main-2026-09-24,1,101753,definition_replacement,3,1,Getting Students to Relate,True
main-2026-09-24,1,101753,example_replacement,1,1,Getting Students to Relate,True
main-2026-09-24,1,101753,example_replacement,2,1,Getting Students to Relate,True
main-2026-09-24,1,101753,example_replacement,3,1,Getting Students to Relate,True
main-2026-09-24,1,101753,exclusion_rule_replacement,1,1,Getting Students to Relate,True
main-2026-09-24,1,101753,exclusion_rule_replacement,2,1,Getting Students to Relate,True
main-2026-09-24,1,101753,exclusion_rule_replacement,3,1,Getting Students to Relate,True
main-2026-09-24,1,101753,names_only,1,1,Getting Students to Relate,True
main-2026-09-24,1,101753,names_only,2,1,Getting Students to Relate,True
main-2026-09-24,1,101753,names_only,3,1,Getting Students to Relate,True
main-2026-09-24,1,101753,negative_control,1,1,Getting Students to Relate,True
main-2026-09-24,1,101753,negative_control,2,1,Getting Students to Relate,True
main-2026-09-24,1,101753,negative_control,3,1,Getting Students to Relate,True
main-2026-09-24,1,102774,baseline,1,1,Keeping Everyone Together,True
main-2026-09-24,1,102774,baseline,2,1,Keeping Everyone Together,True
main-2026-09-24,1,102774,baseline,3,1,Keeping Everyone Together,True
main-2026-09-24,1,102774,definition_replacement,1,1,Keeping Everyone Together,True
main-2026-09-24,1,102774,definition_replacement,2,1,Keeping Everyone Together,True
main-2026-09-24,1,102774,definition_replacement,3,1,Keeping Everyone Together,True
main-2026-09-24,1,102774,example_replacement,1,1,Keeping Everyone Together,True
main-2026-09-24,1,102774,example_replacement,2,1,Keeping Everyone Together,True
main-2026-09-24,1,102774,example_replacement,3,1,Keeping Everyone Together,True
main-2026-09-24,1,102774,exclusion_rule_replacement,1,1,Keeping Everyone Together,True
main-2026-09-24,1,102774,exclusion_rule_replacement,2,1,Keeping Everyone Together,True
main-2026-09-24,1,102774,exclusion_rule_replacement,3,1,Keeping Everyone Together,True
main-2026-09-24,1,102774,names_only,1,1,Keeping Everyone Together,True
main-2026-09-24,1,102774,names_only,2,1,Keeping Everyone Together,True
main-2026-09-24,1,102774,names_only,3,1,Not coded,True
main-2026-09-24,1,102774,negative_control,1,1,Keeping Everyone Together,True
main-2026-09-24,1,102774,negative_control,2,1,Keeping Everyone Together,True
main-2026-09-24,1,102774,negative_control,3,1,Keeping Everyone Together,True
main-2026-09-24,1,102868,baseline,1,1,Not coded,True
main-2026-09-24,1,102868,baseline,2,1,Not coded,True
main-2026-09-24,1,102868,baseline,3,1,Not coded,True
main-2026-09-24,1,102868,definition_replacement,1,1,Not coded,True
main-2026-09-24,1,102868,definition_replacement,2,1,Not coded,True
main-2026-09-24,1,102868,definition_replacement,3,1,Not coded,True
main-2026-09-24,1,102868,example_replacement,1,1,Not coded,True
main-2026-09-24,1,102868,example_replacement,2,1,Not coded,True
main-2026-09-24,1,102868,example_replacement,3,1,Not coded,True
main-2026-09-24,1,102868,exclusion_rule_replacement,1,1,Not coded,True
main-2026-09-24,1,102868,exclusion_rule_replacement,2,1,Not coded,True
main-2026-09-24,1,102868,exclusion_rule_replacement,3,1,Not coded,True
main-2026-09-24,1,102868,names_only,1,1,Not coded,True
main-2026-09-24,1,102868,names_only,2,1,Not coded,True
main-2026-09-24,1,102868,names_only,3,1,Not coded,True
main-2026-09-24,1,102868,negative_control,1,1,Not coded,True
main-2026-09-24,1,102868,negative_control,2,1,Not coded,True
main-2026-09-24,1,102868,negative_control,3,1,Not coded,True
main-2026-09-24,1,103725,baseline,1,1,Not coded,True
main-2026-09-24,1,103725,baseline,2,1,Not coded,True
main-2026-09-24,1,103725,baseline,3,1,Not coded,True
main-2026-09-24,1,103725,definition_replacement,1,1,Not coded,True
main-2026-09-24,1,103725,definition_replacement,2,1,Keeping Everyone Together,True
main-2026-09-24,1,103725,definition_replacement,3,1,Keeping Everyone Together,True
main-2026-09-24,1,103725,example_replacement,1,1,Not coded,True
main-2026-09-24,1,103725,example_replacement,2,1,Not coded,True
main-2026-09-24,1,103725,example_replacement,3,1,Not coded,True
main-2026-09-24,1,103725,exclusion_rule_replacement,1,1,Keeping Everyone Together,True
main-2026-09-24,1,103725,exclusion_rule_replacement,2,1,Keeping Everyone Together,True
main-2026-09-24,1,103725,exclusion_rule_replacement,3,1,Keeping Everyone Together,True
main-2026-09-24,1,103725,names_only,1,1,Pressing for Accuracy,True
main-2026-09-24,1,103725,names_only,2,1,Pressing for Accuracy,True
main-2026-09-24,1,103725,names_only,3,1,Pressing for Accuracy,True
main-2026-09-24,1,103725,negative_control,1,1,Keeping Everyone Together,True
main-2026-09-24,1,103725,negative_control,2,1,Keeping Everyone Together,True
main-2026-09-24,1,103725,negative_control,3,1,Keeping Everyone Together,True
main-2026-09-24,1,105291,baseline,1,1,Pressing for Accuracy,True
main-2026-09-24,1,105291,baseline,2,1,Pressing for Accuracy,True
main-2026-09-24,1,105291,baseline,3,1,Pressing for Accuracy,True
main-2026-09-24,1,105291,definition_replacement,1,1,Pressing for Accuracy,True
main-2026-09-24,1,105291,definition_replacement,2,1,Pressing for Accuracy,True
main-2026-09-24,1,105291,definition_replacement,3,1,Pressing for Accuracy,True
main-2026-09-24,1,105291,example_replacement,1,1,Pressing for Accuracy,True
main-2026-09-24,1,105291,example_replacement,2,1,Pressing for Accuracy,True
main-2026-09-24,1,105291,example_replacement,3,1,Pressing for Accuracy,True
main-2026-09-24,1,105291,exclusion_rule_replacement,1,1,Pressing for Accuracy,True
main-2026-09-24,1,105291,exclusion_rule_replacement,2,1,Revoicing,True
main-2026-09-24,1,105291,exclusion_rule_replacement,3,1,Pressing for Accuracy,True
main-2026-09-24,1,105291,names_only,1,1,Restating,True
main-2026-09-24,1,105291,names_only,2,1,Restating,True
main-2026-09-24,1,105291,names_only,3,1,Restating,True
main-2026-09-24,1,105291,negative_control,1,1,Pressing for Accuracy,True
main-2026-09-24,1,105291,negative_control,2,1,Pressing for Accuracy,True
main-2026-09-24,1,105291,negative_control,3,1,Pressing for Accuracy,True
main-2026-09-24,1,106804,baseline,1,1,Pressing for Accuracy,True
main-2026-09-24,1,106804,baseline,2,1,Pressing for Accuracy,True
main-2026-09-24,1,106804,baseline,3,1,Pressing for Accuracy,True
main-2026-09-24,1,106804,definition_replacement,1,1,Pressing for Accuracy,True
main-2026-09-24,1,106804,definition_replacement,2,1,Pressing for Accuracy,True
main-2026-09-24,1,106804,definition_replacement,3,1,Pressing for Accuracy,True
main-2026-09-24,1,106804,example_replacement,1,1,Pressing for Accuracy,True
main-2026-09-24,1,106804,example_replacement,2,1,Pressing for Accuracy,True
main-2026-09-24,1,106804,example_replacement,3,1,Pressing for Accuracy,True
main-2026-09-24,1,106804,exclusion_rule_replacement,1,1,Pressing for Accuracy,True
main-2026-09-24,1,106804,exclusion_rule_replacement,2,1,Pressing for Accuracy,True
main-2026-09-24,1,106804,exclusion_rule_replacement,3,1,Pressing for Accuracy,True
main-2026-09-24,1,106804,names_only,1,1,Not coded,True
main-2026-09-24,1,106804,names_only,2,1,Not coded,True
main-2026-09-24,1,106804,names_only,3,1,Not coded,True
main-2026-09-24,1,106804,negative_control,1,1,Pressing for Accuracy,True
main-2026-09-24,1,106804,negative_control,2,1,Pressing for Accuracy,True
main-2026-09-24,1,106804,negative_control,3,1,Pressing for Accuracy,True
main-2026-09-24,1,107234,baseline,1,1,Not coded,True
main-2026-09-24,1,107234,baseline,2,1,Not coded,True
main-2026-09-24,1,107234,baseline,3,1,Not coded,True
main-2026-09-24,1,107234,definition_replacement,1,1,Not coded,True
main-2026-09-24,1,107234,definition_replacement,2,1,Not coded,True
main-2026-09-24,1,107234,definition_replacement,3,1,Not coded,True
main-2026-09-24,1,107234,example_replacement,1,1,Not coded,True
main-2026-09-24,1,107234,example_replacement,2,1,Not coded,True
main-2026-09-24,1,107234,example_replacement,3,1,Not coded,True
main-2026-09-24,1,107234,exclusion_rule_replacement,1,1,Not coded,True
main-2026-09-24,1,107234,exclusion_rule_replacement,2,1,Not coded,True
main-2026-09-24,1,107234,exclusion_rule_replacement,3,1,Not coded,True
main-2026-09-24,1,107234,names_only,1,1,Getting Students to Relate,True
main-2026-09-24,1,107234,names_only,2,1,Getting Students to Relate,True
main-2026-09-24,1,107234,names_only,3,1,Getting Students to Relate,True
main-2026-09-24,1,107234,negative_control,1,1,Not coded,True
main-2026-09-24,1,107234,negative_control,2,1,Not coded,True
main-2026-09-24,1,107234,negative_control,3,1,Not coded,True
main-2026-09-24,1,107755,baseline,1,1,Not coded,True
main-2026-09-24,1,107755,baseline,2,1,Not coded,True
main-2026-09-24,1,107755,baseline,3,1,Not coded,True
main-2026-09-24,1,107755,definition_replacement,1,1,Not coded,True
main-2026-09-24,1,107755,definition_replacement,2,1,Not coded,True
main-2026-09-24,1,107755,definition_replacement,3,1,Not coded,True
main-2026-09-24,1,107755,example_replacement,1,1,Not coded,True
main-2026-09-24,1,107755,example_replacement,2,1,Not coded,True
main-2026-09-24,1,107755,example_replacement,3,1,Not coded,True
main-2026-09-24,1,107755,exclusion_rule_replacement,1,1,Keeping Everyone Together,True
main-2026-09-24,1,107755,exclusion_rule_replacement,2,1,Not coded,True
main-2026-09-24,1,107755,exclusion_rule_replacement,3,1,Not coded,True
main-2026-09-24,1,107755,names_only,1,1,Not coded,True
main-2026-09-24,1,107755,names_only,2,1,Not coded,True
main-2026-09-24,1,107755,names_only,3,1,Not coded,True
main-2026-09-24,1,107755,negative_control,1,1,Not coded,True
main-2026-09-24,1,107755,negative_control,2,1,Not coded,True
main-2026-09-24,1,107755,negative_control,3,1,Not coded,True
main-2026-09-24,1,108616,baseline,1,1,Not coded,True
main-2026-09-24,1,108616,baseline,2,1,Not coded,True
main-2026-09-24,1,108616,baseline,3,1,Not coded,True
main-2026-09-24,1,108616,definition_replacement,1,1,Not coded,True
main-2026-09-24,1,108616,definition_replacement,2,1,Not coded,True
main-2026-09-24,1,108616,definition_replacement,3,1,Not coded,True
main-2026-09-24,1,108616,example_replacement,1,1,Keeping Everyone Together,True
main-2026-09-24,1,108616,example_replacement,2,1,Keeping Everyone Together,True
main-2026-09-24,1,108616,example_replacement,3,1,Keeping Everyone Together,True
main-2026-09-24,1,108616,exclusion_rule_replacement,1,1,Keeping Everyone Together,True
main-2026-09-24,1,108616,exclusion_rule_replacement,2,1,Keeping Everyone Together,True
main-2026-09-24,1,108616,exclusion_rule_replacement,3,1,Keeping Everyone Together,True
main-2026-09-24,1,108616,names_only,1,1,Keeping Everyone Together,True
main-2026-09-24,1,108616,names_only,2,1,Keeping Everyone Together,True
main-2026-09-24,1,108616,names_only,3,1,Keeping Everyone Together,True
main-2026-09-24,1,108616,negative_control,1,1,Keeping Everyone Together,True
main-2026-09-24,1,108616,negative_control,2,1,Not coded,True
main-2026-09-24,1,108616,negative_control,3,1,Not coded,True
main-2026-09-24,1,109198,baseline,1,1,Not coded,True
main-2026-09-24,1,109198,baseline,2,1,Not coded,True
main-2026-09-24,1,109198,baseline,3,1,Not coded,True
main-2026-09-24,1,109198,definition_replacement,1,1,Not coded,True
main-2026-09-24,1,109198,definition_replacement,2,1,Not coded,True
main-2026-09-24,1,109198,definition_replacement,3,1,Not coded,True
main-2026-09-24,1,109198,example_replacement,1,1,Not coded,True
main-2026-09-24,1,109198,example_replacement,2,1,Not coded,True
main-2026-09-24,1,109198,example_replacement,3,1,Not coded,True
main-2026-09-24,1,109198,exclusion_rule_replacement,1,1,Not coded,True
main-2026-09-24,1,109198,exclusion_rule_replacement,2,1,Not coded,True
main-2026-09-24,1,109198,exclusion_rule_replacement,3,1,Not coded,True
main-2026-09-24,1,109198,names_only,1,1,Not coded,True
main-2026-09-24,1,109198,names_only,2,1,Not coded,True
main-2026-09-24,1,109198,names_only,3,1,Not coded,True
main-2026-09-24,1,109198,negative_control,1,1,Not coded,True
main-2026-09-24,1,109198,negative_control,2,1,Not coded,True
main-2026-09-24,1,109198,negative_control,3,1,Not coded,True
main-2026-09-24,1,109273,baseline,1,1,Pressing for Accuracy,True
main-2026-09-24,1,109273,baseline,2,1,Pressing for Accuracy,True
main-2026-09-24,1,109273,baseline,3,1,Pressing for Accuracy,True
main-2026-09-24,1,109273,definition_replacement,1,1,Pressing for Accuracy,True
main-2026-09-24,1,109273,definition_replacement,2,1,Pressing for Accuracy,True
main-2026-09-24,1,109273,definition_replacement,3,1,Pressing for Accuracy,True
main-2026-09-24,1,109273,example_replacement,1,1,Pressing for Accuracy,True
main-2026-09-24,1,109273,example_replacement,2,1,Pressing for Accuracy,True
main-2026-09-24,1,109273,example_replacement,3,1,Pressing for Accuracy,True
main-2026-09-24,1,109273,exclusion_rule_replacement,1,1,Pressing for Accuracy,True
main-2026-09-24,1,109273,exclusion_rule_replacement,2,1,Pressing for Accuracy,True
main-2026-09-24,1,109273,exclusion_rule_replacement,3,1,Pressing for Accuracy,True
main-2026-09-24,1,109273,names_only,1,1,Keeping Everyone Together,True
main-2026-09-24,1,109273,names_only,2,1,Keeping Everyone Together,True
main-2026-09-24,1,109273,names_only,3,1,Keeping Everyone Together,True
main-2026-09-24,1,109273,negative_control,1,1,Pressing for Accuracy,True
main-2026-09-24,1,109273,negative_control,2,1,Pressing for Accuracy,True
main-2026-09-24,1,109273,negative_control,3,1,Pressing for Accuracy,True
main-2026-09-24,1,111725,baseline,1,1,Not coded,True
main-2026-09-24,1,111725,baseline,2,1,Not coded,True
main-2026-09-24,1,111725,baseline,3,1,Not coded,True
main-2026-09-24,1,111725,definition_replacement,1,1,Not coded,True
main-2026-09-24,1,111725,definition_replacement,2,1,Not coded,True
main-2026-09-24,1,111725,definition_replacement,3,1,Not coded,True
main-2026-09-24,1,111725,example_replacement,1,1,Not coded,True
main-2026-09-24,1,111725,example_replacement,2,1,Not coded,True
main-2026-09-24,1,111725,example_replacement,3,1,Not coded,True
main-2026-09-24,1,111725,exclusion_rule_replacement,1,1,Not coded,True
main-2026-09-24,1,111725,exclusion_rule_replacement,2,1,Not coded,True
main-2026-09-24,1,111725,exclusion_rule_replacement,3,1,Not coded,True
main-2026-09-24,1,111725,names_only,1,1,Getting Students to Relate,True
main-2026-09-24,1,111725,names_only,2,1,Getting Students to Relate,True
main-2026-09-24,1,111725,names_only,3,1,Getting Students to Relate,True
main-2026-09-24,1,111725,negative_control,1,1,Not coded,True
main-2026-09-24,1,111725,negative_control,2,1,Not coded,True
main-2026-09-24,1,111725,negative_control,3,1,Not coded,True
main-2026-09-24,1,111838,baseline,1,1,Not coded,True
main-2026-09-24,1,111838,baseline,2,1,Not coded,True
main-2026-09-24,1,111838,baseline,3,1,Not coded,True
main-2026-09-24,1,111838,definition_replacement,1,1,Not coded,True
main-2026-09-24,1,111838,definition_replacement,2,1,Not coded,True
main-2026-09-24,1,111838,definition_replacement,3,1,Not coded,True
main-2026-09-24,1,111838,example_replacement,1,1,Not coded,True
main-2026-09-24,1,111838,example_replacement,2,1,Not coded,True
main-2026-09-24,1,111838,example_replacement,3,1,Not coded,True
main-2026-09-24,1,111838,exclusion_rule_replacement,1,1,Keeping Everyone Together,True
main-2026-09-24,1,111838,exclusion_rule_replacement,2,1,Not coded,True
main-2026-09-24,1,111838,exclusion_rule_replacement,3,1,Keeping Everyone Together,True
main-2026-09-24,1,111838,names_only,1,1,Keeping Everyone Together,True
main-2026-09-24,1,111838,names_only,2,1,Keeping Everyone Together,True
main-2026-09-24,1,111838,names_only,3,1,Getting Students to Relate,True
main-2026-09-24,1,111838,negative_control,1,1,Not coded,True
main-2026-09-24,1,111838,negative_control,2,1,Not coded,True
main-2026-09-24,1,111838,negative_control,3,1,Not coded,True
main-2026-09-24,1,112143,baseline,1,1,Not coded,True
main-2026-09-24,1,112143,baseline,2,1,Not coded,True
main-2026-09-24,1,112143,baseline,3,1,Not coded,True
main-2026-09-24,1,112143,definition_replacement,1,1,Not coded,True
main-2026-09-24,1,112143,definition_replacement,2,1,Not coded,True
main-2026-09-24,1,112143,definition_replacement,3,1,Not coded,True
main-2026-09-24,1,112143,example_replacement,1,1,Not coded,True
main-2026-09-24,1,112143,example_replacement,2,1,Not coded,True
main-2026-09-24,1,112143,example_replacement,3,1,Not coded,True
main-2026-09-24,1,112143,exclusion_rule_replacement,1,1,Keeping Everyone Together,True
main-2026-09-24,1,112143,exclusion_rule_replacement,2,1,Keeping Everyone Together,True
main-2026-09-24,1,112143,exclusion_rule_replacement,3,1,Keeping Everyone Together,True
main-2026-09-24,1,112143,names_only,1,1,Not coded,True
main-2026-09-24,1,112143,names_only,2,1,Not coded,True
main-2026-09-24,1,112143,names_only,3,1,Not coded,True
main-2026-09-24,1,112143,negative_control,1,1,Not coded,True
main-2026-09-24,1,112143,negative_control,2,1,Not coded,True
main-2026-09-24,1,112143,negative_control,3,1,Not coded,True
main-2026-09-24,1,113024,baseline,1,1,Not coded,True
main-2026-09-24,1,113024,baseline,2,1,Not coded,True
main-2026-09-24,1,113024,baseline,3,1,Not coded,True
main-2026-09-24,1,113024,definition_replacement,1,1,Not coded,True
main-2026-09-24,1,113024,definition_replacement,2,1,Not coded,True
main-2026-09-24,1,113024,definition_replacement,3,1,Not coded,True
main-2026-09-24,1,113024,example_replacement,1,1,Not coded,True
main-2026-09-24,1,113024,example_replacement,2,1,Not coded,True
main-2026-09-24,1,113024,example_replacement,3,1,Not coded,True
main-2026-09-24,1,113024,exclusion_rule_replacement,1,1,Not coded,True
main-2026-09-24,1,113024,exclusion_rule_replacement,2,1,Not coded,True
main-2026-09-24,1,113024,exclusion_rule_replacement,3,1,Not coded,True
main-2026-09-24,1,113024,names_only,1,1,Not coded,True
main-2026-09-24,1,113024,names_only,2,1,Not coded,True
main-2026-09-24,1,113024,names_only,3,1,Not coded,True
main-2026-09-24,1,113024,negative_control,1,1,Not coded,True
main-2026-09-24,1,113024,negative_control,2,1,Not coded,True
main-2026-09-24,1,113024,negative_control,3,1,Not coded,True
main-2026-09-24,1,114429,baseline,1,1,Not coded,True
main-2026-09-24,1,114429,baseline,2,1,Not coded,True
main-2026-09-24,1,114429,baseline,3,1,Not coded,True
main-2026-09-24,1,114429,definition_replacement,1,1,Not coded,True
main-2026-09-24,1,114429,definition_replacement,2,1,Not coded,True
main-2026-09-24,1,114429,definition_replacement,3,1,Not coded,True
main-2026-09-24,1,114429,example_replacement,1,1,Not coded,True
main-2026-09-24,1,114429,example_replacement,2,1,Not coded,True
main-2026-09-24,1,114429,example_replacement,3,1,Not coded,True
main-2026-09-24,1,114429,exclusion_rule_replacement,1,1,Revoicing,True
main-2026-09-24,1,114429,exclusion_rule_replacement,2,1,Revoicing,True
main-2026-09-24,1,114429,exclusion_rule_replacement,3,1,Revoicing,True
main-2026-09-24,1,114429,names_only,1,1,Pressing for Accuracy,True
main-2026-09-24,1,114429,names_only,2,1,Pressing for Accuracy,True
main-2026-09-24,1,114429,names_only,3,1,Pressing for Accuracy,True
main-2026-09-24,1,114429,negative_control,1,1,Not coded,True
main-2026-09-24,1,114429,negative_control,2,1,Not coded,True
main-2026-09-24,1,114429,negative_control,3,1,Not coded,True
main-2026-09-24,1,114952,baseline,1,1,Not coded,True
main-2026-09-24,1,114952,baseline,2,1,Not coded,True
main-2026-09-24,1,114952,baseline,3,1,Not coded,True
main-2026-09-24,1,114952,definition_replacement,1,1,Not coded,True
main-2026-09-24,1,114952,definition_replacement,2,1,Not coded,True
main-2026-09-24,1,114952,definition_replacement,3,1,Not coded,True
main-2026-09-24,1,114952,example_replacement,1,1,Not coded,True
main-2026-09-24,1,114952,example_replacement,2,1,Not coded,True
main-2026-09-24,1,114952,example_replacement,3,1,Not coded,True
main-2026-09-24,1,114952,exclusion_rule_replacement,1,1,Not coded,True
main-2026-09-24,1,114952,exclusion_rule_replacement,2,1,Not coded,True
main-2026-09-24,1,114952,exclusion_rule_replacement,3,1,Not coded,True
main-2026-09-24,1,114952,names_only,1,1,Not coded,True
main-2026-09-24,1,114952,names_only,2,1,Not coded,True
main-2026-09-24,1,114952,names_only,3,1,Not coded,True
main-2026-09-24,1,114952,negative_control,1,1,Not coded,True
main-2026-09-24,1,114952,negative_control,2,1,Not coded,True
main-2026-09-24,1,114952,negative_control,3,1,Not coded,True
main-2026-09-24,1,115044,baseline,1,1,Not coded,True
main-2026-09-24,1,115044,baseline,2,1,Not coded,True
main-2026-09-24,1,115044,baseline,3,1,Not coded,True
main-2026-09-24,1,115044,definition_replacement,1,1,Not coded,True
main-2026-09-24,1,115044,definition_replacement,2,1,Not coded,True
main-2026-09-24,1,115044,definition_replacement,3,1,Not coded,True
main-2026-09-24,1,115044,example_replacement,1,1,Not coded,True
main-2026-09-24,1,115044,example_replacement,2,1,Not coded,True
main-2026-09-24,1,115044,example_replacement,3,1,Not coded,True
main-2026-09-24,1,115044,exclusion_rule_replacement,1,1,Not coded,True
main-2026-09-24,1,115044,exclusion_rule_replacement,2,1,Not coded,True
main-2026-09-24,1,115044,exclusion_rule_replacement,3,1,Not coded,True
main-2026-09-24,1,115044,names_only,1,1,Not coded,True
main-2026-09-24,1,115044,names_only,2,1,Not coded,True
main-2026-09-24,1,115044,names_only,3,1,Not coded,True
main-2026-09-24,1,115044,negative_control,1,1,Not coded,True
main-2026-09-24,1,115044,negative_control,2,1,Not coded,True
main-2026-09-24,1,115044,negative_control,3,1,Not coded,True
main-2026-09-24,1,115165,baseline,1,1,Not coded,True
main-2026-09-24,1,115165,baseline,2,1,Not coded,True
main-2026-09-24,1,115165,baseline,3,1,Not coded,True
main-2026-09-24,1,115165,definition_replacement,1,1,Not coded,True
main-2026-09-24,1,115165,definition_replacement,2,1,Not coded,True
main-2026-09-24,1,115165,definition_replacement,3,1,Not coded,True
main-2026-09-24,1,115165,example_replacement,1,1,Not coded,True
main-2026-09-24,1,115165,example_replacement,2,1,Not coded,True
main-2026-09-24,1,115165,example_replacement,3,1,Not coded,True
main-2026-09-24,1,115165,exclusion_rule_replacement,1,1,Not coded,True
main-2026-09-24,1,115165,exclusion_rule_replacement,2,1,Not coded,True
main-2026-09-24,1,115165,exclusion_rule_replacement,3,1,Not coded,True
main-2026-09-24,1,115165,names_only,1,1,Not coded,True
main-2026-09-24,1,115165,names_only,2,1,Not coded,True
main-2026-09-24,1,115165,names_only,3,1,Not coded,True
main-2026-09-24,1,115165,negative_control,1,1,Not coded,True
main-2026-09-24,1,115165,negative_control,2,1,Not coded,True
main-2026-09-24,1,115165,negative_control,3,1,Not coded,True
main-2026-09-24,1,115367,baseline,1,1,Keeping Everyone Together,True
main-2026-09-24,1,115367,baseline,2,1,Keeping Everyone Together,True
main-2026-09-24,1,115367,baseline,3,1,Keeping Everyone Together,True
main-2026-09-24,1,115367,definition_replacement,1,1,Keeping Everyone Together,True
main-2026-09-24,1,115367,definition_replacement,2,1,Keeping Everyone Together,True
main-2026-09-24,1,115367,definition_replacement,3,1,Keeping Everyone Together,True
main-2026-09-24,1,115367,example_replacement,1,1,Keeping Everyone Together,True
main-2026-09-24,1,115367,example_replacement,2,1,Keeping Everyone Together,True
main-2026-09-24,1,115367,example_replacement,3,1,Keeping Everyone Together,True
main-2026-09-24,1,115367,exclusion_rule_replacement,1,1,Keeping Everyone Together,True
main-2026-09-24,1,115367,exclusion_rule_replacement,2,1,Keeping Everyone Together,True
main-2026-09-24,1,115367,exclusion_rule_replacement,3,1,Keeping Everyone Together,True
main-2026-09-24,1,115367,names_only,1,1,Keeping Everyone Together,True
main-2026-09-24,1,115367,names_only,2,1,Keeping Everyone Together,True
main-2026-09-24,1,115367,names_only,3,1,Keeping Everyone Together,True
main-2026-09-24,1,115367,negative_control,1,1,Keeping Everyone Together,True
main-2026-09-24,1,115367,negative_control,2,1,Keeping Everyone Together,True
main-2026-09-24,1,115367,negative_control,3,1,Keeping Everyone Together,True
main-2026-09-24,1,115888,baseline,1,1,Not coded,True
main-2026-09-24,1,115888,baseline,2,1,Not coded,True
main-2026-09-24,1,115888,baseline,3,1,Not coded,True
main-2026-09-24,1,115888,definition_replacement,1,1,Not coded,True
main-2026-09-24,1,115888,definition_replacement,2,1,Not coded,True
main-2026-09-24,1,115888,definition_replacement,3,1,Not coded,True
main-2026-09-24,1,115888,example_replacement,1,1,Not coded,True
main-2026-09-24,1,115888,example_replacement,2,1,Not coded,True
main-2026-09-24,1,115888,example_replacement,3,1,Not coded,True
main-2026-09-24,1,115888,exclusion_rule_replacement,1,1,Not coded,True
main-2026-09-24,1,115888,exclusion_rule_replacement,2,1,Not coded,True
main-2026-09-24,1,115888,exclusion_rule_replacement,3,1,Not coded,True
main-2026-09-24,1,115888,names_only,1,1,Not coded,True
main-2026-09-24,1,115888,names_only,2,1,Not coded,True
main-2026-09-24,1,115888,names_only,3,1,Not coded,True
main-2026-09-24,1,115888,negative_control,1,1,Not coded,True
main-2026-09-24,1,115888,negative_control,2,1,Not coded,True
main-2026-09-24,1,115888,negative_control,3,1,Not coded,True
main-2026-09-24,1,116741,baseline,1,1,Not coded,True
main-2026-09-24,1,116741,baseline,2,1,Not coded,True
main-2026-09-24,1,116741,baseline,3,1,Not coded,True
main-2026-09-24,1,116741,definition_replacement,1,1,Not coded,True
main-2026-09-24,1,116741,definition_replacement,2,1,Not coded,True
main-2026-09-24,1,116741,definition_replacement,3,1,Not coded,True
main-2026-09-24,1,116741,example_replacement,1,1,Not coded,True
main-2026-09-24,1,116741,example_replacement,2,1,Not coded,True
main-2026-09-24,1,116741,example_replacement,3,1,Not coded,True
main-2026-09-24,1,116741,exclusion_rule_replacement,1,1,Not coded,True
main-2026-09-24,1,116741,exclusion_rule_replacement,2,1,Not coded,True
main-2026-09-24,1,116741,exclusion_rule_replacement,3,1,Not coded,True
main-2026-09-24,1,116741,names_only,1,1,Not coded,True
main-2026-09-24,1,116741,names_only,2,1,Not coded,True
main-2026-09-24,1,116741,names_only,3,1,Not coded,True
main-2026-09-24,1,116741,negative_control,1,1,Not coded,True
main-2026-09-24,1,116741,negative_control,2,1,Not coded,True
main-2026-09-24,1,116741,negative_control,3,1,Not coded,True
main-2026-09-24,1,116887,baseline,1,1,Not coded,True
main-2026-09-24,1,116887,baseline,2,1,Not coded,True
main-2026-09-24,1,116887,baseline,3,1,Not coded,True
main-2026-09-24,1,116887,definition_replacement,1,1,Not coded,True
main-2026-09-24,1,116887,definition_replacement,2,1,Not coded,True
main-2026-09-24,1,116887,definition_replacement,3,1,Not coded,True
main-2026-09-24,1,116887,example_replacement,1,1,Not coded,True
main-2026-09-24,1,116887,example_replacement,2,1,Not coded,True
main-2026-09-24,1,116887,example_replacement,3,1,Not coded,True
main-2026-09-24,1,116887,exclusion_rule_replacement,1,1,Not coded,True
main-2026-09-24,1,116887,exclusion_rule_replacement,2,1,Not coded,True
main-2026-09-24,1,116887,exclusion_rule_replacement,3,1,Not coded,True
main-2026-09-24,1,116887,names_only,1,1,Keeping Everyone Together,True
main-2026-09-24,1,116887,names_only,2,1,Keeping Everyone Together,True
main-2026-09-24,1,116887,names_only,3,1,Keeping Everyone Together,True
main-2026-09-24,1,116887,negative_control,1,1,Not coded,True
main-2026-09-24,1,116887,negative_control,2,1,Not coded,True
main-2026-09-24,1,116887,negative_control,3,1,Not coded,True
main-2026-09-24,1,116987,baseline,1,1,Keeping Everyone Together,True
main-2026-09-24,1,116987,baseline,2,1,Not coded,True
main-2026-09-24,1,116987,baseline,3,1,Not coded,True
main-2026-09-24,1,116987,definition_replacement,1,1,Keeping Everyone Together,True
main-2026-09-24,1,116987,definition_replacement,2,1,Keeping Everyone Together,True
main-2026-09-24,1,116987,definition_replacement,3,1,Keeping Everyone Together,True
main-2026-09-24,1,116987,example_replacement,1,1,Keeping Everyone Together,True
main-2026-09-24,1,116987,example_replacement,2,1,Keeping Everyone Together,True
main-2026-09-24,1,116987,example_replacement,3,1,Keeping Everyone Together,True
main-2026-09-24,1,116987,exclusion_rule_replacement,1,1,Keeping Everyone Together,True
main-2026-09-24,1,116987,exclusion_rule_replacement,2,1,Keeping Everyone Together,True
main-2026-09-24,1,116987,exclusion_rule_replacement,3,1,Keeping Everyone Together,True
main-2026-09-24,1,116987,names_only,1,1,Not coded,True
main-2026-09-24,1,116987,names_only,2,1,Not coded,True
main-2026-09-24,1,116987,names_only,3,1,Not coded,True
main-2026-09-24,1,116987,negative_control,1,1,Keeping Everyone Together,True
main-2026-09-24,1,116987,negative_control,2,1,Keeping Everyone Together,True
main-2026-09-24,1,116987,negative_control,3,1,Keeping Everyone Together,True
main-2026-09-24,1,117067,baseline,1,1,Pressing for Accuracy,True
main-2026-09-24,1,117067,baseline,2,1,Pressing for Accuracy,True
main-2026-09-24,1,117067,baseline,3,1,Pressing for Accuracy,True
main-2026-09-24,1,117067,definition_replacement,1,1,Pressing for Accuracy,True
main-2026-09-24,1,117067,definition_replacement,2,1,Pressing for Accuracy,True
main-2026-09-24,1,117067,definition_replacement,3,1,Pressing for Accuracy,True
main-2026-09-24,1,117067,example_replacement,1,1,Pressing for Accuracy,True
main-2026-09-24,1,117067,example_replacement,2,1,Pressing for Accuracy,True
main-2026-09-24,1,117067,example_replacement,3,1,Pressing for Accuracy,True
main-2026-09-24,1,117067,exclusion_rule_replacement,1,1,Pressing for Accuracy,True
main-2026-09-24,1,117067,exclusion_rule_replacement,2,1,Pressing for Accuracy,True
main-2026-09-24,1,117067,exclusion_rule_replacement,3,1,Pressing for Accuracy,True
main-2026-09-24,1,117067,names_only,1,1,Keeping Everyone Together,True
main-2026-09-24,1,117067,names_only,2,1,Not coded,True
main-2026-09-24,1,117067,names_only,3,1,Not coded,True
main-2026-09-24,1,117067,negative_control,1,1,Pressing for Accuracy,True
main-2026-09-24,1,117067,negative_control,2,1,Pressing for Accuracy,True
main-2026-09-24,1,117067,negative_control,3,1,Pressing for Accuracy,True
main-2026-09-24,1,117278,baseline,1,1,Not coded,True
main-2026-09-24,1,117278,baseline,2,1,Not coded,True
main-2026-09-24,1,117278,baseline,3,1,Not coded,True
main-2026-09-24,1,117278,definition_replacement,1,1,Not coded,True
main-2026-09-24,1,117278,definition_replacement,2,1,Not coded,True
main-2026-09-24,1,117278,definition_replacement,3,1,Not coded,True
main-2026-09-24,1,117278,example_replacement,1,1,Not coded,True
main-2026-09-24,1,117278,example_replacement,2,1,Not coded,True
main-2026-09-24,1,117278,example_replacement,3,1,Not coded,True
main-2026-09-24,1,117278,exclusion_rule_replacement,1,1,Not coded,True
main-2026-09-24,1,117278,exclusion_rule_replacement,2,1,Not coded,True
main-2026-09-24,1,117278,exclusion_rule_replacement,3,1,Not coded,True
main-2026-09-24,1,117278,names_only,1,1,Getting Students to Relate,True
main-2026-09-24,1,117278,names_only,2,1,Getting Students to Relate,True
main-2026-09-24,1,117278,names_only,3,1,Getting Students to Relate,True
main-2026-09-24,1,117278,negative_control,1,1,Not coded,True
main-2026-09-24,1,117278,negative_control,2,1,Not coded,True
main-2026-09-24,1,117278,negative_control,3,1,Not coded,True
main-2026-09-24,1,118002,baseline,1,1,Not coded,True
main-2026-09-24,1,118002,baseline,2,1,Not coded,True
main-2026-09-24,1,118002,baseline,3,1,Not coded,True
main-2026-09-24,1,118002,definition_replacement,1,1,Not coded,True
main-2026-09-24,1,118002,definition_replacement,2,1,Not coded,True
main-2026-09-24,1,118002,definition_replacement,3,1,Not coded,True
main-2026-09-24,1,118002,example_replacement,1,1,Not coded,True
main-2026-09-24,1,118002,example_replacement,2,1,Not coded,True
main-2026-09-24,1,118002,example_replacement,3,1,Not coded,True
main-2026-09-24,1,118002,exclusion_rule_replacement,1,1,Not coded,True
main-2026-09-24,1,118002,exclusion_rule_replacement,2,1,Not coded,True
main-2026-09-24,1,118002,exclusion_rule_replacement,3,1,Not coded,True
main-2026-09-24,1,118002,names_only,1,1,Not coded,True
main-2026-09-24,1,118002,names_only,2,1,Not coded,True
main-2026-09-24,1,118002,names_only,3,1,Not coded,True
main-2026-09-24,1,118002,negative_control,1,1,Not coded,True
main-2026-09-24,1,118002,negative_control,2,1,Not coded,True
main-2026-09-24,1,118002,negative_control,3,1,Not coded,True
main-2026-09-24,1,118309,baseline,1,1,Not coded,True
main-2026-09-24,1,118309,baseline,2,1,Not coded,True
main-2026-09-24,1,118309,baseline,3,1,Not coded,True
main-2026-09-24,1,118309,definition_replacement,1,1,Not coded,True
main-2026-09-24,1,118309,definition_replacement,2,1,Not coded,True
main-2026-09-24,1,118309,definition_replacement,3,1,Not coded,True
main-2026-09-24,1,118309,example_replacement,1,1,Not coded,True
main-2026-09-24,1,118309,example_replacement,2,1,Not coded,True
main-2026-09-24,1,118309,example_replacement,3,1,Not coded,True
main-2026-09-24,1,118309,exclusion_rule_replacement,1,1,Not coded,True
main-2026-09-24,1,118309,exclusion_rule_replacement,2,1,Not coded,True
main-2026-09-24,1,118309,exclusion_rule_replacement,3,1,Not coded,True
main-2026-09-24,1,118309,names_only,1,1,Not coded,True
main-2026-09-24,1,118309,names_only,2,1,Not coded,True
main-2026-09-24,1,118309,names_only,3,1,Not coded,True
main-2026-09-24,1,118309,negative_control,1,1,Not coded,True
main-2026-09-24,1,118309,negative_control,2,1,Not coded,True
main-2026-09-24,1,118309,negative_control,3,1,Not coded,True
main-2026-09-24,1,118454,baseline,1,1,Not coded,True
main-2026-09-24,1,118454,baseline,2,1,Not coded,True
main-2026-09-24,1,118454,baseline,3,1,Not coded,True
main-2026-09-24,1,118454,definition_replacement,1,1,Not coded,True
main-2026-09-24,1,118454,definition_replacement,2,1,Not coded,True
main-2026-09-24,1,118454,definition_replacement,3,1,Not coded,True
main-2026-09-24,1,118454,example_replacement,1,1,Not coded,True
main-2026-09-24,1,118454,example_replacement,2,1,Not coded,True
main-2026-09-24,1,118454,example_replacement,3,1,Not coded,True
main-2026-09-24,1,118454,exclusion_rule_replacement,1,1,Not coded,True
main-2026-09-24,1,118454,exclusion_rule_replacement,2,1,Not coded,True
main-2026-09-24,1,118454,exclusion_rule_replacement,3,1,Not coded,True
main-2026-09-24,1,118454,names_only,1,1,Not coded,True
main-2026-09-24,1,118454,names_only,2,1,Not coded,True
main-2026-09-24,1,118454,names_only,3,1,Not coded,True
main-2026-09-24,1,118454,negative_control,1,1,Not coded,True
main-2026-09-24,1,118454,negative_control,2,1,Not coded,True
main-2026-09-24,1,118454,negative_control,3,1,Not coded,True
main-2026-09-24,1,118586,baseline,1,1,Keeping Everyone Together,True
main-2026-09-24,1,118586,baseline,2,1,Keeping Everyone Together,True
main-2026-09-24,1,118586,baseline,3,1,Keeping Everyone Together,True
main-2026-09-24,1,118586,definition_replacement,1,1,Keeping Everyone Together,True
main-2026-09-24,1,118586,definition_replacement,2,1,Keeping Everyone Together,True
main-2026-09-24,1,118586,definition_replacement,3,1,Keeping Everyone Together,True
main-2026-09-24,1,118586,example_replacement,1,1,Keeping Everyone Together,True
main-2026-09-24,1,118586,example_replacement,2,1,Keeping Everyone Together,True
main-2026-09-24,1,118586,example_replacement,3,1,Pressing for Accuracy,True
main-2026-09-24,1,118586,exclusion_rule_replacement,1,1,Keeping Everyone Together,True
main-2026-09-24,1,118586,exclusion_rule_replacement,2,1,Keeping Everyone Together,True
main-2026-09-24,1,118586,exclusion_rule_replacement,3,1,Keeping Everyone Together,True
main-2026-09-24,1,118586,names_only,1,1,Keeping Everyone Together,True
main-2026-09-24,1,118586,names_only,2,1,Keeping Everyone Together,True
main-2026-09-24,1,118586,names_only,3,1,Keeping Everyone Together,True
main-2026-09-24,1,118586,negative_control,1,1,Keeping Everyone Together,True
main-2026-09-24,1,118586,negative_control,2,1,Keeping Everyone Together,True
main-2026-09-24,1,118586,negative_control,3,1,Keeping Everyone Together,True
main-2026-09-24,1,118849,baseline,1,1,Not coded,True
main-2026-09-24,1,118849,baseline,2,1,Not coded,True
main-2026-09-24,1,118849,baseline,3,1,Not coded,True
main-2026-09-24,1,118849,definition_replacement,1,1,Not coded,True
main-2026-09-24,1,118849,definition_replacement,2,1,Not coded,True
main-2026-09-24,1,118849,definition_replacement,3,1,Not coded,True
main-2026-09-24,1,118849,example_replacement,1,1,Pressing for Accuracy,True
main-2026-09-24,1,118849,example_replacement,2,1,Pressing for Accuracy,True
main-2026-09-24,1,118849,example_replacement,3,1,Pressing for Accuracy,True
main-2026-09-24,1,118849,exclusion_rule_replacement,1,1,Pressing for Accuracy,True
main-2026-09-24,1,118849,exclusion_rule_replacement,2,1,Pressing for Accuracy,True
main-2026-09-24,1,118849,exclusion_rule_replacement,3,1,Pressing for Accuracy,True
main-2026-09-24,1,118849,names_only,1,1,Not coded,True
main-2026-09-24,1,118849,names_only,2,1,Not coded,True
main-2026-09-24,1,118849,names_only,3,1,Not coded,True
main-2026-09-24,1,118849,negative_control,1,1,Not coded,True
main-2026-09-24,1,118849,negative_control,2,1,Not coded,True
main-2026-09-24,1,118849,negative_control,3,1,Not coded,True
main-2026-09-24,1,119426,baseline,1,1,Not coded,True
main-2026-09-24,1,119426,baseline,2,1,Not coded,True
main-2026-09-24,1,119426,baseline,3,1,Not coded,True
main-2026-09-24,1,119426,definition_replacement,1,1,Not coded,True
main-2026-09-24,1,119426,definition_replacement,2,1,Not coded,True
main-2026-09-24,1,119426,definition_replacement,3,1,Not coded,True
main-2026-09-24,1,119426,example_replacement,1,1,Restating,True
main-2026-09-24,1,119426,example_replacement,2,1,Not coded,True
main-2026-09-24,1,119426,example_replacement,3,1,Restating,True
main-2026-09-24,1,119426,exclusion_rule_replacement,1,1,Not coded,True
main-2026-09-24,1,119426,exclusion_rule_replacement,2,1,Not coded,True
main-2026-09-24,1,119426,exclusion_rule_replacement,3,1,Not coded,True
main-2026-09-24,1,119426,names_only,1,1,Not coded,True
main-2026-09-24,1,119426,names_only,2,1,Not coded,True
main-2026-09-24,1,119426,names_only,3,1,Not coded,True
main-2026-09-24,1,119426,negative_control,1,1,Not coded,True
main-2026-09-24,1,119426,negative_control,2,1,Not coded,True
main-2026-09-24,1,119426,negative_control,3,1,Not coded,True
main-2026-09-24,1,119832,baseline,1,1,Not coded,True
main-2026-09-24,1,119832,baseline,2,1,Not coded,True
main-2026-09-24,1,119832,baseline,3,1,Not coded,True
main-2026-09-24,1,119832,definition_replacement,1,1,Not coded,True
main-2026-09-24,1,119832,definition_replacement,2,1,Not coded,True
main-2026-09-24,1,119832,definition_replacement,3,1,Not coded,True
main-2026-09-24,1,119832,example_replacement,1,1,Not coded,True
main-2026-09-24,1,119832,example_replacement,2,1,Not coded,True
main-2026-09-24,1,119832,example_replacement,3,1,Not coded,True
main-2026-09-24,1,119832,exclusion_rule_replacement,1,1,Not coded,True
main-2026-09-24,1,119832,exclusion_rule_replacement,2,1,Not coded,True
main-2026-09-24,1,119832,exclusion_rule_replacement,3,1,Not coded,True
main-2026-09-24,1,119832,names_only,1,1,Not coded,True
main-2026-09-24,1,119832,names_only,2,1,Not coded,True
main-2026-09-24,1,119832,names_only,3,1,Not coded,True
main-2026-09-24,1,119832,negative_control,1,1,Not coded,True
main-2026-09-24,1,119832,negative_control,2,1,Not coded,True
main-2026-09-24,1,119832,negative_control,3,1,Not coded,True
main-2026-09-24,1,120311,baseline,1,1,Not coded,True
main-2026-09-24,1,120311,baseline,2,1,Not coded,True
main-2026-09-24,1,120311,baseline,3,1,Not coded,True
main-2026-09-24,1,120311,definition_replacement,1,1,Not coded,True
main-2026-09-24,1,120311,definition_replacement,2,1,Not coded,True
main-2026-09-24,1,120311,definition_replacement,3,1,Not coded,True
main-2026-09-24,1,120311,example_replacement,1,1,Not coded,True
main-2026-09-24,1,120311,example_replacement,2,1,Not coded,True
main-2026-09-24,1,120311,example_replacement,3,1,Not coded,True
main-2026-09-24,1,120311,exclusion_rule_replacement,1,1,Not coded,True
main-2026-09-24,1,120311,exclusion_rule_replacement,2,1,Not coded,True
main-2026-09-24,1,120311,exclusion_rule_replacement,3,1,Not coded,True
main-2026-09-24,1,120311,names_only,1,1,Keeping Everyone Together,True
main-2026-09-24,1,120311,names_only,2,1,Keeping Everyone Together,True
main-2026-09-24,1,120311,names_only,3,1,Keeping Everyone Together,True
main-2026-09-24,1,120311,negative_control,1,1,Not coded,True
main-2026-09-24,1,120311,negative_control,2,1,Not coded,True
main-2026-09-24,1,120311,negative_control,3,1,Not coded,True
main-2026-09-24,1,120994,baseline,1,1,Not coded,True
main-2026-09-24,1,120994,baseline,2,1,Not coded,True
main-2026-09-24,1,120994,baseline,3,1,Not coded,True
main-2026-09-24,1,120994,definition_replacement,1,1,Not coded,True
main-2026-09-24,1,120994,definition_replacement,2,1,Not coded,True
main-2026-09-24,1,120994,definition_replacement,3,1,Not coded,True
main-2026-09-24,1,120994,example_replacement,1,1,Not coded,True
main-2026-09-24,1,120994,example_replacement,2,1,Not coded,True
main-2026-09-24,1,120994,example_replacement,3,1,Not coded,True
main-2026-09-24,1,120994,exclusion_rule_replacement,1,1,Not coded,True
main-2026-09-24,1,120994,exclusion_rule_replacement,2,1,Not coded,True
main-2026-09-24,1,120994,exclusion_rule_replacement,3,1,Not coded,True
main-2026-09-24,1,120994,names_only,1,1,Restating,True
main-2026-09-24,1,120994,names_only,2,1,Restating,True
main-2026-09-24,1,120994,names_only,3,1,Keeping Everyone Together,True
main-2026-09-24,1,120994,negative_control,1,1,Not coded,True
main-2026-09-24,1,120994,negative_control,2,1,Not coded,True
main-2026-09-24,1,120994,negative_control,3,1,Not coded,True
main-2026-09-24,1,121042,baseline,1,1,Pressing for Reasoning,True
main-2026-09-24,1,121042,baseline,2,1,Pressing for Reasoning,True
main-2026-09-24,1,121042,baseline,3,1,Pressing for Reasoning,True
main-2026-09-24,1,121042,definition_replacement,1,1,Keeping Everyone Together,True
main-2026-09-24,1,121042,definition_replacement,2,1,Keeping Everyone Together,True
main-2026-09-24,1,121042,definition_replacement,3,1,Keeping Everyone Together,True
main-2026-09-24,1,121042,example_replacement,1,1,Pressing for Reasoning,True
main-2026-09-24,1,121042,example_replacement,2,1,Pressing for Reasoning,True
main-2026-09-24,1,121042,example_replacement,3,1,Pressing for Reasoning,True
main-2026-09-24,1,121042,exclusion_rule_replacement,1,1,Pressing for Reasoning,True
main-2026-09-24,1,121042,exclusion_rule_replacement,2,1,Pressing for Reasoning,True
main-2026-09-24,1,121042,exclusion_rule_replacement,3,1,Pressing for Reasoning,True
main-2026-09-24,1,121042,names_only,1,1,Keeping Everyone Together,True
main-2026-09-24,1,121042,names_only,2,1,Keeping Everyone Together,True
main-2026-09-24,1,121042,names_only,3,1,Keeping Everyone Together,True
main-2026-09-24,1,121042,negative_control,1,1,Pressing for Reasoning,True
main-2026-09-24,1,121042,negative_control,2,1,Pressing for Reasoning,True
main-2026-09-24,1,121042,negative_control,3,1,Pressing for Reasoning,True
main-2026-09-24,1,121882,baseline,1,1,Not coded,True
main-2026-09-24,1,121882,baseline,2,1,Not coded,True
main-2026-09-24,1,121882,baseline,3,1,Not coded,True
main-2026-09-24,1,121882,definition_replacement,1,1,Not coded,True
main-2026-09-24,1,121882,definition_replacement,2,1,Not coded,True
main-2026-09-24,1,121882,definition_replacement,3,1,Not coded,True
main-2026-09-24,1,121882,example_replacement,1,1,Not coded,True
main-2026-09-24,1,121882,example_replacement,2,1,Not coded,True
main-2026-09-24,1,121882,example_replacement,3,1,Not coded,True
main-2026-09-24,1,121882,exclusion_rule_replacement,1,1,Not coded,True
main-2026-09-24,1,121882,exclusion_rule_replacement,2,1,Not coded,True
main-2026-09-24,1,121882,exclusion_rule_replacement,3,1,Not coded,True
main-2026-09-24,1,121882,names_only,1,1,Keeping Everyone Together,True
main-2026-09-24,1,121882,names_only,2,1,Not coded,True
main-2026-09-24,1,121882,names_only,3,1,Not coded,True
main-2026-09-24,1,121882,negative_control,1,1,Not coded,True
main-2026-09-24,1,121882,negative_control,2,1,Not coded,True
main-2026-09-24,1,121882,negative_control,3,1,Not coded,True
main-2026-09-24,1,121902,baseline,1,1,Pressing for Accuracy,True
main-2026-09-24,1,121902,baseline,2,1,Pressing for Accuracy,True
main-2026-09-24,1,121902,baseline,3,1,Pressing for Accuracy,True
main-2026-09-24,1,121902,definition_replacement,1,1,Pressing for Accuracy,True
main-2026-09-24,1,121902,definition_replacement,2,1,Pressing for Accuracy,True
main-2026-09-24,1,121902,definition_replacement,3,1,Pressing for Accuracy,True
main-2026-09-24,1,121902,example_replacement,1,1,Pressing for Accuracy,True
main-2026-09-24,1,121902,example_replacement,2,1,Pressing for Accuracy,True
main-2026-09-24,1,121902,example_replacement,3,1,Pressing for Accuracy,True
main-2026-09-24,1,121902,exclusion_rule_replacement,1,1,Pressing for Accuracy,True
main-2026-09-24,1,121902,exclusion_rule_replacement,2,1,Pressing for Accuracy,True
main-2026-09-24,1,121902,exclusion_rule_replacement,3,1,Pressing for Accuracy,True
main-2026-09-24,1,121902,names_only,1,1,Not coded,True
main-2026-09-24,1,121902,names_only,2,1,Not coded,True
main-2026-09-24,1,121902,names_only,3,1,Not coded,True
main-2026-09-24,1,121902,negative_control,1,1,Pressing for Accuracy,True
main-2026-09-24,1,121902,negative_control,2,1,Pressing for Accuracy,True
main-2026-09-24,1,121902,negative_control,3,1,Pressing for Accuracy,True
main-2026-09-24,1,122033,baseline,1,1,Not coded,True
main-2026-09-24,1,122033,baseline,2,1,Not coded,True
main-2026-09-24,1,122033,baseline,3,1,Not coded,True
main-2026-09-24,1,122033,definition_replacement,1,1,Not coded,True
main-2026-09-24,1,122033,definition_replacement,2,1,Not coded,True
main-2026-09-24,1,122033,definition_replacement,3,1,Not coded,True
main-2026-09-24,1,122033,example_replacement,1,1,Not coded,True
main-2026-09-24,1,122033,example_replacement,2,1,Not coded,True
main-2026-09-24,1,122033,example_replacement,3,1,Not coded,True
main-2026-09-24,1,122033,exclusion_rule_replacement,1,1,Not coded,True
main-2026-09-24,1,122033,exclusion_rule_replacement,2,1,Not coded,True
main-2026-09-24,1,122033,exclusion_rule_replacement,3,1,Not coded,True
main-2026-09-24,1,122033,names_only,1,1,Not coded,True
main-2026-09-24,1,122033,names_only,2,1,Not coded,True
main-2026-09-24,1,122033,names_only,3,1,Not coded,True
main-2026-09-24,1,122033,negative_control,1,1,Not coded,True
main-2026-09-24,1,122033,negative_control,2,1,Not coded,True
main-2026-09-24,1,122033,negative_control,3,1,Not coded,True
main-2026-09-24,1,122128,baseline,1,1,Not coded,True
main-2026-09-24,1,122128,baseline,2,1,Not coded,True
main-2026-09-24,1,122128,baseline,3,1,Not coded,True
main-2026-09-24,1,122128,definition_replacement,1,1,Not coded,True
main-2026-09-24,1,122128,definition_replacement,2,1,Not coded,True
main-2026-09-24,1,122128,definition_replacement,3,1,Not coded,True
main-2026-09-24,1,122128,example_replacement,1,1,Restating,True
main-2026-09-24,1,122128,example_replacement,2,1,Not coded,True
main-2026-09-24,1,122128,example_replacement,3,1,Not coded,True
main-2026-09-24,1,122128,exclusion_rule_replacement,1,1,Not coded,True
main-2026-09-24,1,122128,exclusion_rule_replacement,2,1,Restating,True
main-2026-09-24,1,122128,exclusion_rule_replacement,3,1,Not coded,True
main-2026-09-24,1,122128,names_only,1,1,Restating,True
main-2026-09-24,1,122128,names_only,2,1,Restating,True
main-2026-09-24,1,122128,names_only,3,1,Restating,True
main-2026-09-24,1,122128,negative_control,1,1,Not coded,True
main-2026-09-24,1,122128,negative_control,2,1,Not coded,True
main-2026-09-24,1,122128,negative_control,3,1,Not coded,True
main-2026-09-24,1,123919,baseline,1,1,Not coded,True
main-2026-09-24,1,123919,baseline,2,1,Not coded,True
main-2026-09-24,1,123919,baseline,3,1,Not coded,True
main-2026-09-24,1,123919,definition_replacement,1,1,Not coded,True
main-2026-09-24,1,123919,definition_replacement,2,1,Not coded,True
main-2026-09-24,1,123919,definition_replacement,3,1,Not coded,True
main-2026-09-24,1,123919,example_replacement,1,1,Not coded,True
main-2026-09-24,1,123919,example_replacement,2,1,Not coded,True
main-2026-09-24,1,123919,example_replacement,3,1,Not coded,True
main-2026-09-24,1,123919,exclusion_rule_replacement,1,1,Not coded,True
main-2026-09-24,1,123919,exclusion_rule_replacement,2,1,Not coded,True
main-2026-09-24,1,123919,exclusion_rule_replacement,3,1,Not coded,True
main-2026-09-24,1,123919,names_only,1,1,Not coded,True
main-2026-09-24,1,123919,names_only,2,1,Not coded,True
main-2026-09-24,1,123919,names_only,3,1,Not coded,True
main-2026-09-24,1,123919,negative_control,1,1,Not coded,True
main-2026-09-24,1,123919,negative_control,2,1,Not coded,True
main-2026-09-24,1,123919,negative_control,3,1,Not coded,True
main-2026-09-24,1,124018,baseline,1,1,Not coded,True
main-2026-09-24,1,124018,baseline,2,1,Not coded,True
main-2026-09-24,1,124018,baseline,3,1,Not coded,True
main-2026-09-24,1,124018,definition_replacement,1,1,Not coded,True
main-2026-09-24,1,124018,definition_replacement,2,1,Not coded,True
main-2026-09-24,1,124018,definition_replacement,3,1,Not coded,True
main-2026-09-24,1,124018,example_replacement,1,1,Not coded,True
main-2026-09-24,1,124018,example_replacement,2,1,Not coded,True
main-2026-09-24,1,124018,example_replacement,3,1,Not coded,True
main-2026-09-24,1,124018,exclusion_rule_replacement,1,1,Not coded,True
main-2026-09-24,1,124018,exclusion_rule_replacement,2,1,Not coded,True
main-2026-09-24,1,124018,exclusion_rule_replacement,3,1,Not coded,True
main-2026-09-24,1,124018,names_only,1,1,Not coded,True
main-2026-09-24,1,124018,names_only,2,1,Not coded,True
main-2026-09-24,1,124018,names_only,3,1,Not coded,True
main-2026-09-24,1,124018,negative_control,1,1,Not coded,True
main-2026-09-24,1,124018,negative_control,2,1,Not coded,True
main-2026-09-24,1,124018,negative_control,3,1,Not coded,True
main-2026-09-24,1,125564,baseline,1,1,Not coded,True
main-2026-09-24,1,125564,baseline,2,1,Not coded,True
main-2026-09-24,1,125564,baseline,3,1,Not coded,True
main-2026-09-24,1,125564,definition_replacement,1,1,Not coded,True
main-2026-09-24,1,125564,definition_replacement,2,1,Not coded,True
main-2026-09-24,1,125564,definition_replacement,3,1,Not coded,True
main-2026-09-24,1,125564,example_replacement,1,1,Not coded,True
main-2026-09-24,1,125564,example_replacement,2,1,Not coded,True
main-2026-09-24,1,125564,example_replacement,3,1,Not coded,True
main-2026-09-24,1,125564,exclusion_rule_replacement,1,1,Not coded,True
main-2026-09-24,1,125564,exclusion_rule_replacement,2,1,Not coded,True
main-2026-09-24,1,125564,exclusion_rule_replacement,3,1,Not coded,True
main-2026-09-24,1,125564,names_only,1,1,Not coded,True
main-2026-09-24,1,125564,names_only,2,1,Not coded,True
main-2026-09-24,1,125564,names_only,3,1,Not coded,True
main-2026-09-24,1,125564,negative_control,1,1,Not coded,True
main-2026-09-24,1,125564,negative_control,2,1,Not coded,True
main-2026-09-24,1,125564,negative_control,3,1,Not coded,True
main-2026-09-24,1,125588,baseline,1,1,Not coded,True
main-2026-09-24,1,125588,baseline,2,1,Not coded,True
main-2026-09-24,1,125588,baseline,3,1,Not coded,True
main-2026-09-24,1,125588,definition_replacement,1,1,Not coded,True
main-2026-09-24,1,125588,definition_replacement,2,1,Not coded,True
main-2026-09-24,1,125588,definition_replacement,3,1,Not coded,True
main-2026-09-24,1,125588,example_replacement,1,1,Not coded,True
main-2026-09-24,1,125588,example_replacement,2,1,Not coded,True
main-2026-09-24,1,125588,example_replacement,3,1,Not coded,True
main-2026-09-24,1,125588,exclusion_rule_replacement,1,1,Not coded,True
main-2026-09-24,1,125588,exclusion_rule_replacement,2,1,Not coded,True
main-2026-09-24,1,125588,exclusion_rule_replacement,3,1,Not coded,True
main-2026-09-24,1,125588,names_only,1,1,Not coded,True
main-2026-09-24,1,125588,names_only,2,1,Not coded,True
main-2026-09-24,1,125588,names_only,3,1,Not coded,True
main-2026-09-24,1,125588,negative_control,1,1,Not coded,True
main-2026-09-24,1,125588,negative_control,2,1,Not coded,True
main-2026-09-24,1,125588,negative_control,3,1,Not coded,True
main-2026-09-24,1,126397,baseline,1,1,Not coded,True
main-2026-09-24,1,126397,baseline,2,1,Not coded,True
main-2026-09-24,1,126397,baseline,3,1,Not coded,True
main-2026-09-24,1,126397,definition_replacement,1,1,Not coded,True
main-2026-09-24,1,126397,definition_replacement,2,1,Not coded,True
main-2026-09-24,1,126397,definition_replacement,3,1,Not coded,True
main-2026-09-24,1,126397,example_replacement,1,1,Not coded,True
main-2026-09-24,1,126397,example_replacement,2,1,Not coded,True
main-2026-09-24,1,126397,example_replacement,3,1,Not coded,True
main-2026-09-24,1,126397,exclusion_rule_replacement,1,1,Not coded,True
main-2026-09-24,1,126397,exclusion_rule_replacement,2,1,Not coded,True
main-2026-09-24,1,126397,exclusion_rule_replacement,3,1,Not coded,True
main-2026-09-24,1,126397,names_only,1,1,Not coded,True
main-2026-09-24,1,126397,names_only,2,1,Not coded,True
main-2026-09-24,1,126397,names_only,3,1,Not coded,True
main-2026-09-24,1,126397,negative_control,1,1,Not coded,True
main-2026-09-24,1,126397,negative_control,2,1,Not coded,True
main-2026-09-24,1,126397,negative_control,3,1,Not coded,True
main-2026-09-24,1,127330,baseline,1,1,Not coded,True
main-2026-09-24,1,127330,baseline,2,1,Not coded,True
main-2026-09-24,1,127330,baseline,3,1,Not coded,True
main-2026-09-24,1,127330,definition_replacement,1,1,Not coded,True
main-2026-09-24,1,127330,definition_replacement,2,1,Not coded,True
main-2026-09-24,1,127330,definition_replacement,3,1,Not coded,True
main-2026-09-24,1,127330,example_replacement,1,1,Not coded,True
main-2026-09-24,1,127330,example_replacement,2,1,Not coded,True
main-2026-09-24,1,127330,example_replacement,3,1,Not coded,True
main-2026-09-24,1,127330,exclusion_rule_replacement,1,1,Not coded,True
main-2026-09-24,1,127330,exclusion_rule_replacement,2,1,Not coded,True
main-2026-09-24,1,127330,exclusion_rule_replacement,3,1,Not coded,True
main-2026-09-24,1,127330,names_only,1,1,Not coded,True
main-2026-09-24,1,127330,names_only,2,1,Not coded,True
main-2026-09-24,1,127330,names_only,3,1,Not coded,True
main-2026-09-24,1,127330,negative_control,1,1,Not coded,True
main-2026-09-24,1,127330,negative_control,2,1,Not coded,True
main-2026-09-24,1,127330,negative_control,3,1,Not coded,True
main-2026-09-24,1,128166,baseline,1,1,Not coded,True
main-2026-09-24,1,128166,baseline,2,1,Not coded,True
main-2026-09-24,1,128166,baseline,3,1,Not coded,True
main-2026-09-24,1,128166,definition_replacement,1,1,Not coded,True
main-2026-09-24,1,128166,definition_replacement,2,1,Not coded,True
main-2026-09-24,1,128166,definition_replacement,3,1,Not coded,True
main-2026-09-24,1,128166,example_replacement,1,1,Not coded,True
main-2026-09-24,1,128166,example_replacement,2,1,Not coded,True
main-2026-09-24,1,128166,example_replacement,3,1,Not coded,True
main-2026-09-24,1,128166,exclusion_rule_replacement,1,1,Not coded,True
main-2026-09-24,1,128166,exclusion_rule_replacement,2,1,Not coded,True
main-2026-09-24,1,128166,exclusion_rule_replacement,3,1,Not coded,True
main-2026-09-24,1,128166,names_only,1,1,Not coded,True
main-2026-09-24,1,128166,names_only,2,1,Not coded,True
main-2026-09-24,1,128166,names_only,3,1,Not coded,True
main-2026-09-24,1,128166,negative_control,1,1,Not coded,True
main-2026-09-24,1,128166,negative_control,2,1,Not coded,True
main-2026-09-24,1,128166,negative_control,3,1,Not coded,True
main-2026-09-24,1,128481,baseline,1,1,Not coded,True
main-2026-09-24,1,128481,baseline,2,1,Not coded,True
main-2026-09-24,1,128481,baseline,3,1,Not coded,True
main-2026-09-24,1,128481,definition_replacement,1,1,Not coded,True
main-2026-09-24,1,128481,definition_replacement,2,1,Not coded,True
main-2026-09-24,1,128481,definition_replacement,3,1,Not coded,True
main-2026-09-24,1,128481,example_replacement,1,1,Not coded,True
main-2026-09-24,1,128481,example_replacement,2,1,Not coded,True
main-2026-09-24,1,128481,example_replacement,3,1,Not coded,True
main-2026-09-24,1,128481,exclusion_rule_replacement,1,1,Not coded,True
main-2026-09-24,1,128481,exclusion_rule_replacement,2,1,Not coded,True
main-2026-09-24,1,128481,exclusion_rule_replacement,3,1,Not coded,True
main-2026-09-24,1,128481,names_only,1,1,Not coded,True
main-2026-09-24,1,128481,names_only,2,1,Not coded,True
main-2026-09-24,1,128481,names_only,3,1,Not coded,True
main-2026-09-24,1,128481,negative_control,1,1,Not coded,True
main-2026-09-24,1,128481,negative_control,2,1,Not coded,True
main-2026-09-24,1,128481,negative_control,3,1,Not coded,True
main-2026-09-24,1,128942,baseline,1,1,Revoicing,True
main-2026-09-24,1,128942,baseline,2,1,Revoicing,True
main-2026-09-24,1,128942,baseline,3,1,Revoicing,True
main-2026-09-24,1,128942,definition_replacement,1,1,Revoicing,True
main-2026-09-24,1,128942,definition_replacement,2,1,Revoicing,True
main-2026-09-24,1,128942,definition_replacement,3,1,Revoicing,True
main-2026-09-24,1,128942,example_replacement,1,1,Revoicing,True
main-2026-09-24,1,128942,example_replacement,2,1,Revoicing,True
main-2026-09-24,1,128942,example_replacement,3,1,Revoicing,True
main-2026-09-24,1,128942,exclusion_rule_replacement,1,1,Revoicing,True
main-2026-09-24,1,128942,exclusion_rule_replacement,2,1,Revoicing,True
main-2026-09-24,1,128942,exclusion_rule_replacement,3,1,Revoicing,True
main-2026-09-24,1,128942,names_only,1,1,Restating,True
main-2026-09-24,1,128942,names_only,2,1,Restating,True
main-2026-09-24,1,128942,names_only,3,1,Restating,True
main-2026-09-24,1,128942,negative_control,1,1,Revoicing,True
main-2026-09-24,1,128942,negative_control,2,1,Revoicing,True
main-2026-09-24,1,128942,negative_control,3,1,Revoicing,True
main-2026-09-24,1,130014,baseline,1,1,Not coded,True
main-2026-09-24,1,130014,baseline,2,1,Not coded,True
main-2026-09-24,1,130014,baseline,3,1,Not coded,True
main-2026-09-24,1,130014,definition_replacement,1,1,Not coded,True
main-2026-09-24,1,130014,definition_replacement,2,1,Not coded,True
main-2026-09-24,1,130014,definition_replacement,3,1,Not coded,True
main-2026-09-24,1,130014,example_replacement,1,1,Not coded,True
main-2026-09-24,1,130014,example_replacement,2,1,Not coded,True
main-2026-09-24,1,130014,example_replacement,3,1,Not coded,True
main-2026-09-24,1,130014,exclusion_rule_replacement,1,1,Not coded,True
main-2026-09-24,1,130014,exclusion_rule_replacement,2,1,Not coded,True
main-2026-09-24,1,130014,exclusion_rule_replacement,3,1,Not coded,True
main-2026-09-24,1,130014,names_only,1,1,Not coded,True
main-2026-09-24,1,130014,names_only,2,1,Not coded,True
main-2026-09-24,1,130014,names_only,3,1,Not coded,True
main-2026-09-24,1,130014,negative_control,1,1,Not coded,True
main-2026-09-24,1,130014,negative_control,2,1,Not coded,True
main-2026-09-24,1,130014,negative_control,3,1,Not coded,True
main-2026-09-24,1,130140,baseline,1,1,Revoicing,True
main-2026-09-24,1,130140,baseline,2,1,Revoicing,True
main-2026-09-24,1,130140,baseline,3,1,Revoicing,True
main-2026-09-24,1,130140,definition_replacement,1,1,Revoicing,True
main-2026-09-24,1,130140,definition_replacement,2,1,Revoicing,True
main-2026-09-24,1,130140,definition_replacement,3,1,Revoicing,True
main-2026-09-24,1,130140,example_replacement,1,1,Pressing for Accuracy,True
main-2026-09-24,1,130140,example_replacement,2,1,Revoicing,True
main-2026-09-24,1,130140,example_replacement,3,1,Revoicing,True
main-2026-09-24,1,130140,exclusion_rule_replacement,1,1,Pressing for Accuracy,True
main-2026-09-24,1,130140,exclusion_rule_replacement,2,1,Pressing for Accuracy,True
main-2026-09-24,1,130140,exclusion_rule_replacement,3,1,Pressing for Accuracy,True
main-2026-09-24,1,130140,names_only,1,1,Restating,True
main-2026-09-24,1,130140,names_only,2,1,Restating,True
main-2026-09-24,1,130140,names_only,3,1,Keeping Everyone Together,True
main-2026-09-24,1,130140,negative_control,1,1,Revoicing,True
main-2026-09-24,1,130140,negative_control,2,1,Revoicing,True
main-2026-09-24,1,130140,negative_control,3,1,Revoicing,True
main-2026-09-24,1,130708,baseline,1,1,Pressing for Accuracy,True
main-2026-09-24,1,130708,baseline,2,1,Pressing for Accuracy,True
main-2026-09-24,1,130708,baseline,3,1,Pressing for Accuracy,True
main-2026-09-24,1,130708,definition_replacement,1,1,Pressing for Accuracy,True
main-2026-09-24,1,130708,definition_replacement,2,1,Pressing for Accuracy,True
main-2026-09-24,1,130708,definition_replacement,3,1,Pressing for Accuracy,True
main-2026-09-24,1,130708,example_replacement,1,1,Pressing for Reasoning,True
main-2026-09-24,1,130708,example_replacement,2,1,Pressing for Reasoning,True
main-2026-09-24,1,130708,example_replacement,3,1,Pressing for Reasoning,True
main-2026-09-24,1,130708,exclusion_rule_replacement,1,1,Pressing for Accuracy,True
main-2026-09-24,1,130708,exclusion_rule_replacement,2,1,Pressing for Accuracy,True
main-2026-09-24,1,130708,exclusion_rule_replacement,3,1,Pressing for Accuracy,True
main-2026-09-24,1,130708,names_only,1,1,Pressing for Reasoning,True
main-2026-09-24,1,130708,names_only,2,1,Pressing for Reasoning,True
main-2026-09-24,1,130708,names_only,3,1,Pressing for Reasoning,True
main-2026-09-24,1,130708,negative_control,1,1,Pressing for Accuracy,True
main-2026-09-24,1,130708,negative_control,2,1,Pressing for Reasoning,True
main-2026-09-24,1,130708,negative_control,3,1,Pressing for Reasoning,True
main-2026-09-24,1,131176,baseline,1,1,Not coded,True
main-2026-09-24,1,131176,baseline,2,1,Not coded,True
main-2026-09-24,1,131176,baseline,3,1,Not coded,True
main-2026-09-24,1,131176,definition_replacement,1,1,Not coded,True
main-2026-09-24,1,131176,definition_replacement,2,1,Not coded,True
main-2026-09-24,1,131176,definition_replacement,3,1,Not coded,True
main-2026-09-24,1,131176,example_replacement,1,1,Not coded,True
main-2026-09-24,1,131176,example_replacement,2,1,Not coded,True
main-2026-09-24,1,131176,example_replacement,3,1,Not coded,True
main-2026-09-24,1,131176,exclusion_rule_replacement,1,1,Not coded,True
main-2026-09-24,1,131176,exclusion_rule_replacement,2,1,Not coded,True
main-2026-09-24,1,131176,exclusion_rule_replacement,3,1,Not coded,True
main-2026-09-24,1,131176,names_only,1,1,Not coded,True
main-2026-09-24,1,131176,names_only,2,1,Not coded,True
main-2026-09-24,1,131176,names_only,3,1,Not coded,True
main-2026-09-24,1,131176,negative_control,1,1,Not coded,True
main-2026-09-24,1,131176,negative_control,2,1,Not coded,True
main-2026-09-24,1,131176,negative_control,3,1,Not coded,True
main-2026-09-24,1,131223,baseline,1,1,Pressing for Accuracy,True
main-2026-09-24,1,131223,baseline,2,1,Pressing for Accuracy,True
main-2026-09-24,1,131223,baseline,3,1,Pressing for Accuracy,True
main-2026-09-24,1,131223,definition_replacement,1,1,Pressing for Accuracy,True
main-2026-09-24,1,131223,definition_replacement,2,1,Pressing for Accuracy,True
main-2026-09-24,1,131223,definition_replacement,3,1,Pressing for Accuracy,True
main-2026-09-24,1,131223,example_replacement,1,1,Pressing for Accuracy,True
main-2026-09-24,1,131223,example_replacement,2,1,Pressing for Accuracy,True
main-2026-09-24,1,131223,example_replacement,3,1,Pressing for Accuracy,True
main-2026-09-24,1,131223,exclusion_rule_replacement,1,1,Pressing for Accuracy,True
main-2026-09-24,1,131223,exclusion_rule_replacement,2,1,Pressing for Accuracy,True
main-2026-09-24,1,131223,exclusion_rule_replacement,3,1,Pressing for Accuracy,True
main-2026-09-24,1,131223,names_only,1,1,Pressing for Accuracy,True
main-2026-09-24,1,131223,names_only,2,1,Pressing for Accuracy,True
main-2026-09-24,1,131223,names_only,3,1,Pressing for Accuracy,True
main-2026-09-24,1,131223,negative_control,1,1,Pressing for Accuracy,True
main-2026-09-24,1,131223,negative_control,2,1,Pressing for Accuracy,True
main-2026-09-24,1,131223,negative_control,3,1,Pressing for Accuracy,True
main-2026-09-24,1,131671,baseline,1,1,Not coded,True
main-2026-09-24,1,131671,baseline,2,1,Not coded,True
main-2026-09-24,1,131671,baseline,3,1,Not coded,True
main-2026-09-24,1,131671,definition_replacement,1,1,Not coded,True
main-2026-09-24,1,131671,definition_replacement,2,1,Not coded,True
main-2026-09-24,1,131671,definition_replacement,3,1,Not coded,True
main-2026-09-24,1,131671,example_replacement,1,1,Not coded,True
main-2026-09-24,1,131671,example_replacement,2,1,Not coded,True
main-2026-09-24,1,131671,example_replacement,3,1,Not coded,True
main-2026-09-24,1,131671,exclusion_rule_replacement,1,1,Not coded,True
main-2026-09-24,1,131671,exclusion_rule_replacement,2,1,Not coded,True
main-2026-09-24,1,131671,exclusion_rule_replacement,3,1,Not coded,True
main-2026-09-24,1,131671,names_only,1,1,Not coded,True
main-2026-09-24,1,131671,names_only,2,1,Not coded,True
main-2026-09-24,1,131671,names_only,3,1,Not coded,True
main-2026-09-24,1,131671,negative_control,1,1,Not coded,True
main-2026-09-24,1,131671,negative_control,2,1,Not coded,True
main-2026-09-24,1,131671,negative_control,3,1,Not coded,True
main-2026-09-24,1,131742,baseline,1,1,Not coded,True
main-2026-09-24,1,131742,baseline,2,1,Not coded,True
main-2026-09-24,1,131742,baseline,3,1,Not coded,True
main-2026-09-24,1,131742,definition_replacement,1,1,Not coded,True
main-2026-09-24,1,131742,definition_replacement,2,1,Not coded,True
main-2026-09-24,1,131742,definition_replacement,3,1,Not coded,True
main-2026-09-24,1,131742,example_replacement,1,1,Not coded,True
main-2026-09-24,1,131742,example_replacement,2,1,Not coded,True
main-2026-09-24,1,131742,example_replacement,3,1,Not coded,True
main-2026-09-24,1,131742,exclusion_rule_replacement,1,1,Not coded,True
main-2026-09-24,1,131742,exclusion_rule_replacement,2,1,Not coded,True
main-2026-09-24,1,131742,exclusion_rule_replacement,3,1,Not coded,True
main-2026-09-24,1,131742,names_only,1,1,Not coded,True
main-2026-09-24,1,131742,names_only,2,1,Not coded,True
main-2026-09-24,1,131742,names_only,3,1,Not coded,True
main-2026-09-24,1,131742,negative_control,1,1,Not coded,True
main-2026-09-24,1,131742,negative_control,2,1,Not coded,True
main-2026-09-24,1,131742,negative_control,3,1,Not coded,True
main-2026-09-24,1,132927,baseline,1,1,Keeping Everyone Together,True
main-2026-09-24,1,132927,baseline,2,1,Keeping Everyone Together,True
main-2026-09-24,1,132927,baseline,3,1,Not coded,True
main-2026-09-24,1,132927,definition_replacement,1,1,Not coded,True
main-2026-09-24,1,132927,definition_replacement,2,1,Not coded,True
main-2026-09-24,1,132927,definition_replacement,3,1,Not coded,True
main-2026-09-24,1,132927,example_replacement,1,1,Keeping Everyone Together,True
main-2026-09-24,1,132927,example_replacement,2,1,Keeping Everyone Together,True
main-2026-09-24,1,132927,example_replacement,3,1,Keeping Everyone Together,True
main-2026-09-24,1,132927,exclusion_rule_replacement,1,1,Keeping Everyone Together,True
main-2026-09-24,1,132927,exclusion_rule_replacement,2,1,Keeping Everyone Together,True
main-2026-09-24,1,132927,exclusion_rule_replacement,3,1,Keeping Everyone Together,True
main-2026-09-24,1,132927,names_only,1,1,Keeping Everyone Together,True
main-2026-09-24,1,132927,names_only,2,1,Keeping Everyone Together,True
main-2026-09-24,1,132927,names_only,3,1,Keeping Everyone Together,True
main-2026-09-24,1,132927,negative_control,1,1,Keeping Everyone Together,True
main-2026-09-24,1,132927,negative_control,2,1,Keeping Everyone Together,True
main-2026-09-24,1,132927,negative_control,3,1,Keeping Everyone Together,True
main-2026-09-24,1,133345,baseline,1,1,Not coded,True
main-2026-09-24,1,133345,baseline,2,1,Not coded,True
main-2026-09-24,1,133345,baseline,3,1,Not coded,True
main-2026-09-24,1,133345,definition_replacement,1,1,Not coded,True
main-2026-09-24,1,133345,definition_replacement,2,1,Not coded,True
main-2026-09-24,1,133345,definition_replacement,3,1,Not coded,True
main-2026-09-24,1,133345,example_replacement,1,1,Not coded,True
main-2026-09-24,1,133345,example_replacement,2,1,Not coded,True
main-2026-09-24,1,133345,example_replacement,3,1,Not coded,True
main-2026-09-24,1,133345,exclusion_rule_replacement,1,1,Not coded,True
main-2026-09-24,1,133345,exclusion_rule_replacement,2,1,Not coded,True
main-2026-09-24,1,133345,exclusion_rule_replacement,3,1,Not coded,True
main-2026-09-24,1,133345,names_only,1,1,Not coded,True
main-2026-09-24,1,133345,names_only,2,1,Not coded,True
main-2026-09-24,1,133345,names_only,3,1,Not coded,True
main-2026-09-24,1,133345,negative_control,1,1,Not coded,True
main-2026-09-24,1,133345,negative_control,2,1,Not coded,True
main-2026-09-24,1,133345,negative_control,3,1,Not coded,True
main-2026-09-24,1,134244,baseline,1,1,Revoicing,True
main-2026-09-24,1,134244,baseline,2,1,Revoicing,True
main-2026-09-24,1,134244,baseline,3,1,Revoicing,True
main-2026-09-24,1,134244,definition_replacement,1,1,Revoicing,True
main-2026-09-24,1,134244,definition_replacement,2,1,Revoicing,True
main-2026-09-24,1,134244,definition_replacement,3,1,Revoicing,True
main-2026-09-24,1,134244,example_replacement,1,1,Revoicing,True
main-2026-09-24,1,134244,example_replacement,2,1,Revoicing,True
main-2026-09-24,1,134244,example_replacement,3,1,Revoicing,True
main-2026-09-24,1,134244,exclusion_rule_replacement,1,1,Revoicing,True
main-2026-09-24,1,134244,exclusion_rule_replacement,2,1,Revoicing,True
main-2026-09-24,1,134244,exclusion_rule_replacement,3,1,Revoicing,True
main-2026-09-24,1,134244,names_only,1,1,Restating,True
main-2026-09-24,1,134244,names_only,2,1,Restating,True
main-2026-09-24,1,134244,names_only,3,1,Restating,True
main-2026-09-24,1,134244,negative_control,1,1,Revoicing,True
main-2026-09-24,1,134244,negative_control,2,1,Revoicing,True
main-2026-09-24,1,134244,negative_control,3,1,Revoicing,True
main-2026-09-24,1,135186,baseline,1,1,Not coded,True
main-2026-09-24,1,135186,baseline,2,1,Not coded,True
main-2026-09-24,1,135186,baseline,3,1,Not coded,True
main-2026-09-24,1,135186,definition_replacement,1,1,Not coded,True
main-2026-09-24,1,135186,definition_replacement,2,1,Not coded,True
main-2026-09-24,1,135186,definition_replacement,3,1,Not coded,True
main-2026-09-24,1,135186,example_replacement,1,1,Not coded,True
main-2026-09-24,1,135186,example_replacement,2,1,Not coded,True
main-2026-09-24,1,135186,example_replacement,3,1,Not coded,True
main-2026-09-24,1,135186,exclusion_rule_replacement,1,1,Not coded,True
main-2026-09-24,1,135186,exclusion_rule_replacement,2,1,Not coded,True
main-2026-09-24,1,135186,exclusion_rule_replacement,3,1,Not coded,True
main-2026-09-24,1,135186,names_only,1,1,Not coded,True
main-2026-09-24,1,135186,names_only,2,1,Not coded,True
main-2026-09-24,1,135186,names_only,3,1,Not coded,True
main-2026-09-24,1,135186,negative_control,1,1,Not coded,True
main-2026-09-24,1,135186,negative_control,2,1,Not coded,True
main-2026-09-24,1,135186,negative_control,3,1,Not coded,True
main-2026-09-24,1,135221,baseline,1,1,Keeping Everyone Together,True
main-2026-09-24,1,135221,baseline,2,1,Keeping Everyone Together,True
main-2026-09-24,1,135221,baseline,3,1,Keeping Everyone Together,True
main-2026-09-24,1,135221,definition_replacement,1,1,Keeping Everyone Together,True
main-2026-09-24,1,135221,definition_replacement,2,1,Keeping Everyone Together,True
main-2026-09-24,1,135221,definition_replacement,3,1,Keeping Everyone Together,True
main-2026-09-24,1,135221,example_replacement,1,1,Keeping Everyone Together,True
main-2026-09-24,1,135221,example_replacement,2,1,Keeping Everyone Together,True
main-2026-09-24,1,135221,example_replacement,3,1,Keeping Everyone Together,True
main-2026-09-24,1,135221,exclusion_rule_replacement,1,1,Keeping Everyone Together,True
main-2026-09-24,1,135221,exclusion_rule_replacement,2,1,Keeping Everyone Together,True
main-2026-09-24,1,135221,exclusion_rule_replacement,3,1,Keeping Everyone Together,True
main-2026-09-24,1,135221,names_only,1,1,Keeping Everyone Together,True
main-2026-09-24,1,135221,names_only,2,1,Keeping Everyone Together,True
main-2026-09-24,1,135221,names_only,3,1,Keeping Everyone Together,True
main-2026-09-24,1,135221,negative_control,1,1,Keeping Everyone Together,True
main-2026-09-24,1,135221,negative_control,2,1,Keeping Everyone Together,True
main-2026-09-24,1,135221,negative_control,3,1,Keeping Everyone Together,True
main-2026-09-24,1,135299,baseline,1,1,Pressing for Accuracy,True
main-2026-09-24,1,135299,baseline,2,1,Pressing for Accuracy,True
main-2026-09-24,1,135299,baseline,3,1,Pressing for Accuracy,True
main-2026-09-24,1,135299,definition_replacement,1,1,Pressing for Accuracy,True
main-2026-09-24,1,135299,definition_replacement,2,1,Pressing for Accuracy,True
main-2026-09-24,1,135299,definition_replacement,3,1,Pressing for Accuracy,True
main-2026-09-24,1,135299,example_replacement,1,1,Pressing for Accuracy,True
main-2026-09-24,1,135299,example_replacement,2,1,Pressing for Accuracy,True
main-2026-09-24,1,135299,example_replacement,3,1,Pressing for Accuracy,True
main-2026-09-24,1,135299,exclusion_rule_replacement,1,1,Pressing for Accuracy,True
main-2026-09-24,1,135299,exclusion_rule_replacement,2,1,Pressing for Accuracy,True
main-2026-09-24,1,135299,exclusion_rule_replacement,3,1,Pressing for Accuracy,True
main-2026-09-24,1,135299,names_only,1,1,Pressing for Accuracy,True
main-2026-09-24,1,135299,names_only,2,1,Not coded,True
main-2026-09-24,1,135299,names_only,3,1,Pressing for Accuracy,True
main-2026-09-24,1,135299,negative_control,1,1,Pressing for Accuracy,True
main-2026-09-24,1,135299,negative_control,2,1,Pressing for Accuracy,True
main-2026-09-24,1,135299,negative_control,3,1,Pressing for Accuracy,True
main-2026-09-24,1,136118,baseline,1,1,Keeping Everyone Together,True
main-2026-09-24,1,136118,baseline,2,1,Keeping Everyone Together,True
main-2026-09-24,1,136118,baseline,3,1,Keeping Everyone Together,True
main-2026-09-24,1,136118,definition_replacement,1,1,Keeping Everyone Together,True
main-2026-09-24,1,136118,definition_replacement,2,1,Not coded,True
main-2026-09-24,1,136118,definition_replacement,3,1,Not coded,True
main-2026-09-24,1,136118,example_replacement,1,1,Keeping Everyone Together,True
main-2026-09-24,1,136118,example_replacement,2,1,Keeping Everyone Together,True
main-2026-09-24,1,136118,example_replacement,3,1,Keeping Everyone Together,True
main-2026-09-24,1,136118,exclusion_rule_replacement,1,1,Keeping Everyone Together,True
main-2026-09-24,1,136118,exclusion_rule_replacement,2,1,Keeping Everyone Together,True
main-2026-09-24,1,136118,exclusion_rule_replacement,3,1,Keeping Everyone Together,True
main-2026-09-24,1,136118,names_only,1,1,Keeping Everyone Together,True
main-2026-09-24,1,136118,names_only,2,1,Keeping Everyone Together,True
main-2026-09-24,1,136118,names_only,3,1,Keeping Everyone Together,True
main-2026-09-24,1,136118,negative_control,1,1,Keeping Everyone Together,True
main-2026-09-24,1,136118,negative_control,2,1,Keeping Everyone Together,True
main-2026-09-24,1,136118,negative_control,3,1,Keeping Everyone Together,True
main-2026-09-24,1,136126,baseline,1,1,Not coded,True
main-2026-09-24,1,136126,baseline,2,1,Not coded,True
main-2026-09-24,1,136126,baseline,3,1,Not coded,True
main-2026-09-24,1,136126,definition_replacement,1,1,Not coded,True
main-2026-09-24,1,136126,definition_replacement,2,1,Pressing for Accuracy,True
main-2026-09-24,1,136126,definition_replacement,3,1,Pressing for Accuracy,True
main-2026-09-24,1,136126,example_replacement,1,1,Not coded,True
main-2026-09-24,1,136126,example_replacement,2,1,Not coded,True
main-2026-09-24,1,136126,example_replacement,3,1,Not coded,True
main-2026-09-24,1,136126,exclusion_rule_replacement,1,1,Pressing for Accuracy,True
main-2026-09-24,1,136126,exclusion_rule_replacement,2,1,Pressing for Accuracy,True
main-2026-09-24,1,136126,exclusion_rule_replacement,3,1,Pressing for Accuracy,True
main-2026-09-24,1,136126,names_only,1,1,Not coded,True
main-2026-09-24,1,136126,names_only,2,1,Not coded,True
main-2026-09-24,1,136126,names_only,3,1,Not coded,True
main-2026-09-24,1,136126,negative_control,1,1,Pressing for Accuracy,True
main-2026-09-24,1,136126,negative_control,2,1,Not coded,True
main-2026-09-24,1,136126,negative_control,3,1,Not coded,True
main-2026-09-24,1,137110,baseline,1,1,Not coded,True
main-2026-09-24,1,137110,baseline,2,1,Not coded,True
main-2026-09-24,1,137110,baseline,3,1,Not coded,True
main-2026-09-24,1,137110,definition_replacement,1,1,Not coded,True
main-2026-09-24,1,137110,definition_replacement,2,1,Not coded,True
main-2026-09-24,1,137110,definition_replacement,3,1,Not coded,True
main-2026-09-24,1,137110,example_replacement,1,1,Not coded,True
main-2026-09-24,1,137110,example_replacement,2,1,Not coded,True
main-2026-09-24,1,137110,example_replacement,3,1,Not coded,True
main-2026-09-24,1,137110,exclusion_rule_replacement,1,1,Not coded,True
main-2026-09-24,1,137110,exclusion_rule_replacement,2,1,Not coded,True
main-2026-09-24,1,137110,exclusion_rule_replacement,3,1,Not coded,True
main-2026-09-24,1,137110,names_only,1,1,Not coded,True
main-2026-09-24,1,137110,names_only,2,1,Not coded,True
main-2026-09-24,1,137110,names_only,3,1,Not coded,True
main-2026-09-24,1,137110,negative_control,1,1,Not coded,True
main-2026-09-24,1,137110,negative_control,2,1,Not coded,True
main-2026-09-24,1,137110,negative_control,3,1,Not coded,True
main-2026-09-24,1,137982,baseline,1,1,Not coded,True
main-2026-09-24,1,137982,baseline,2,1,Not coded,True
main-2026-09-24,1,137982,baseline,3,1,Not coded,True
main-2026-09-24,1,137982,definition_replacement,1,1,Not coded,True
main-2026-09-24,1,137982,definition_replacement,2,1,Not coded,True
main-2026-09-24,1,137982,definition_replacement,3,1,Not coded,True
main-2026-09-24,1,137982,example_replacement,1,1,Not coded,True
main-2026-09-24,1,137982,example_replacement,2,1,Not coded,True
main-2026-09-24,1,137982,example_replacement,3,1,Not coded,True
main-2026-09-24,1,137982,exclusion_rule_replacement,1,1,Not coded,True
main-2026-09-24,1,137982,exclusion_rule_replacement,2,1,Not coded,True
main-2026-09-24,1,137982,exclusion_rule_replacement,3,1,Not coded,True
main-2026-09-24,1,137982,names_only,1,1,Keeping Everyone Together,True
main-2026-09-24,1,137982,names_only,2,1,Keeping Everyone Together,True
main-2026-09-24,1,137982,names_only,3,1,Keeping Everyone Together,True
main-2026-09-24,1,137982,negative_control,1,1,Not coded,True
main-2026-09-24,1,137982,negative_control,2,1,Not coded,True
main-2026-09-24,1,137982,negative_control,3,1,Not coded,True
main-2026-09-24,1,138564,baseline,1,1,Not coded,True
main-2026-09-24,1,138564,baseline,2,1,Not coded,True
main-2026-09-24,1,138564,baseline,3,1,Not coded,True
main-2026-09-24,1,138564,definition_replacement,1,1,Getting Students to Relate,True
main-2026-09-24,1,138564,definition_replacement,2,1,Getting Students to Relate,True
main-2026-09-24,1,138564,definition_replacement,3,1,Not coded,True
main-2026-09-24,1,138564,example_replacement,1,1,Not coded,True
main-2026-09-24,1,138564,example_replacement,2,1,Not coded,True
main-2026-09-24,1,138564,example_replacement,3,1,Not coded,True
main-2026-09-24,1,138564,exclusion_rule_replacement,1,1,Not coded,True
main-2026-09-24,1,138564,exclusion_rule_replacement,2,1,Not coded,True
main-2026-09-24,1,138564,exclusion_rule_replacement,3,1,Not coded,True
main-2026-09-24,1,138564,names_only,1,1,Keeping Everyone Together,True
main-2026-09-24,1,138564,names_only,2,1,Keeping Everyone Together,True
main-2026-09-24,1,138564,names_only,3,1,Keeping Everyone Together,True
main-2026-09-24,1,138564,negative_control,1,1,Not coded,True
main-2026-09-24,1,138564,negative_control,2,1,Not coded,True
main-2026-09-24,1,138564,negative_control,3,1,Not coded,True
main-2026-09-24,1,138928,baseline,1,1,Not coded,True
main-2026-09-24,1,138928,baseline,2,1,Not coded,True
main-2026-09-24,1,138928,baseline,3,1,Not coded,True
main-2026-09-24,1,138928,definition_replacement,1,1,Not coded,True
main-2026-09-24,1,138928,definition_replacement,2,1,Not coded,True
main-2026-09-24,1,138928,definition_replacement,3,1,Not coded,True
main-2026-09-24,1,138928,example_replacement,1,1,Not coded,True
main-2026-09-24,1,138928,example_replacement,2,1,Not coded,True
main-2026-09-24,1,138928,example_replacement,3,1,Not coded,True
main-2026-09-24,1,138928,exclusion_rule_replacement,1,1,Not coded,True
main-2026-09-24,1,138928,exclusion_rule_replacement,2,1,Not coded,True
main-2026-09-24,1,138928,exclusion_rule_replacement,3,1,Not coded,True
main-2026-09-24,1,138928,names_only,1,1,Keeping Everyone Together,True
main-2026-09-24,1,138928,names_only,2,1,Keeping Everyone Together,True
main-2026-09-24,1,138928,names_only,3,1,Keeping Everyone Together,True
main-2026-09-24,1,138928,negative_control,1,1,Not coded,True
main-2026-09-24,1,138928,negative_control,2,1,Not coded,True
main-2026-09-24,1,138928,negative_control,3,1,Not coded,True
main-2026-09-24,1,140028,baseline,1,1,Not coded,True
main-2026-09-24,1,140028,baseline,2,1,Not coded,True
main-2026-09-24,1,140028,baseline,3,1,Not coded,True
main-2026-09-24,1,140028,definition_replacement,1,1,Not coded,True
main-2026-09-24,1,140028,definition_replacement,2,1,Not coded,True
main-2026-09-24,1,140028,definition_replacement,3,1,Not coded,True
main-2026-09-24,1,140028,example_replacement,1,1,Not coded,True
main-2026-09-24,1,140028,example_replacement,2,1,Not coded,True
main-2026-09-24,1,140028,example_replacement,3,1,Not coded,True
main-2026-09-24,1,140028,exclusion_rule_replacement,1,1,Not coded,True
main-2026-09-24,1,140028,exclusion_rule_replacement,2,1,Not coded,True
main-2026-09-24,1,140028,exclusion_rule_replacement,3,1,Not coded,True
main-2026-09-24,1,140028,names_only,1,1,Not coded,True
main-2026-09-24,1,140028,names_only,2,1,Not coded,True
main-2026-09-24,1,140028,names_only,3,1,Not coded,True
main-2026-09-24,1,140028,negative_control,1,1,Not coded,True
main-2026-09-24,1,140028,negative_control,2,1,Not coded,True
main-2026-09-24,1,140028,negative_control,3,1,Not coded,True
main-2026-09-24,1,140324,baseline,1,1,Keeping Everyone Together,True
main-2026-09-24,1,140324,baseline,2,1,Keeping Everyone Together,True
main-2026-09-24,1,140324,baseline,3,1,Keeping Everyone Together,True
main-2026-09-24,1,140324,definition_replacement,1,1,Keeping Everyone Together,True
main-2026-09-24,1,140324,definition_replacement,2,1,Keeping Everyone Together,True
main-2026-09-24,1,140324,definition_replacement,3,1,Keeping Everyone Together,True
main-2026-09-24,1,140324,example_replacement,1,1,Keeping Everyone Together,True
main-2026-09-24,1,140324,example_replacement,2,1,Keeping Everyone Together,True
main-2026-09-24,1,140324,example_replacement,3,1,Keeping Everyone Together,True
main-2026-09-24,1,140324,exclusion_rule_replacement,1,1,Keeping Everyone Together,True
main-2026-09-24,1,140324,exclusion_rule_replacement,2,1,Keeping Everyone Together,True
main-2026-09-24,1,140324,exclusion_rule_replacement,3,1,Keeping Everyone Together,True
main-2026-09-24,1,140324,names_only,1,1,Keeping Everyone Together,True
main-2026-09-24,1,140324,names_only,2,1,Keeping Everyone Together,True
main-2026-09-24,1,140324,names_only,3,1,Keeping Everyone Together,True
main-2026-09-24,1,140324,negative_control,1,1,Keeping Everyone Together,True
main-2026-09-24,1,140324,negative_control,2,1,Keeping Everyone Together,True
main-2026-09-24,1,140324,negative_control,3,1,Keeping Everyone Together,True
main-2026-09-24,1,140822,baseline,1,1,Not coded,True
main-2026-09-24,1,140822,baseline,2,1,Not coded,True
main-2026-09-24,1,140822,baseline,3,1,Not coded,True
main-2026-09-24,1,140822,definition_replacement,1,1,Not coded,True
main-2026-09-24,1,140822,definition_replacement,2,1,Not coded,True
main-2026-09-24,1,140822,definition_replacement,3,1,Not coded,True
main-2026-09-24,1,140822,example_replacement,1,1,Not coded,True
main-2026-09-24,1,140822,example_replacement,2,1,Not coded,True
main-2026-09-24,1,140822,example_replacement,3,1,Not coded,True
main-2026-09-24,1,140822,exclusion_rule_replacement,1,1,Not coded,True
main-2026-09-24,1,140822,exclusion_rule_replacement,2,1,Not coded,True
main-2026-09-24,1,140822,exclusion_rule_replacement,3,1,Not coded,True
main-2026-09-24,1,140822,names_only,1,1,Not coded,True
main-2026-09-24,1,140822,names_only,2,1,Not coded,True
main-2026-09-24,1,140822,names_only,3,1,Not coded,True
main-2026-09-24,1,140822,negative_control,1,1,Not coded,True
main-2026-09-24,1,140822,negative_control,2,1,Not coded,True
main-2026-09-24,1,140822,negative_control,3,1,Not coded,True
main-2026-09-24,1,140939,baseline,1,1,Keeping Everyone Together,True
main-2026-09-24,1,140939,baseline,2,1,Keeping Everyone Together,True
main-2026-09-24,1,140939,baseline,3,1,Keeping Everyone Together,True
main-2026-09-24,1,140939,definition_replacement,1,1,Keeping Everyone Together,True
main-2026-09-24,1,140939,definition_replacement,2,1,Keeping Everyone Together,True
main-2026-09-24,1,140939,definition_replacement,3,1,Keeping Everyone Together,True
main-2026-09-24,1,140939,example_replacement,1,1,Keeping Everyone Together,True
main-2026-09-24,1,140939,example_replacement,2,1,Keeping Everyone Together,True
main-2026-09-24,1,140939,example_replacement,3,1,Keeping Everyone Together,True
main-2026-09-24,1,140939,exclusion_rule_replacement,1,1,Keeping Everyone Together,True
main-2026-09-24,1,140939,exclusion_rule_replacement,2,1,Keeping Everyone Together,True
main-2026-09-24,1,140939,exclusion_rule_replacement,3,1,Keeping Everyone Together,True
main-2026-09-24,1,140939,names_only,1,1,Keeping Everyone Together,True
main-2026-09-24,1,140939,names_only,2,1,Keeping Everyone Together,True
main-2026-09-24,1,140939,names_only,3,1,Keeping Everyone Together,True
main-2026-09-24,1,140939,negative_control,1,1,Keeping Everyone Together,True
main-2026-09-24,1,140939,negative_control,2,1,Keeping Everyone Together,True
main-2026-09-24,1,140939,negative_control,3,1,Keeping Everyone Together,True
main-2026-09-24,1,141316,baseline,1,1,Not coded,True
main-2026-09-24,1,141316,baseline,2,1,Not coded,True
main-2026-09-24,1,141316,baseline,3,1,Not coded,True
main-2026-09-24,1,141316,definition_replacement,1,1,Not coded,True
main-2026-09-24,1,141316,definition_replacement,2,1,Not coded,True
main-2026-09-24,1,141316,definition_replacement,3,1,Not coded,True
main-2026-09-24,1,141316,example_replacement,1,1,Not coded,True
main-2026-09-24,1,141316,example_replacement,2,1,Not coded,True
main-2026-09-24,1,141316,example_replacement,3,1,Not coded,True
main-2026-09-24,1,141316,exclusion_rule_replacement,1,1,Not coded,True
main-2026-09-24,1,141316,exclusion_rule_replacement,2,1,Keeping Everyone Together,True
main-2026-09-24,1,141316,exclusion_rule_replacement,3,1,Not coded,True
main-2026-09-24,1,141316,names_only,1,1,Not coded,True
main-2026-09-24,1,141316,names_only,2,1,Not coded,True
main-2026-09-24,1,141316,names_only,3,1,Not coded,True
main-2026-09-24,1,141316,negative_control,1,1,Not coded,True
main-2026-09-24,1,141316,negative_control,2,1,Not coded,True
main-2026-09-24,1,141316,negative_control,3,1,Not coded,True
main-2026-09-24,1,141594,baseline,1,1,Not coded,True
main-2026-09-24,1,141594,baseline,2,1,Not coded,True
main-2026-09-24,1,141594,baseline,3,1,Not coded,True
main-2026-09-24,1,141594,definition_replacement,1,1,Not coded,True
main-2026-09-24,1,141594,definition_replacement,2,1,Not coded,True
main-2026-09-24,1,141594,definition_replacement,3,1,Not coded,True
main-2026-09-24,1,141594,example_replacement,1,1,Not coded,True
main-2026-09-24,1,141594,example_replacement,2,1,Not coded,True
main-2026-09-24,1,141594,example_replacement,3,1,Not coded,True
main-2026-09-24,1,141594,exclusion_rule_replacement,1,1,Keeping Everyone Together,True
main-2026-09-24,1,141594,exclusion_rule_replacement,2,1,Keeping Everyone Together,True
main-2026-09-24,1,141594,exclusion_rule_replacement,3,1,Not coded,True
main-2026-09-24,1,141594,names_only,1,1,Not coded,True
main-2026-09-24,1,141594,names_only,2,1,Not coded,True
main-2026-09-24,1,141594,names_only,3,1,Keeping Everyone Together,True
main-2026-09-24,1,141594,negative_control,1,1,Not coded,True
main-2026-09-24,1,141594,negative_control,2,1,Not coded,True
main-2026-09-24,1,141594,negative_control,3,1,Not coded,True
main-2026-09-24,1,141951,baseline,1,1,Not coded,True
main-2026-09-24,1,141951,baseline,2,1,Not coded,True
main-2026-09-24,1,141951,baseline,3,1,Not coded,True
main-2026-09-24,1,141951,definition_replacement,1,1,Not coded,True
main-2026-09-24,1,141951,definition_replacement,2,1,Not coded,True
main-2026-09-24,1,141951,definition_replacement,3,1,Not coded,True
main-2026-09-24,1,141951,example_replacement,1,1,Not coded,True
main-2026-09-24,1,141951,example_replacement,2,1,Not coded,True
main-2026-09-24,1,141951,example_replacement,3,1,Not coded,True
main-2026-09-24,1,141951,exclusion_rule_replacement,1,1,Not coded,True
main-2026-09-24,1,141951,exclusion_rule_replacement,2,1,Not coded,True
main-2026-09-24,1,141951,exclusion_rule_replacement,3,1,Not coded,True
main-2026-09-24,1,141951,names_only,1,1,Not coded,True
main-2026-09-24,1,141951,names_only,2,1,Not coded,True
main-2026-09-24,1,141951,names_only,3,1,Not coded,True
main-2026-09-24,1,141951,negative_control,1,1,Not coded,True
main-2026-09-24,1,141951,negative_control,2,1,Not coded,True
main-2026-09-24,1,141951,negative_control,3,1,Not coded,True
main-2026-09-24,1,141954,baseline,1,1,Not coded,True
main-2026-09-24,1,141954,baseline,2,1,Not coded,True
main-2026-09-24,1,141954,baseline,3,1,Not coded,True
main-2026-09-24,1,141954,definition_replacement,1,1,Not coded,True
main-2026-09-24,1,141954,definition_replacement,2,1,Not coded,True
main-2026-09-24,1,141954,definition_replacement,3,1,Not coded,True
main-2026-09-24,1,141954,example_replacement,1,1,Not coded,True
main-2026-09-24,1,141954,example_replacement,2,1,Not coded,True
main-2026-09-24,1,141954,example_replacement,3,1,Not coded,True
main-2026-09-24,1,141954,exclusion_rule_replacement,1,1,Not coded,True
main-2026-09-24,1,141954,exclusion_rule_replacement,2,1,Not coded,True
main-2026-09-24,1,141954,exclusion_rule_replacement,3,1,Not coded,True
main-2026-09-24,1,141954,names_only,1,1,Not coded,True
main-2026-09-24,1,141954,names_only,2,1,Not coded,True
main-2026-09-24,1,141954,names_only,3,1,Not coded,True
main-2026-09-24,1,141954,negative_control,1,1,Not coded,True
main-2026-09-24,1,141954,negative_control,2,1,Not coded,True
main-2026-09-24,1,141954,negative_control,3,1,Not coded,True
main-2026-09-24,1,143070,baseline,1,1,Not coded,True
main-2026-09-24,1,143070,baseline,2,1,Not coded,True
main-2026-09-24,1,143070,baseline,3,1,Not coded,True
main-2026-09-24,1,143070,definition_replacement,1,1,Not coded,True
main-2026-09-24,1,143070,definition_replacement,2,1,Not coded,True
main-2026-09-24,1,143070,definition_replacement,3,1,Not coded,True
main-2026-09-24,1,143070,example_replacement,1,1,Not coded,True
main-2026-09-24,1,143070,example_replacement,2,1,Not coded,True
main-2026-09-24,1,143070,example_replacement,3,1,Not coded,True
main-2026-09-24,1,143070,exclusion_rule_replacement,1,1,Not coded,True
main-2026-09-24,1,143070,exclusion_rule_replacement,2,1,Not coded,True
main-2026-09-24,1,143070,exclusion_rule_replacement,3,1,Not coded,True
main-2026-09-24,1,143070,names_only,1,1,Not coded,True
main-2026-09-24,1,143070,names_only,2,1,Not coded,True
main-2026-09-24,1,143070,names_only,3,1,Not coded,True
main-2026-09-24,1,143070,negative_control,1,1,Not coded,True
main-2026-09-24,1,143070,negative_control,2,1,Not coded,True
main-2026-09-24,1,143070,negative_control,3,1,Not coded,True
main-2026-09-24,1,143193,baseline,1,1,Not coded,True
main-2026-09-24,1,143193,baseline,2,1,Not coded,True
main-2026-09-24,1,143193,baseline,3,1,Not coded,True
main-2026-09-24,1,143193,definition_replacement,1,1,Not coded,True
main-2026-09-24,1,143193,definition_replacement,2,1,Not coded,True
main-2026-09-24,1,143193,definition_replacement,3,1,Not coded,True
main-2026-09-24,1,143193,example_replacement,1,1,Not coded,True
main-2026-09-24,1,143193,example_replacement,2,1,Not coded,True
main-2026-09-24,1,143193,example_replacement,3,1,Not coded,True
main-2026-09-24,1,143193,exclusion_rule_replacement,1,1,Not coded,True
main-2026-09-24,1,143193,exclusion_rule_replacement,2,1,Not coded,True
main-2026-09-24,1,143193,exclusion_rule_replacement,3,1,Not coded,True
main-2026-09-24,1,143193,names_only,1,1,Not coded,True
main-2026-09-24,1,143193,names_only,2,1,Not coded,True
main-2026-09-24,1,143193,names_only,3,1,Not coded,True
main-2026-09-24,1,143193,negative_control,1,1,Not coded,True
main-2026-09-24,1,143193,negative_control,2,1,Not coded,True
main-2026-09-24,1,143193,negative_control,3,1,Not coded,True
main-2026-09-24,1,143568,baseline,1,1,Pressing for Accuracy,True
main-2026-09-24,1,143568,baseline,2,1,Pressing for Accuracy,True
main-2026-09-24,1,143568,baseline,3,1,Pressing for Accuracy,True
main-2026-09-24,1,143568,definition_replacement,1,1,Pressing for Accuracy,True
main-2026-09-24,1,143568,definition_replacement,2,1,Pressing for Accuracy,True
main-2026-09-24,1,143568,definition_replacement,3,1,Pressing for Accuracy,True
main-2026-09-24,1,143568,example_replacement,1,1,Pressing for Accuracy,True
main-2026-09-24,1,143568,example_replacement,2,1,Pressing for Accuracy,True
main-2026-09-24,1,143568,example_replacement,3,1,Pressing for Accuracy,True
main-2026-09-24,1,143568,exclusion_rule_replacement,1,1,Pressing for Accuracy,True
main-2026-09-24,1,143568,exclusion_rule_replacement,2,1,Pressing for Accuracy,True
main-2026-09-24,1,143568,exclusion_rule_replacement,3,1,Pressing for Accuracy,True
main-2026-09-24,1,143568,names_only,1,1,Pressing for Accuracy,True
main-2026-09-24,1,143568,names_only,2,1,Pressing for Reasoning,True
main-2026-09-24,1,143568,names_only,3,1,Pressing for Accuracy,True
main-2026-09-24,1,143568,negative_control,1,1,Pressing for Accuracy,True
main-2026-09-24,1,143568,negative_control,2,1,Pressing for Accuracy,True
main-2026-09-24,1,143568,negative_control,3,1,Pressing for Accuracy,True
main-2026-09-24,1,145868,baseline,1,1,Not coded,True
main-2026-09-24,1,145868,baseline,2,1,Not coded,True
main-2026-09-24,1,145868,baseline,3,1,Not coded,True
main-2026-09-24,1,145868,definition_replacement,1,1,Not coded,True
main-2026-09-24,1,145868,definition_replacement,2,1,Not coded,True
main-2026-09-24,1,145868,definition_replacement,3,1,Not coded,True
main-2026-09-24,1,145868,example_replacement,1,1,Revoicing,True
main-2026-09-24,1,145868,example_replacement,2,1,Revoicing,True
main-2026-09-24,1,145868,example_replacement,3,1,Revoicing,True
main-2026-09-24,1,145868,exclusion_rule_replacement,1,1,Not coded,True
main-2026-09-24,1,145868,exclusion_rule_replacement,2,1,Not coded,True
main-2026-09-24,1,145868,exclusion_rule_replacement,3,1,Revoicing,True
main-2026-09-24,1,145868,names_only,1,1,Restating,True
main-2026-09-24,1,145868,names_only,2,1,Restating,True
main-2026-09-24,1,145868,names_only,3,1,Restating,True
main-2026-09-24,1,145868,negative_control,1,1,Not coded,True
main-2026-09-24,1,145868,negative_control,2,1,Not coded,True
main-2026-09-24,1,145868,negative_control,3,1,Not coded,True
main-2026-09-24,1,146929,baseline,1,1,Not coded,True
main-2026-09-24,1,146929,baseline,2,1,Not coded,True
main-2026-09-24,1,146929,baseline,3,1,Not coded,True
main-2026-09-24,1,146929,definition_replacement,1,1,Not coded,True
main-2026-09-24,1,146929,definition_replacement,2,1,Not coded,True
main-2026-09-24,1,146929,definition_replacement,3,1,Not coded,True
main-2026-09-24,1,146929,example_replacement,1,1,Not coded,True
main-2026-09-24,1,146929,example_replacement,2,1,Not coded,True
main-2026-09-24,1,146929,example_replacement,3,1,Not coded,True
main-2026-09-24,1,146929,exclusion_rule_replacement,1,1,Not coded,True
main-2026-09-24,1,146929,exclusion_rule_replacement,2,1,Not coded,True
main-2026-09-24,1,146929,exclusion_rule_replacement,3,1,Not coded,True
main-2026-09-24,1,146929,names_only,1,1,Restating,True
main-2026-09-24,1,146929,names_only,2,1,Restating,True
main-2026-09-24,1,146929,names_only,3,1,Restating,True
main-2026-09-24,1,146929,negative_control,1,1,Not coded,True
main-2026-09-24,1,146929,negative_control,2,1,Not coded,True
main-2026-09-24,1,146929,negative_control,3,1,Not coded,True
main-2026-09-24,1,147804,baseline,1,1,Not coded,True
main-2026-09-24,1,147804,baseline,2,1,Not coded,True
main-2026-09-24,1,147804,baseline,3,1,Not coded,True
main-2026-09-24,1,147804,definition_replacement,1,1,Not coded,True
main-2026-09-24,1,147804,definition_replacement,2,1,Not coded,True
main-2026-09-24,1,147804,definition_replacement,3,1,Not coded,True
main-2026-09-24,1,147804,example_replacement,1,1,Not coded,True
main-2026-09-24,1,147804,example_replacement,2,1,Not coded,True
main-2026-09-24,1,147804,example_replacement,3,1,Not coded,True
main-2026-09-24,1,147804,exclusion_rule_replacement,1,1,Not coded,True
main-2026-09-24,1,147804,exclusion_rule_replacement,2,1,Not coded,True
main-2026-09-24,1,147804,exclusion_rule_replacement,3,1,Not coded,True
main-2026-09-24,1,147804,names_only,1,1,Not coded,True
main-2026-09-24,1,147804,names_only,2,1,Not coded,True
main-2026-09-24,1,147804,names_only,3,1,Not coded,True
main-2026-09-24,1,147804,negative_control,1,1,Not coded,True
main-2026-09-24,1,147804,negative_control,2,1,Not coded,True
main-2026-09-24,1,147804,negative_control,3,1,Not coded,True
main-2026-09-24,1,148368,baseline,1,1,Keeping Everyone Together,True
main-2026-09-24,1,148368,baseline,2,1,Keeping Everyone Together,True
main-2026-09-24,1,148368,baseline,3,1,Keeping Everyone Together,True
main-2026-09-24,1,148368,definition_replacement,1,1,Keeping Everyone Together,True
main-2026-09-24,1,148368,definition_replacement,2,1,Keeping Everyone Together,True
main-2026-09-24,1,148368,definition_replacement,3,1,Keeping Everyone Together,True
main-2026-09-24,1,148368,example_replacement,1,1,Keeping Everyone Together,True
main-2026-09-24,1,148368,example_replacement,2,1,Keeping Everyone Together,True
main-2026-09-24,1,148368,example_replacement,3,1,Keeping Everyone Together,True
main-2026-09-24,1,148368,exclusion_rule_replacement,1,1,Keeping Everyone Together,True
main-2026-09-24,1,148368,exclusion_rule_replacement,2,1,Keeping Everyone Together,True
main-2026-09-24,1,148368,exclusion_rule_replacement,3,1,Keeping Everyone Together,True
main-2026-09-24,1,148368,names_only,1,1,Not coded,True
main-2026-09-24,1,148368,names_only,2,1,Not coded,True
main-2026-09-24,1,148368,names_only,3,1,Not coded,True
main-2026-09-24,1,148368,negative_control,1,1,Keeping Everyone Together,True
main-2026-09-24,1,148368,negative_control,2,1,Keeping Everyone Together,True
main-2026-09-24,1,148368,negative_control,3,1,Keeping Everyone Together,True
main-2026-09-24,1,148550,baseline,1,1,Not coded,True
main-2026-09-24,1,148550,baseline,2,1,Not coded,True
main-2026-09-24,1,148550,baseline,3,1,Not coded,True
main-2026-09-24,1,148550,definition_replacement,1,1,Not coded,True
main-2026-09-24,1,148550,definition_replacement,2,1,Not coded,True
main-2026-09-24,1,148550,definition_replacement,3,1,Not coded,True
main-2026-09-24,1,148550,example_replacement,1,1,Not coded,True
main-2026-09-24,1,148550,example_replacement,2,1,Not coded,True
main-2026-09-24,1,148550,example_replacement,3,1,Not coded,True
main-2026-09-24,1,148550,exclusion_rule_replacement,1,1,Not coded,True
main-2026-09-24,1,148550,exclusion_rule_replacement,2,1,Not coded,True
main-2026-09-24,1,148550,exclusion_rule_replacement,3,1,Not coded,True
main-2026-09-24,1,148550,names_only,1,1,Restating,True
main-2026-09-24,1,148550,names_only,2,1,Restating,True
main-2026-09-24,1,148550,names_only,3,1,Restating,True
main-2026-09-24,1,148550,negative_control,1,1,Not coded,True
main-2026-09-24,1,148550,negative_control,2,1,Not coded,True
main-2026-09-24,1,148550,negative_control,3,1,Not coded,True
main-2026-09-24,1,149508,baseline,1,1,Not coded,True
main-2026-09-24,1,149508,baseline,2,1,Not coded,True
main-2026-09-24,1,149508,baseline,3,1,Not coded,True
main-2026-09-24,1,149508,definition_replacement,1,1,Not coded,True
main-2026-09-24,1,149508,definition_replacement,2,1,Not coded,True
main-2026-09-24,1,149508,definition_replacement,3,1,Not coded,True
main-2026-09-24,1,149508,example_replacement,1,1,Not coded,True
main-2026-09-24,1,149508,example_replacement,2,1,Not coded,True
main-2026-09-24,1,149508,example_replacement,3,1,Not coded,True
main-2026-09-24,1,149508,exclusion_rule_replacement,1,1,Not coded,True
main-2026-09-24,1,149508,exclusion_rule_replacement,2,1,Not coded,True
main-2026-09-24,1,149508,exclusion_rule_replacement,3,1,Not coded,True
main-2026-09-24,1,149508,names_only,1,1,Not coded,True
main-2026-09-24,1,149508,names_only,2,1,Not coded,True
main-2026-09-24,1,149508,names_only,3,1,Not coded,True
main-2026-09-24,1,149508,negative_control,1,1,Not coded,True
main-2026-09-24,1,149508,negative_control,2,1,Not coded,True
main-2026-09-24,1,149508,negative_control,3,1,Not coded,True
main-2026-09-24,1,150756,baseline,1,1,Pressing for Reasoning,True
main-2026-09-24,1,150756,baseline,2,1,Pressing for Reasoning,True
main-2026-09-24,1,150756,baseline,3,1,Pressing for Reasoning,True
main-2026-09-24,1,150756,definition_replacement,1,1,Pressing for Reasoning,True
main-2026-09-24,1,150756,definition_replacement,2,1,Pressing for Reasoning,True
main-2026-09-24,1,150756,definition_replacement,3,1,Pressing for Reasoning,True
main-2026-09-24,1,150756,example_replacement,1,1,Pressing for Reasoning,True
main-2026-09-24,1,150756,example_replacement,2,1,Pressing for Reasoning,True
main-2026-09-24,1,150756,example_replacement,3,1,Pressing for Reasoning,True
main-2026-09-24,1,150756,exclusion_rule_replacement,1,1,Pressing for Reasoning,True
main-2026-09-24,1,150756,exclusion_rule_replacement,2,1,Pressing for Reasoning,True
main-2026-09-24,1,150756,exclusion_rule_replacement,3,1,Pressing for Reasoning,True
main-2026-09-24,1,150756,names_only,1,1,Pressing for Reasoning,True
main-2026-09-24,1,150756,names_only,2,1,Pressing for Reasoning,True
main-2026-09-24,1,150756,names_only,3,1,Pressing for Reasoning,True
main-2026-09-24,1,150756,negative_control,1,1,Pressing for Reasoning,True
main-2026-09-24,1,150756,negative_control,2,1,Pressing for Reasoning,True
main-2026-09-24,1,150756,negative_control,3,1,Pressing for Reasoning,True
main-2026-09-24,1,151277,baseline,1,1,Pressing for Accuracy,True
main-2026-09-24,1,151277,baseline,2,1,Pressing for Accuracy,True
main-2026-09-24,1,151277,baseline,3,1,Pressing for Accuracy,True
main-2026-09-24,1,151277,definition_replacement,1,1,Pressing for Accuracy,True
main-2026-09-24,1,151277,definition_replacement,2,1,Pressing for Accuracy,True
main-2026-09-24,1,151277,definition_replacement,3,1,Pressing for Accuracy,True
main-2026-09-24,1,151277,example_replacement,1,1,Pressing for Accuracy,True
main-2026-09-24,1,151277,example_replacement,2,1,Pressing for Accuracy,True
main-2026-09-24,1,151277,example_replacement,3,1,Pressing for Accuracy,True
main-2026-09-24,1,151277,exclusion_rule_replacement,1,1,Pressing for Accuracy,True
main-2026-09-24,1,151277,exclusion_rule_replacement,2,1,Pressing for Accuracy,True
main-2026-09-24,1,151277,exclusion_rule_replacement,3,1,Pressing for Accuracy,True
main-2026-09-24,1,151277,names_only,1,1,Pressing for Accuracy,True
main-2026-09-24,1,151277,names_only,2,1,Pressing for Accuracy,True
main-2026-09-24,1,151277,names_only,3,1,Pressing for Accuracy,True
main-2026-09-24,1,151277,negative_control,1,1,Pressing for Accuracy,True
main-2026-09-24,1,151277,negative_control,2,1,Pressing for Accuracy,True
main-2026-09-24,1,151277,negative_control,3,1,Pressing for Accuracy,True
main-2026-09-24,1,151312,baseline,1,1,Keeping Everyone Together,True
main-2026-09-24,1,151312,baseline,2,1,Keeping Everyone Together,True
main-2026-09-24,1,151312,baseline,3,1,Keeping Everyone Together,True
main-2026-09-24,1,151312,definition_replacement,1,1,Keeping Everyone Together,True
main-2026-09-24,1,151312,definition_replacement,2,1,Keeping Everyone Together,True
main-2026-09-24,1,151312,definition_replacement,3,1,Keeping Everyone Together,True
main-2026-09-24,1,151312,example_replacement,1,1,Keeping Everyone Together,True
main-2026-09-24,1,151312,example_replacement,2,1,Keeping Everyone Together,True
main-2026-09-24,1,151312,example_replacement,3,1,Keeping Everyone Together,True
main-2026-09-24,1,151312,exclusion_rule_replacement,1,1,Keeping Everyone Together,True
main-2026-09-24,1,151312,exclusion_rule_replacement,2,1,Keeping Everyone Together,True
main-2026-09-24,1,151312,exclusion_rule_replacement,3,1,Pressing for Accuracy,True
main-2026-09-24,1,151312,names_only,1,1,Not coded,True
main-2026-09-24,1,151312,names_only,2,1,Not coded,True
main-2026-09-24,1,151312,names_only,3,1,Not coded,True
main-2026-09-24,1,151312,negative_control,1,1,Keeping Everyone Together,True
main-2026-09-24,1,151312,negative_control,2,1,Keeping Everyone Together,True
main-2026-09-24,1,151312,negative_control,3,1,Keeping Everyone Together,True
main-2026-09-24,1,151707,baseline,1,1,Not coded,True
main-2026-09-24,1,151707,baseline,2,1,Not coded,True
main-2026-09-24,1,151707,baseline,3,1,Not coded,True
main-2026-09-24,1,151707,definition_replacement,1,1,Not coded,True
main-2026-09-24,1,151707,definition_replacement,2,1,Not coded,True
main-2026-09-24,1,151707,definition_replacement,3,1,Not coded,True
main-2026-09-24,1,151707,example_replacement,1,1,Not coded,True
main-2026-09-24,1,151707,example_replacement,2,1,Not coded,True
main-2026-09-24,1,151707,example_replacement,3,1,Not coded,True
main-2026-09-24,1,151707,exclusion_rule_replacement,1,1,Not coded,True
main-2026-09-24,1,151707,exclusion_rule_replacement,2,1,Not coded,True
main-2026-09-24,1,151707,exclusion_rule_replacement,3,1,Not coded,True
main-2026-09-24,1,151707,names_only,1,1,Not coded,True
main-2026-09-24,1,151707,names_only,2,1,Not coded,True
main-2026-09-24,1,151707,names_only,3,1,Keeping Everyone Together,True
main-2026-09-24,1,151707,negative_control,1,1,Not coded,True
main-2026-09-24,1,151707,negative_control,2,1,Not coded,True
main-2026-09-24,1,151707,negative_control,3,1,Not coded,True
main-2026-09-24,1,154046,baseline,1,1,Not coded,True
main-2026-09-24,1,154046,baseline,2,1,Not coded,True
main-2026-09-24,1,154046,baseline,3,1,Not coded,True
main-2026-09-24,1,154046,definition_replacement,1,1,Not coded,True
main-2026-09-24,1,154046,definition_replacement,2,1,Not coded,True
main-2026-09-24,1,154046,definition_replacement,3,1,Not coded,True
main-2026-09-24,1,154046,example_replacement,1,1,Not coded,True
main-2026-09-24,1,154046,example_replacement,2,1,Not coded,True
main-2026-09-24,1,154046,example_replacement,3,1,Not coded,True
main-2026-09-24,1,154046,exclusion_rule_replacement,1,1,Not coded,True
main-2026-09-24,1,154046,exclusion_rule_replacement,2,1,Not coded,True
main-2026-09-24,1,154046,exclusion_rule_replacement,3,1,Not coded,True
main-2026-09-24,1,154046,names_only,1,1,Not coded,True
main-2026-09-24,1,154046,names_only,2,1,Not coded,True
main-2026-09-24,1,154046,names_only,3,1,Not coded,True
main-2026-09-24,1,154046,negative_control,1,1,Not coded,True
main-2026-09-24,1,154046,negative_control,2,1,Not coded,True
main-2026-09-24,1,154046,negative_control,3,1,Not coded,True
main-2026-09-24,1,154512,baseline,1,1,Not coded,True
main-2026-09-24,1,154512,baseline,2,1,Not coded,True
main-2026-09-24,1,154512,baseline,3,1,Not coded,True
main-2026-09-24,1,154512,definition_replacement,1,1,Not coded,True
main-2026-09-24,1,154512,definition_replacement,2,1,Not coded,True
main-2026-09-24,1,154512,definition_replacement,3,1,Not coded,True
main-2026-09-24,1,154512,example_replacement,1,1,Not coded,True
main-2026-09-24,1,154512,example_replacement,2,1,Not coded,True
main-2026-09-24,1,154512,example_replacement,3,1,Not coded,True
main-2026-09-24,1,154512,exclusion_rule_replacement,1,1,Not coded,True
main-2026-09-24,1,154512,exclusion_rule_replacement,2,1,Not coded,True
main-2026-09-24,1,154512,exclusion_rule_replacement,3,1,Not coded,True
main-2026-09-24,1,154512,names_only,1,1,Not coded,True
main-2026-09-24,1,154512,names_only,2,1,Not coded,True
main-2026-09-24,1,154512,names_only,3,1,Not coded,True
main-2026-09-24,1,154512,negative_control,1,1,Not coded,True
main-2026-09-24,1,154512,negative_control,2,1,Not coded,True
main-2026-09-24,1,154512,negative_control,3,1,Not coded,True
main-2026-09-24,1,154579,baseline,1,1,Pressing for Accuracy,True
main-2026-09-24,1,154579,baseline,2,1,Pressing for Accuracy,True
main-2026-09-24,1,154579,baseline,3,1,Pressing for Accuracy,True
main-2026-09-24,1,154579,definition_replacement,1,1,Pressing for Accuracy,True
main-2026-09-24,1,154579,definition_replacement,2,1,Pressing for Accuracy,True
main-2026-09-24,1,154579,definition_replacement,3,1,Pressing for Accuracy,True
main-2026-09-24,1,154579,example_replacement,1,1,Pressing for Accuracy,True
main-2026-09-24,1,154579,example_replacement,2,1,Pressing for Accuracy,True
main-2026-09-24,1,154579,example_replacement,3,1,Pressing for Accuracy,True
main-2026-09-24,1,154579,exclusion_rule_replacement,1,1,Keeping Everyone Together,True
main-2026-09-24,1,154579,exclusion_rule_replacement,2,1,Keeping Everyone Together,True
main-2026-09-24,1,154579,exclusion_rule_replacement,3,1,Keeping Everyone Together,True
main-2026-09-24,1,154579,names_only,1,1,Keeping Everyone Together,True
main-2026-09-24,1,154579,names_only,2,1,Keeping Everyone Together,True
main-2026-09-24,1,154579,names_only,3,1,Keeping Everyone Together,True
main-2026-09-24,1,154579,negative_control,1,1,Keeping Everyone Together,True
main-2026-09-24,1,154579,negative_control,2,1,Pressing for Accuracy,True
main-2026-09-24,1,154579,negative_control,3,1,Keeping Everyone Together,True
main-2026-09-24,1,155607,baseline,1,1,Keeping Everyone Together,True
main-2026-09-24,1,155607,baseline,2,1,Keeping Everyone Together,True
main-2026-09-24,1,155607,baseline,3,1,Keeping Everyone Together,True
main-2026-09-24,1,155607,definition_replacement,1,1,Keeping Everyone Together,True
main-2026-09-24,1,155607,definition_replacement,2,1,Keeping Everyone Together,True
main-2026-09-24,1,155607,definition_replacement,3,1,Keeping Everyone Together,True
main-2026-09-24,1,155607,example_replacement,1,1,Pressing for Accuracy,True
main-2026-09-24,1,155607,example_replacement,2,1,Pressing for Accuracy,True
main-2026-09-24,1,155607,example_replacement,3,1,Pressing for Accuracy,True
main-2026-09-24,1,155607,exclusion_rule_replacement,1,1,Keeping Everyone Together,True
main-2026-09-24,1,155607,exclusion_rule_replacement,2,1,Keeping Everyone Together,True
main-2026-09-24,1,155607,exclusion_rule_replacement,3,1,Keeping Everyone Together,True
main-2026-09-24,1,155607,names_only,1,1,Pressing for Accuracy,True
main-2026-09-24,1,155607,names_only,2,1,Pressing for Accuracy,True
main-2026-09-24,1,155607,names_only,3,1,Pressing for Accuracy,True
main-2026-09-24,1,155607,negative_control,1,1,Keeping Everyone Together,True
main-2026-09-24,1,155607,negative_control,2,1,Keeping Everyone Together,True
main-2026-09-24,1,155607,negative_control,3,1,Keeping Everyone Together,True
main-2026-09-24,1,155644,baseline,1,1,Pressing for Reasoning,True
main-2026-09-24,1,155644,baseline,2,1,Pressing for Reasoning,True
main-2026-09-24,1,155644,baseline,3,1,Pressing for Reasoning,True
main-2026-09-24,1,155644,definition_replacement,1,1,Pressing for Reasoning,True
main-2026-09-24,1,155644,definition_replacement,2,1,Pressing for Reasoning,True
main-2026-09-24,1,155644,definition_replacement,3,1,Pressing for Reasoning,True
main-2026-09-24,1,155644,example_replacement,1,1,Pressing for Reasoning,True
main-2026-09-24,1,155644,example_replacement,2,1,Pressing for Reasoning,True
main-2026-09-24,1,155644,example_replacement,3,1,Pressing for Reasoning,True
main-2026-09-24,1,155644,exclusion_rule_replacement,1,1,Pressing for Reasoning,True
main-2026-09-24,1,155644,exclusion_rule_replacement,2,1,Pressing for Reasoning,True
main-2026-09-24,1,155644,exclusion_rule_replacement,3,1,Pressing for Reasoning,True
main-2026-09-24,1,155644,names_only,1,1,Pressing for Reasoning,True
main-2026-09-24,1,155644,names_only,2,1,Pressing for Reasoning,True
main-2026-09-24,1,155644,names_only,3,1,Pressing for Reasoning,True
main-2026-09-24,1,155644,negative_control,1,1,Pressing for Reasoning,True
main-2026-09-24,1,155644,negative_control,2,1,Pressing for Reasoning,True
main-2026-09-24,1,155644,negative_control,3,1,Pressing for Reasoning,True
main-2026-09-24,1,156833,baseline,1,1,Not coded,True
main-2026-09-24,1,156833,baseline,2,1,Not coded,True
main-2026-09-24,1,156833,baseline,3,1,Not coded,True
main-2026-09-24,1,156833,definition_replacement,1,1,Not coded,True
main-2026-09-24,1,156833,definition_replacement,2,1,Not coded,True
main-2026-09-24,1,156833,definition_replacement,3,1,Not coded,True
main-2026-09-24,1,156833,example_replacement,1,1,Not coded,True
main-2026-09-24,1,156833,example_replacement,2,1,Not coded,True
main-2026-09-24,1,156833,example_replacement,3,1,Not coded,True
main-2026-09-24,1,156833,exclusion_rule_replacement,1,1,Not coded,True
main-2026-09-24,1,156833,exclusion_rule_replacement,2,1,Revoicing,True
main-2026-09-24,1,156833,exclusion_rule_replacement,3,1,Not coded,True
main-2026-09-24,1,156833,names_only,1,1,Restating,True
main-2026-09-24,1,156833,names_only,2,1,Restating,True
main-2026-09-24,1,156833,names_only,3,1,Restating,True
main-2026-09-24,1,156833,negative_control,1,1,Not coded,True
main-2026-09-24,1,156833,negative_control,2,1,Not coded,True
main-2026-09-24,1,156833,negative_control,3,1,Not coded,True
main-2026-09-24,1,157997,baseline,1,1,Not coded,True
main-2026-09-24,1,157997,baseline,2,1,Not coded,True
main-2026-09-24,1,157997,baseline,3,1,Not coded,True
main-2026-09-24,1,157997,definition_replacement,1,1,Not coded,True
main-2026-09-24,1,157997,definition_replacement,2,1,Not coded,True
main-2026-09-24,1,157997,definition_replacement,3,1,Not coded,True
main-2026-09-24,1,157997,example_replacement,1,1,Not coded,True
main-2026-09-24,1,157997,example_replacement,2,1,Not coded,True
main-2026-09-24,1,157997,example_replacement,3,1,Not coded,True
main-2026-09-24,1,157997,exclusion_rule_replacement,1,1,Not coded,True
main-2026-09-24,1,157997,exclusion_rule_replacement,2,1,Not coded,True
main-2026-09-24,1,157997,exclusion_rule_replacement,3,1,Not coded,True
main-2026-09-24,1,157997,names_only,1,1,Restating,True
main-2026-09-24,1,157997,names_only,2,1,Keeping Everyone Together,True
main-2026-09-24,1,157997,names_only,3,1,Restating,True
main-2026-09-24,1,157997,negative_control,1,1,Not coded,True
main-2026-09-24,1,157997,negative_control,2,1,Not coded,True
main-2026-09-24,1,157997,negative_control,3,1,Not coded,True
main-2026-09-24,1,158065,baseline,1,1,Not coded,True
main-2026-09-24,1,158065,baseline,2,1,Not coded,True
main-2026-09-24,1,158065,baseline,3,1,Not coded,True
main-2026-09-24,1,158065,definition_replacement,1,1,Not coded,True
main-2026-09-24,1,158065,definition_replacement,2,1,Not coded,True
main-2026-09-24,1,158065,definition_replacement,3,1,Not coded,True
main-2026-09-24,1,158065,example_replacement,1,1,Not coded,True
main-2026-09-24,1,158065,example_replacement,2,1,Not coded,True
main-2026-09-24,1,158065,example_replacement,3,1,Not coded,True
main-2026-09-24,1,158065,exclusion_rule_replacement,1,1,Not coded,True
main-2026-09-24,1,158065,exclusion_rule_replacement,2,1,Not coded,True
main-2026-09-24,1,158065,exclusion_rule_replacement,3,1,Not coded,True
main-2026-09-24,1,158065,names_only,1,1,Not coded,True
main-2026-09-24,1,158065,names_only,2,1,Not coded,True
main-2026-09-24,1,158065,names_only,3,1,Not coded,True
main-2026-09-24,1,158065,negative_control,1,1,Not coded,True
main-2026-09-24,1,158065,negative_control,2,1,Not coded,True
main-2026-09-24,1,158065,negative_control,3,1,Not coded,True
main-2026-09-24,1,158118,baseline,1,1,Pressing for Accuracy,True
main-2026-09-24,1,158118,baseline,2,1,Pressing for Accuracy,True
main-2026-09-24,1,158118,baseline,3,1,Pressing for Accuracy,True
main-2026-09-24,1,158118,definition_replacement,1,1,Pressing for Accuracy,True
main-2026-09-24,1,158118,definition_replacement,2,1,Pressing for Accuracy,True
main-2026-09-24,1,158118,definition_replacement,3,1,Pressing for Accuracy,True
main-2026-09-24,1,158118,example_replacement,1,1,Pressing for Accuracy,True
main-2026-09-24,1,158118,example_replacement,2,1,Pressing for Accuracy,True
main-2026-09-24,1,158118,example_replacement,3,1,Pressing for Accuracy,True
main-2026-09-24,1,158118,exclusion_rule_replacement,1,1,Pressing for Accuracy,True
main-2026-09-24,1,158118,exclusion_rule_replacement,2,1,Pressing for Accuracy,True
main-2026-09-24,1,158118,exclusion_rule_replacement,3,1,Pressing for Accuracy,True
main-2026-09-24,1,158118,names_only,1,1,Pressing for Accuracy,True
main-2026-09-24,1,158118,names_only,2,1,Pressing for Accuracy,True
main-2026-09-24,1,158118,names_only,3,1,Pressing for Accuracy,True
main-2026-09-24,1,158118,negative_control,1,1,Pressing for Accuracy,True
main-2026-09-24,1,158118,negative_control,2,1,Pressing for Accuracy,True
main-2026-09-24,1,158118,negative_control,3,1,Pressing for Accuracy,True
main-2026-09-24,1,159559,baseline,1,1,Pressing for Accuracy,True
main-2026-09-24,1,159559,baseline,2,1,Keeping Everyone Together,True
main-2026-09-24,1,159559,baseline,3,1,Keeping Everyone Together,True
main-2026-09-24,1,159559,definition_replacement,1,1,Keeping Everyone Together,True
main-2026-09-24,1,159559,definition_replacement,2,1,Keeping Everyone Together,True
main-2026-09-24,1,159559,definition_replacement,3,1,Keeping Everyone Together,True
main-2026-09-24,1,159559,example_replacement,1,1,Pressing for Accuracy,True
main-2026-09-24,1,159559,example_replacement,2,1,Pressing for Accuracy,True
main-2026-09-24,1,159559,example_replacement,3,1,Pressing for Accuracy,True
main-2026-09-24,1,159559,exclusion_rule_replacement,1,1,Keeping Everyone Together,True
main-2026-09-24,1,159559,exclusion_rule_replacement,2,1,Keeping Everyone Together,True
main-2026-09-24,1,159559,exclusion_rule_replacement,3,1,Keeping Everyone Together,True
main-2026-09-24,1,159559,names_only,1,1,Not coded,True
main-2026-09-24,1,159559,names_only,2,1,Not coded,True
main-2026-09-24,1,159559,names_only,3,1,Not coded,True
main-2026-09-24,1,159559,negative_control,1,1,Keeping Everyone Together,True
main-2026-09-24,1,159559,negative_control,2,1,Keeping Everyone Together,True
main-2026-09-24,1,159559,negative_control,3,1,Keeping Everyone Together,True
main-2026-09-24,1,159815,baseline,1,1,Not coded,True
main-2026-09-24,1,159815,baseline,2,1,Not coded,True
main-2026-09-24,1,159815,baseline,3,1,Not coded,True
main-2026-09-24,1,159815,definition_replacement,1,1,Not coded,True
main-2026-09-24,1,159815,definition_replacement,2,1,Not coded,True
main-2026-09-24,1,159815,definition_replacement,3,1,Pressing for Accuracy,True
main-2026-09-24,1,159815,example_replacement,1,1,Not coded,True
main-2026-09-24,1,159815,example_replacement,2,1,Not coded,True
main-2026-09-24,1,159815,example_replacement,3,1,Not coded,True
main-2026-09-24,1,159815,exclusion_rule_replacement,1,1,Pressing for Accuracy,True
main-2026-09-24,1,159815,exclusion_rule_replacement,2,1,Pressing for Accuracy,True
main-2026-09-24,1,159815,exclusion_rule_replacement,3,1,Pressing for Accuracy,True
main-2026-09-24,1,159815,names_only,1,1,Not coded,True
main-2026-09-24,1,159815,names_only,2,1,Not coded,True
main-2026-09-24,1,159815,names_only,3,1,Not coded,True
main-2026-09-24,1,159815,negative_control,1,1,Not coded,True
main-2026-09-24,1,159815,negative_control,2,1,Not coded,True
main-2026-09-24,1,159815,negative_control,3,1,Not coded,True
main-2026-09-24,1,160065,baseline,1,1,Keeping Everyone Together,True
main-2026-09-24,1,160065,baseline,2,1,Keeping Everyone Together,True
main-2026-09-24,1,160065,baseline,3,1,Keeping Everyone Together,True
main-2026-09-24,1,160065,definition_replacement,1,1,Keeping Everyone Together,True
main-2026-09-24,1,160065,definition_replacement,2,1,Keeping Everyone Together,True
main-2026-09-24,1,160065,definition_replacement,3,1,Keeping Everyone Together,True
main-2026-09-24,1,160065,example_replacement,1,1,Keeping Everyone Together,True
main-2026-09-24,1,160065,example_replacement,2,1,Keeping Everyone Together,True
main-2026-09-24,1,160065,example_replacement,3,1,Keeping Everyone Together,True
main-2026-09-24,1,160065,exclusion_rule_replacement,1,1,Keeping Everyone Together,True
main-2026-09-24,1,160065,exclusion_rule_replacement,2,1,Keeping Everyone Together,True
main-2026-09-24,1,160065,exclusion_rule_replacement,3,1,Keeping Everyone Together,True
main-2026-09-24,1,160065,names_only,1,1,Keeping Everyone Together,True
main-2026-09-24,1,160065,names_only,2,1,Keeping Everyone Together,True
main-2026-09-24,1,160065,names_only,3,1,Keeping Everyone Together,True
main-2026-09-24,1,160065,negative_control,1,1,Keeping Everyone Together,True
main-2026-09-24,1,160065,negative_control,2,1,Keeping Everyone Together,True
main-2026-09-24,1,160065,negative_control,3,1,Keeping Everyone Together,True
main-2026-09-24,1,162236,baseline,1,1,Not coded,True
main-2026-09-24,1,162236,baseline,2,1,Not coded,True
main-2026-09-24,1,162236,baseline,3,1,Not coded,True
main-2026-09-24,1,162236,definition_replacement,1,1,Not coded,True
main-2026-09-24,1,162236,definition_replacement,2,1,Not coded,True
main-2026-09-24,1,162236,definition_replacement,3,1,Not coded,True
main-2026-09-24,1,162236,example_replacement,1,1,Not coded,True
main-2026-09-24,1,162236,example_replacement,2,1,Not coded,True
main-2026-09-24,1,162236,example_replacement,3,1,Not coded,True
main-2026-09-24,1,162236,exclusion_rule_replacement,1,1,Not coded,True
main-2026-09-24,1,162236,exclusion_rule_replacement,2,1,Not coded,True
main-2026-09-24,1,162236,exclusion_rule_replacement,3,1,Not coded,True
main-2026-09-24,1,162236,names_only,1,1,Not coded,True
main-2026-09-24,1,162236,names_only,2,1,Not coded,True
main-2026-09-24,1,162236,names_only,3,1,Not coded,True
main-2026-09-24,1,162236,negative_control,1,1,Not coded,True
main-2026-09-24,1,162236,negative_control,2,1,Not coded,True
main-2026-09-24,1,162236,negative_control,3,1,Not coded,True
main-2026-09-24,1,162299,baseline,1,1,Revoicing,True
main-2026-09-24,1,162299,baseline,2,1,Revoicing,True
main-2026-09-24,1,162299,baseline,3,1,Revoicing,True
main-2026-09-24,1,162299,definition_replacement,1,1,Revoicing,True
main-2026-09-24,1,162299,definition_replacement,2,1,Revoicing,True
main-2026-09-24,1,162299,definition_replacement,3,1,Revoicing,True
main-2026-09-24,1,162299,example_replacement,1,1,Revoicing,True
main-2026-09-24,1,162299,example_replacement,2,1,Revoicing,True
main-2026-09-24,1,162299,example_replacement,3,1,Revoicing,True
main-2026-09-24,1,162299,exclusion_rule_replacement,1,1,Revoicing,True
main-2026-09-24,1,162299,exclusion_rule_replacement,2,1,Revoicing,True
main-2026-09-24,1,162299,exclusion_rule_replacement,3,1,Revoicing,True
main-2026-09-24,1,162299,names_only,1,1,Not coded,True
main-2026-09-24,1,162299,names_only,2,1,Not coded,True
main-2026-09-24,1,162299,names_only,3,1,Restating,True
main-2026-09-24,1,162299,negative_control,1,1,Revoicing,True
main-2026-09-24,1,162299,negative_control,2,1,Revoicing,True
main-2026-09-24,1,162299,negative_control,3,1,Revoicing,True
main-2026-09-24,1,162699,baseline,1,1,Not coded,True
main-2026-09-24,1,162699,baseline,2,1,Not coded,True
main-2026-09-24,1,162699,baseline,3,1,Not coded,True
main-2026-09-24,1,162699,definition_replacement,1,1,Not coded,True
main-2026-09-24,1,162699,definition_replacement,2,1,Not coded,True
main-2026-09-24,1,162699,definition_replacement,3,1,Not coded,True
main-2026-09-24,1,162699,example_replacement,1,1,Not coded,True
main-2026-09-24,1,162699,example_replacement,2,1,Not coded,True
main-2026-09-24,1,162699,example_replacement,3,1,Not coded,True
main-2026-09-24,1,162699,exclusion_rule_replacement,1,1,Keeping Everyone Together,True
main-2026-09-24,1,162699,exclusion_rule_replacement,2,1,Keeping Everyone Together,True
main-2026-09-24,1,162699,exclusion_rule_replacement,3,1,Not coded,True
main-2026-09-24,1,162699,names_only,1,1,Keeping Everyone Together,True
main-2026-09-24,1,162699,names_only,2,1,Keeping Everyone Together,True
main-2026-09-24,1,162699,names_only,3,1,Keeping Everyone Together,True
main-2026-09-24,1,162699,negative_control,1,1,Not coded,True
main-2026-09-24,1,162699,negative_control,2,1,Not coded,True
main-2026-09-24,1,162699,negative_control,3,1,Not coded,True
main-2026-09-24,1,162728,baseline,1,1,Pressing for Accuracy,True
main-2026-09-24,1,162728,baseline,2,1,Pressing for Accuracy,True
main-2026-09-24,1,162728,baseline,3,1,Pressing for Accuracy,True
main-2026-09-24,1,162728,definition_replacement,1,1,Pressing for Accuracy,True
main-2026-09-24,1,162728,definition_replacement,2,1,Pressing for Accuracy,True
main-2026-09-24,1,162728,definition_replacement,3,1,Pressing for Accuracy,True
main-2026-09-24,1,162728,example_replacement,1,1,Pressing for Accuracy,True
main-2026-09-24,1,162728,example_replacement,2,1,Pressing for Accuracy,True
main-2026-09-24,1,162728,example_replacement,3,1,Pressing for Accuracy,True
main-2026-09-24,1,162728,exclusion_rule_replacement,1,1,Keeping Everyone Together,True
main-2026-09-24,1,162728,exclusion_rule_replacement,2,1,Pressing for Accuracy,True
main-2026-09-24,1,162728,exclusion_rule_replacement,3,1,Pressing for Accuracy,True
main-2026-09-24,1,162728,names_only,1,1,Keeping Everyone Together,True
main-2026-09-24,1,162728,names_only,2,1,Keeping Everyone Together,True
main-2026-09-24,1,162728,names_only,3,1,Keeping Everyone Together,True
main-2026-09-24,1,162728,negative_control,1,1,Pressing for Accuracy,True
main-2026-09-24,1,162728,negative_control,2,1,Pressing for Accuracy,True
main-2026-09-24,1,162728,negative_control,3,1,Pressing for Accuracy,True
main-2026-09-24,1,163573,baseline,1,1,Revoicing,True
main-2026-09-24,1,163573,baseline,2,1,Revoicing,True
main-2026-09-24,1,163573,baseline,3,1,Revoicing,True
main-2026-09-24,1,163573,definition_replacement,1,1,Revoicing,True
main-2026-09-24,1,163573,definition_replacement,2,1,Revoicing,True
main-2026-09-24,1,163573,definition_replacement,3,1,Revoicing,True
main-2026-09-24,1,163573,example_replacement,1,1,Revoicing,True
main-2026-09-24,1,163573,example_replacement,2,1,Revoicing,True
main-2026-09-24,1,163573,example_replacement,3,1,Revoicing,True
main-2026-09-24,1,163573,exclusion_rule_replacement,1,1,Revoicing,True
main-2026-09-24,1,163573,exclusion_rule_replacement,2,1,Revoicing,True
main-2026-09-24,1,163573,exclusion_rule_replacement,3,1,Revoicing,True
main-2026-09-24,1,163573,names_only,1,1,Revoicing,True
main-2026-09-24,1,163573,names_only,2,1,Revoicing,True
main-2026-09-24,1,163573,names_only,3,1,Revoicing,True
main-2026-09-24,1,163573,negative_control,1,1,Revoicing,True
main-2026-09-24,1,163573,negative_control,2,1,Revoicing,True
main-2026-09-24,1,163573,negative_control,3,1,Revoicing,True
main-2026-09-24,1,164305,baseline,1,1,Pressing for Accuracy,True
main-2026-09-24,1,164305,baseline,2,1,Pressing for Accuracy,True
main-2026-09-24,1,164305,baseline,3,1,Pressing for Accuracy,True
main-2026-09-24,1,164305,definition_replacement,1,1,Pressing for Accuracy,True
main-2026-09-24,1,164305,definition_replacement,2,1,Pressing for Accuracy,True
main-2026-09-24,1,164305,definition_replacement,3,1,Pressing for Accuracy,True
main-2026-09-24,1,164305,example_replacement,1,1,Pressing for Accuracy,True
main-2026-09-24,1,164305,example_replacement,2,1,Pressing for Accuracy,True
main-2026-09-24,1,164305,example_replacement,3,1,Pressing for Accuracy,True
main-2026-09-24,1,164305,exclusion_rule_replacement,1,1,Pressing for Accuracy,True
main-2026-09-24,1,164305,exclusion_rule_replacement,2,1,Pressing for Accuracy,True
main-2026-09-24,1,164305,exclusion_rule_replacement,3,1,Pressing for Accuracy,True
main-2026-09-24,1,164305,names_only,1,1,Pressing for Accuracy,True
main-2026-09-24,1,164305,names_only,2,1,Pressing for Accuracy,True
main-2026-09-24,1,164305,names_only,3,1,Pressing for Accuracy,True
main-2026-09-24,1,164305,negative_control,1,1,Pressing for Accuracy,True
main-2026-09-24,1,164305,negative_control,2,1,Pressing for Accuracy,True
main-2026-09-24,1,164305,negative_control,3,1,Pressing for Accuracy,True
main-2026-09-24,1,165022,baseline,1,1,Not coded,True
main-2026-09-24,1,165022,baseline,2,1,Not coded,True
main-2026-09-24,1,165022,baseline,3,1,Not coded,True
main-2026-09-24,1,165022,definition_replacement,1,1,Not coded,True
main-2026-09-24,1,165022,definition_replacement,2,1,Not coded,True
main-2026-09-24,1,165022,definition_replacement,3,1,Not coded,True
main-2026-09-24,1,165022,example_replacement,1,1,Not coded,True
main-2026-09-24,1,165022,example_replacement,2,1,Not coded,True
main-2026-09-24,1,165022,example_replacement,3,1,Not coded,True
main-2026-09-24,1,165022,exclusion_rule_replacement,1,1,Not coded,True
main-2026-09-24,1,165022,exclusion_rule_replacement,2,1,Not coded,True
main-2026-09-24,1,165022,exclusion_rule_replacement,3,1,Not coded,True
main-2026-09-24,1,165022,names_only,1,1,Not coded,True
main-2026-09-24,1,165022,names_only,2,1,Not coded,True
main-2026-09-24,1,165022,names_only,3,1,Not coded,True
main-2026-09-24,1,165022,negative_control,1,1,Not coded,True
main-2026-09-24,1,165022,negative_control,2,1,Not coded,True
main-2026-09-24,1,165022,negative_control,3,1,Not coded,True
main-2026-09-24,1,166290,baseline,1,1,Not coded,True
main-2026-09-24,1,166290,baseline,2,1,Not coded,True
main-2026-09-24,1,166290,baseline,3,1,Not coded,True
main-2026-09-24,1,166290,definition_replacement,1,1,Not coded,True
main-2026-09-24,1,166290,definition_replacement,2,1,Not coded,True
main-2026-09-24,1,166290,definition_replacement,3,1,Not coded,True
main-2026-09-24,1,166290,example_replacement,1,1,Not coded,True
main-2026-09-24,1,166290,example_replacement,2,1,Not coded,True
main-2026-09-24,1,166290,example_replacement,3,1,Not coded,True
main-2026-09-24,1,166290,exclusion_rule_replacement,1,1,Not coded,True
main-2026-09-24,1,166290,exclusion_rule_replacement,2,1,Not coded,True
main-2026-09-24,1,166290,exclusion_rule_replacement,3,1,Not coded,True
main-2026-09-24,1,166290,names_only,1,1,Not coded,True
main-2026-09-24,1,166290,names_only,2,1,Not coded,True
main-2026-09-24,1,166290,names_only,3,1,Not coded,True
main-2026-09-24,1,166290,negative_control,1,1,Not coded,True
main-2026-09-24,1,166290,negative_control,2,1,Not coded,True
main-2026-09-24,1,166290,negative_control,3,1,Not coded,True
main-2026-09-24,1,167783,baseline,1,1,Not coded,True
main-2026-09-24,1,167783,baseline,2,1,Not coded,True
main-2026-09-24,1,167783,baseline,3,1,Not coded,True
main-2026-09-24,1,167783,definition_replacement,1,1,Not coded,True
main-2026-09-24,1,167783,definition_replacement,2,1,Not coded,True
main-2026-09-24,1,167783,definition_replacement,3,1,Not coded,True
main-2026-09-24,1,167783,example_replacement,1,1,Not coded,True
main-2026-09-24,1,167783,example_replacement,2,1,Not coded,True
main-2026-09-24,1,167783,example_replacement,3,1,Not coded,True
main-2026-09-24,1,167783,exclusion_rule_replacement,1,1,Not coded,True
main-2026-09-24,1,167783,exclusion_rule_replacement,2,1,Not coded,True
main-2026-09-24,1,167783,exclusion_rule_replacement,3,1,Not coded,True
main-2026-09-24,1,167783,names_only,1,1,Not coded,True
main-2026-09-24,1,167783,names_only,2,1,Not coded,True
main-2026-09-24,1,167783,names_only,3,1,Not coded,True
main-2026-09-24,1,167783,negative_control,1,1,Not coded,True
main-2026-09-24,1,167783,negative_control,2,1,Not coded,True
main-2026-09-24,1,167783,negative_control,3,1,Not coded,True
main-2026-09-24,1,167922,baseline,1,1,Keeping Everyone Together,True
main-2026-09-24,1,167922,baseline,2,1,Keeping Everyone Together,True
main-2026-09-24,1,167922,baseline,3,1,Keeping Everyone Together,True
main-2026-09-24,1,167922,definition_replacement,1,1,Keeping Everyone Together,True
main-2026-09-24,1,167922,definition_replacement,2,1,Keeping Everyone Together,True
main-2026-09-24,1,167922,definition_replacement,3,1,Keeping Everyone Together,True
main-2026-09-24,1,167922,example_replacement,1,1,Keeping Everyone Together,True
main-2026-09-24,1,167922,example_replacement,2,1,Keeping Everyone Together,True
main-2026-09-24,1,167922,example_replacement,3,1,Keeping Everyone Together,True
main-2026-09-24,1,167922,exclusion_rule_replacement,1,1,Keeping Everyone Together,True
main-2026-09-24,1,167922,exclusion_rule_replacement,2,1,Keeping Everyone Together,True
main-2026-09-24,1,167922,exclusion_rule_replacement,3,1,Keeping Everyone Together,True
main-2026-09-24,1,167922,names_only,1,1,Not coded,True
main-2026-09-24,1,167922,names_only,2,1,Not coded,True
main-2026-09-24,1,167922,names_only,3,1,Not coded,True
main-2026-09-24,1,167922,negative_control,1,1,Keeping Everyone Together,True
main-2026-09-24,1,167922,negative_control,2,1,Keeping Everyone Together,True
main-2026-09-24,1,167922,negative_control,3,1,Keeping Everyone Together,True
main-2026-09-24,1,168821,baseline,1,1,Not coded,True
main-2026-09-24,1,168821,baseline,2,1,Not coded,True
main-2026-09-24,1,168821,baseline,3,1,Not coded,True
main-2026-09-24,1,168821,definition_replacement,1,1,Not coded,True
main-2026-09-24,1,168821,definition_replacement,2,1,Not coded,True
main-2026-09-24,1,168821,definition_replacement,3,1,Not coded,True
main-2026-09-24,1,168821,example_replacement,1,1,Not coded,True
main-2026-09-24,1,168821,example_replacement,2,1,Not coded,True
main-2026-09-24,1,168821,example_replacement,3,1,Not coded,True
main-2026-09-24,1,168821,exclusion_rule_replacement,1,1,Not coded,True
main-2026-09-24,1,168821,exclusion_rule_replacement,2,1,Not coded,True
main-2026-09-24,1,168821,exclusion_rule_replacement,3,1,Not coded,True
main-2026-09-24,1,168821,names_only,1,1,Not coded,True
main-2026-09-24,1,168821,names_only,2,1,Not coded,True
main-2026-09-24,1,168821,names_only,3,1,Not coded,True
main-2026-09-24,1,168821,negative_control,1,1,Not coded,True
main-2026-09-24,1,168821,negative_control,2,1,Not coded,True
main-2026-09-24,1,168821,negative_control,3,1,Not coded,True
main-2026-09-24,1,169761,baseline,1,1,Not coded,True
main-2026-09-24,1,169761,baseline,2,1,Not coded,True
main-2026-09-24,1,169761,baseline,3,1,Not coded,True
main-2026-09-24,1,169761,definition_replacement,1,1,Not coded,True
main-2026-09-24,1,169761,definition_replacement,2,1,Not coded,True
main-2026-09-24,1,169761,definition_replacement,3,1,Not coded,True
main-2026-09-24,1,169761,example_replacement,1,1,Not coded,True
main-2026-09-24,1,169761,example_replacement,2,1,Not coded,True
main-2026-09-24,1,169761,example_replacement,3,1,Not coded,True
main-2026-09-24,1,169761,exclusion_rule_replacement,1,1,Not coded,True
main-2026-09-24,1,169761,exclusion_rule_replacement,2,1,Not coded,True
main-2026-09-24,1,169761,exclusion_rule_replacement,3,1,Not coded,True
main-2026-09-24,1,169761,names_only,1,1,Not coded,True
main-2026-09-24,1,169761,names_only,2,1,Not coded,True
main-2026-09-24,1,169761,names_only,3,1,Not coded,True
main-2026-09-24,1,169761,negative_control,1,1,Not coded,True
main-2026-09-24,1,169761,negative_control,2,1,Not coded,True
main-2026-09-24,1,169761,negative_control,3,1,Not coded,True
main-2026-09-24,1,171520,baseline,1,1,Not coded,True
main-2026-09-24,1,171520,baseline,2,1,Not coded,True
main-2026-09-24,1,171520,baseline,3,1,Not coded,True
main-2026-09-24,1,171520,definition_replacement,1,1,Not coded,True
main-2026-09-24,1,171520,definition_replacement,2,1,Not coded,True
main-2026-09-24,1,171520,definition_replacement,3,1,Not coded,True
main-2026-09-24,1,171520,example_replacement,1,1,Not coded,True
main-2026-09-24,1,171520,example_replacement,2,1,Not coded,True
main-2026-09-24,1,171520,example_replacement,3,1,Not coded,True
main-2026-09-24,1,171520,exclusion_rule_replacement,1,1,Not coded,True
main-2026-09-24,1,171520,exclusion_rule_replacement,2,1,Not coded,True
main-2026-09-24,1,171520,exclusion_rule_replacement,3,1,Not coded,True
main-2026-09-24,1,171520,names_only,1,1,Not coded,True
main-2026-09-24,1,171520,names_only,2,1,Not coded,True
main-2026-09-24,1,171520,names_only,3,1,Not coded,True
main-2026-09-24,1,171520,negative_control,1,1,Not coded,True
main-2026-09-24,1,171520,negative_control,2,1,Not coded,True
main-2026-09-24,1,171520,negative_control,3,1,Not coded,True
main-2026-09-24,1,171792,baseline,1,1,Pressing for Accuracy,True
main-2026-09-24,1,171792,baseline,2,1,Pressing for Accuracy,True
main-2026-09-24,1,171792,baseline,3,1,Keeping Everyone Together,True
main-2026-09-24,1,171792,definition_replacement,1,1,Pressing for Accuracy,True
main-2026-09-24,1,171792,definition_replacement,2,1,Pressing for Accuracy,True
main-2026-09-24,1,171792,definition_replacement,3,1,Pressing for Accuracy,True
main-2026-09-24,1,171792,example_replacement,1,1,Keeping Everyone Together,True
main-2026-09-24,1,171792,example_replacement,2,1,Keeping Everyone Together,True
main-2026-09-24,1,171792,example_replacement,3,1,Keeping Everyone Together,True
main-2026-09-24,1,171792,exclusion_rule_replacement,1,1,Pressing for Accuracy,True
main-2026-09-24,1,171792,exclusion_rule_replacement,2,1,Pressing for Accuracy,True
main-2026-09-24,1,171792,exclusion_rule_replacement,3,1,Pressing for Accuracy,True
main-2026-09-24,1,171792,names_only,1,1,Pressing for Accuracy,True
main-2026-09-24,1,171792,names_only,2,1,Pressing for Accuracy,True
main-2026-09-24,1,171792,names_only,3,1,Pressing for Accuracy,True
main-2026-09-24,1,171792,negative_control,1,1,Keeping Everyone Together,True
main-2026-09-24,1,171792,negative_control,2,1,Keeping Everyone Together,True
main-2026-09-24,1,171792,negative_control,3,1,Keeping Everyone Together,True
main-2026-09-24,1,171992,baseline,1,1,Pressing for Accuracy,True
main-2026-09-24,1,171992,baseline,2,1,Pressing for Accuracy,True
main-2026-09-24,1,171992,baseline,3,1,Pressing for Accuracy,True
main-2026-09-24,1,171992,definition_replacement,1,1,Pressing for Accuracy,True
main-2026-09-24,1,171992,definition_replacement,2,1,Pressing for Accuracy,True
main-2026-09-24,1,171992,definition_replacement,3,1,Pressing for Accuracy,True
main-2026-09-24,1,171992,example_replacement,1,1,Pressing for Accuracy,True
main-2026-09-24,1,171992,example_replacement,2,1,Pressing for Accuracy,True
main-2026-09-24,1,171992,example_replacement,3,1,Pressing for Accuracy,True
main-2026-09-24,1,171992,exclusion_rule_replacement,1,1,Pressing for Accuracy,True
main-2026-09-24,1,171992,exclusion_rule_replacement,2,1,Pressing for Accuracy,True
main-2026-09-24,1,171992,exclusion_rule_replacement,3,1,Pressing for Accuracy,True
main-2026-09-24,1,171992,names_only,1,1,Keeping Everyone Together,True
main-2026-09-24,1,171992,names_only,2,1,Keeping Everyone Together,True
main-2026-09-24,1,171992,names_only,3,1,Keeping Everyone Together,True
main-2026-09-24,1,171992,negative_control,1,1,Pressing for Accuracy,True
main-2026-09-24,1,171992,negative_control,2,1,Pressing for Accuracy,True
main-2026-09-24,1,171992,negative_control,3,1,Pressing for Accuracy,True
main-2026-09-24,1,172963,baseline,1,1,Not coded,True
main-2026-09-24,1,172963,baseline,2,1,Not coded,True
main-2026-09-24,1,172963,baseline,3,1,Not coded,True
main-2026-09-24,1,172963,definition_replacement,1,1,Not coded,True
main-2026-09-24,1,172963,definition_replacement,2,1,Not coded,True
main-2026-09-24,1,172963,definition_replacement,3,1,Not coded,True
main-2026-09-24,1,172963,example_replacement,1,1,Not coded,True
main-2026-09-24,1,172963,example_replacement,2,1,Not coded,True
main-2026-09-24,1,172963,example_replacement,3,1,Not coded,True
main-2026-09-24,1,172963,exclusion_rule_replacement,1,1,Not coded,True
main-2026-09-24,1,172963,exclusion_rule_replacement,2,1,Not coded,True
main-2026-09-24,1,172963,exclusion_rule_replacement,3,1,Not coded,True
main-2026-09-24,1,172963,names_only,1,1,Not coded,True
main-2026-09-24,1,172963,names_only,2,1,Not coded,True
main-2026-09-24,1,172963,names_only,3,1,Not coded,True
main-2026-09-24,1,172963,negative_control,1,1,Not coded,True
main-2026-09-24,1,172963,negative_control,2,1,Not coded,True
main-2026-09-24,1,172963,negative_control,3,1,Not coded,True
main-2026-09-24,1,176569,baseline,1,1,Keeping Everyone Together,True
main-2026-09-24,1,176569,baseline,2,1,Keeping Everyone Together,True
main-2026-09-24,1,176569,baseline,3,1,Keeping Everyone Together,True
main-2026-09-24,1,176569,definition_replacement,1,1,Keeping Everyone Together,True
main-2026-09-24,1,176569,definition_replacement,2,1,Keeping Everyone Together,True
main-2026-09-24,1,176569,definition_replacement,3,1,Keeping Everyone Together,True
main-2026-09-24,1,176569,example_replacement,1,1,Keeping Everyone Together,True
main-2026-09-24,1,176569,example_replacement,2,1,Keeping Everyone Together,True
main-2026-09-24,1,176569,example_replacement,3,1,Keeping Everyone Together,True
main-2026-09-24,1,176569,exclusion_rule_replacement,1,1,Keeping Everyone Together,True
main-2026-09-24,1,176569,exclusion_rule_replacement,2,1,Keeping Everyone Together,True
main-2026-09-24,1,176569,exclusion_rule_replacement,3,1,Keeping Everyone Together,True
main-2026-09-24,1,176569,names_only,1,1,Keeping Everyone Together,True
main-2026-09-24,1,176569,names_only,2,1,Keeping Everyone Together,True
main-2026-09-24,1,176569,names_only,3,1,Keeping Everyone Together,True
main-2026-09-24,1,176569,negative_control,1,1,Keeping Everyone Together,True
main-2026-09-24,1,176569,negative_control,2,1,Keeping Everyone Together,True
main-2026-09-24,1,176569,negative_control,3,1,Keeping Everyone Together,True
main-2026-09-24,1,177396,baseline,1,1,Keeping Everyone Together,True
main-2026-09-24,1,177396,baseline,2,1,Keeping Everyone Together,True
main-2026-09-24,1,177396,baseline,3,1,Keeping Everyone Together,True
main-2026-09-24,1,177396,definition_replacement,1,1,Keeping Everyone Together,True
main-2026-09-24,1,177396,definition_replacement,2,1,Keeping Everyone Together,True
main-2026-09-24,1,177396,definition_replacement,3,1,Keeping Everyone Together,True
main-2026-09-24,1,177396,example_replacement,1,1,Keeping Everyone Together,True
main-2026-09-24,1,177396,example_replacement,2,1,Keeping Everyone Together,True
main-2026-09-24,1,177396,example_replacement,3,1,Keeping Everyone Together,True
main-2026-09-24,1,177396,exclusion_rule_replacement,1,1,Keeping Everyone Together,True
main-2026-09-24,1,177396,exclusion_rule_replacement,2,1,Keeping Everyone Together,True
main-2026-09-24,1,177396,exclusion_rule_replacement,3,1,Keeping Everyone Together,True
main-2026-09-24,1,177396,names_only,1,1,Not coded,True
main-2026-09-24,1,177396,names_only,2,1,Keeping Everyone Together,True
main-2026-09-24,1,177396,names_only,3,1,Keeping Everyone Together,True
main-2026-09-24,1,177396,negative_control,1,1,Keeping Everyone Together,True
main-2026-09-24,1,177396,negative_control,2,1,Keeping Everyone Together,True
main-2026-09-24,1,177396,negative_control,3,1,Keeping Everyone Together,True
main-2026-09-24,1,178063,baseline,1,1,Pressing for Accuracy,True
main-2026-09-24,1,178063,baseline,2,1,Pressing for Accuracy,True
main-2026-09-24,1,178063,baseline,3,1,Pressing for Accuracy,True
main-2026-09-24,1,178063,definition_replacement,1,1,Pressing for Accuracy,True
main-2026-09-24,1,178063,definition_replacement,2,1,Pressing for Accuracy,True
main-2026-09-24,1,178063,definition_replacement,3,1,Pressing for Accuracy,True
main-2026-09-24,1,178063,example_replacement,1,1,Pressing for Accuracy,True
main-2026-09-24,1,178063,example_replacement,2,1,Pressing for Accuracy,True
main-2026-09-24,1,178063,example_replacement,3,1,Pressing for Accuracy,True
main-2026-09-24,1,178063,exclusion_rule_replacement,1,1,Pressing for Accuracy,True
main-2026-09-24,1,178063,exclusion_rule_replacement,2,1,Pressing for Accuracy,True
main-2026-09-24,1,178063,exclusion_rule_replacement,3,1,Pressing for Accuracy,True
main-2026-09-24,1,178063,names_only,1,1,Pressing for Accuracy,True
main-2026-09-24,1,178063,names_only,2,1,Pressing for Accuracy,True
main-2026-09-24,1,178063,names_only,3,1,Pressing for Accuracy,True
main-2026-09-24,1,178063,negative_control,1,1,Pressing for Accuracy,True
main-2026-09-24,1,178063,negative_control,2,1,Pressing for Accuracy,True
main-2026-09-24,1,178063,negative_control,3,1,Pressing for Accuracy,True
main-2026-09-24,1,179524,baseline,1,1,Pressing for Accuracy,True
main-2026-09-24,1,179524,baseline,2,1,Pressing for Accuracy,True
main-2026-09-24,1,179524,baseline,3,1,Pressing for Accuracy,True
main-2026-09-24,1,179524,definition_replacement,1,1,Pressing for Accuracy,True
main-2026-09-24,1,179524,definition_replacement,2,1,Pressing for Accuracy,True
main-2026-09-24,1,179524,definition_replacement,3,1,Pressing for Accuracy,True
main-2026-09-24,1,179524,example_replacement,1,1,Pressing for Accuracy,True
main-2026-09-24,1,179524,example_replacement,2,1,Pressing for Accuracy,True
main-2026-09-24,1,179524,example_replacement,3,1,Pressing for Accuracy,True
main-2026-09-24,1,179524,exclusion_rule_replacement,1,1,Pressing for Accuracy,True
main-2026-09-24,1,179524,exclusion_rule_replacement,2,1,Pressing for Accuracy,True
main-2026-09-24,1,179524,exclusion_rule_replacement,3,1,Pressing for Accuracy,True
main-2026-09-24,1,179524,names_only,1,1,Pressing for Accuracy,True
main-2026-09-24,1,179524,names_only,2,1,Pressing for Accuracy,True
main-2026-09-24,1,179524,names_only,3,1,Pressing for Accuracy,True
main-2026-09-24,1,179524,negative_control,1,1,Pressing for Accuracy,True
main-2026-09-24,1,179524,negative_control,2,1,Pressing for Accuracy,True
main-2026-09-24,1,179524,negative_control,3,1,Pressing for Accuracy,True
main-2026-09-24,1,180417,baseline,1,1,Not coded,True
main-2026-09-24,1,180417,baseline,2,1,Not coded,True
main-2026-09-24,1,180417,baseline,3,1,Not coded,True
main-2026-09-24,1,180417,definition_replacement,1,1,Not coded,True
main-2026-09-24,1,180417,definition_replacement,2,1,Not coded,True
main-2026-09-24,1,180417,definition_replacement,3,1,Not coded,True
main-2026-09-24,1,180417,example_replacement,1,1,Not coded,True
main-2026-09-24,1,180417,example_replacement,2,1,Not coded,True
main-2026-09-24,1,180417,example_replacement,3,1,Not coded,True
main-2026-09-24,1,180417,exclusion_rule_replacement,1,1,Not coded,True
main-2026-09-24,1,180417,exclusion_rule_replacement,2,1,Not coded,True
main-2026-09-24,1,180417,exclusion_rule_replacement,3,1,Not coded,True
main-2026-09-24,1,180417,names_only,1,1,Not coded,True
main-2026-09-24,1,180417,names_only,2,1,Not coded,True
main-2026-09-24,1,180417,names_only,3,1,Not coded,True
main-2026-09-24,1,180417,negative_control,1,1,Not coded,True
main-2026-09-24,1,180417,negative_control,2,1,Not coded,True
main-2026-09-24,1,180417,negative_control,3,1,Not coded,True
main-2026-09-24,1,181808,baseline,1,1,Not coded,True
main-2026-09-24,1,181808,baseline,2,1,Not coded,True
main-2026-09-24,1,181808,baseline,3,1,Not coded,True
main-2026-09-24,1,181808,definition_replacement,1,1,Not coded,True
main-2026-09-24,1,181808,definition_replacement,2,1,Not coded,True
main-2026-09-24,1,181808,definition_replacement,3,1,Not coded,True
main-2026-09-24,1,181808,example_replacement,1,1,Not coded,True
main-2026-09-24,1,181808,example_replacement,2,1,Not coded,True
main-2026-09-24,1,181808,example_replacement,3,1,Not coded,True
main-2026-09-24,1,181808,exclusion_rule_replacement,1,1,Not coded,True
main-2026-09-24,1,181808,exclusion_rule_replacement,2,1,Not coded,True
main-2026-09-24,1,181808,exclusion_rule_replacement,3,1,Not coded,True
main-2026-09-24,1,181808,names_only,1,1,Not coded,True
main-2026-09-24,1,181808,names_only,2,1,Not coded,True
main-2026-09-24,1,181808,names_only,3,1,Not coded,True
main-2026-09-24,1,181808,negative_control,1,1,Not coded,True
main-2026-09-24,1,181808,negative_control,2,1,Not coded,True
main-2026-09-24,1,181808,negative_control,3,1,Not coded,True
main-2026-09-24,1,182635,baseline,1,1,Not coded,True
main-2026-09-24,1,182635,baseline,2,1,Not coded,True
main-2026-09-24,1,182635,baseline,3,1,Not coded,True
main-2026-09-24,1,182635,definition_replacement,1,1,Not coded,True
main-2026-09-24,1,182635,definition_replacement,2,1,Not coded,True
main-2026-09-24,1,182635,definition_replacement,3,1,Not coded,True
main-2026-09-24,1,182635,example_replacement,1,1,Not coded,True
main-2026-09-24,1,182635,example_replacement,2,1,Not coded,True
main-2026-09-24,1,182635,example_replacement,3,1,Not coded,True
main-2026-09-24,1,182635,exclusion_rule_replacement,1,1,Not coded,True
main-2026-09-24,1,182635,exclusion_rule_replacement,2,1,Not coded,True
main-2026-09-24,1,182635,exclusion_rule_replacement,3,1,Not coded,True
main-2026-09-24,1,182635,names_only,1,1,Not coded,True
main-2026-09-24,1,182635,names_only,2,1,Not coded,True
main-2026-09-24,1,182635,names_only,3,1,Not coded,True
main-2026-09-24,1,182635,negative_control,1,1,Not coded,True
main-2026-09-24,1,182635,negative_control,2,1,Not coded,True
main-2026-09-24,1,182635,negative_control,3,1,Not coded,True
main-2026-09-24,1,182930,baseline,1,1,Not coded,True
main-2026-09-24,1,182930,baseline,2,1,Not coded,True
main-2026-09-24,1,182930,baseline,3,1,Not coded,True
main-2026-09-24,1,182930,definition_replacement,1,1,Not coded,True
main-2026-09-24,1,182930,definition_replacement,2,1,Not coded,True
main-2026-09-24,1,182930,definition_replacement,3,1,Not coded,True
main-2026-09-24,1,182930,example_replacement,1,1,Not coded,True
main-2026-09-24,1,182930,example_replacement,2,1,Not coded,True
main-2026-09-24,1,182930,example_replacement,3,1,Not coded,True
main-2026-09-24,1,182930,exclusion_rule_replacement,1,1,Not coded,True
main-2026-09-24,1,182930,exclusion_rule_replacement,2,1,Not coded,True
main-2026-09-24,1,182930,exclusion_rule_replacement,3,1,Not coded,True
main-2026-09-24,1,182930,names_only,1,1,Not coded,True
main-2026-09-24,1,182930,names_only,2,1,Not coded,True
main-2026-09-24,1,182930,names_only,3,1,Not coded,True
main-2026-09-24,1,182930,negative_control,1,1,Not coded,True
main-2026-09-24,1,182930,negative_control,2,1,Not coded,True
main-2026-09-24,1,182930,negative_control,3,1,Not coded,True
main-2026-09-24,1,183175,baseline,1,1,Not coded,True
main-2026-09-24,1,183175,baseline,2,1,Not coded,True
main-2026-09-24,1,183175,baseline,3,1,Not coded,True
main-2026-09-24,1,183175,definition_replacement,1,1,Not coded,True
main-2026-09-24,1,183175,definition_replacement,2,1,Not coded,True
main-2026-09-24,1,183175,definition_replacement,3,1,Not coded,True
main-2026-09-24,1,183175,example_replacement,1,1,Not coded,True
main-2026-09-24,1,183175,example_replacement,2,1,Not coded,True
main-2026-09-24,1,183175,example_replacement,3,1,Not coded,True
main-2026-09-24,1,183175,exclusion_rule_replacement,1,1,Not coded,True
main-2026-09-24,1,183175,exclusion_rule_replacement,2,1,Not coded,True
main-2026-09-24,1,183175,exclusion_rule_replacement,3,1,Not coded,True
main-2026-09-24,1,183175,names_only,1,1,Not coded,True
main-2026-09-24,1,183175,names_only,2,1,Not coded,True
main-2026-09-24,1,183175,names_only,3,1,Not coded,True
main-2026-09-24,1,183175,negative_control,1,1,Not coded,True
main-2026-09-24,1,183175,negative_control,2,1,Not coded,True
main-2026-09-24,1,183175,negative_control,3,1,Not coded,True
main-2026-09-24,1,183236,baseline,1,1,Pressing for Accuracy,True
main-2026-09-24,1,183236,baseline,2,1,Pressing for Accuracy,True
main-2026-09-24,1,183236,baseline,3,1,Pressing for Accuracy,True
main-2026-09-24,1,183236,definition_replacement,1,1,Pressing for Accuracy,True
main-2026-09-24,1,183236,definition_replacement,2,1,Pressing for Accuracy,True
main-2026-09-24,1,183236,definition_replacement,3,1,Pressing for Accuracy,True
main-2026-09-24,1,183236,example_replacement,1,1,Pressing for Accuracy,True
main-2026-09-24,1,183236,example_replacement,2,1,Pressing for Accuracy,True
main-2026-09-24,1,183236,example_replacement,3,1,Pressing for Accuracy,True
main-2026-09-24,1,183236,exclusion_rule_replacement,1,1,Pressing for Accuracy,True
main-2026-09-24,1,183236,exclusion_rule_replacement,2,1,Pressing for Accuracy,True
main-2026-09-24,1,183236,exclusion_rule_replacement,3,1,Pressing for Accuracy,True
main-2026-09-24,1,183236,names_only,1,1,Not coded,True
main-2026-09-24,1,183236,names_only,2,1,Not coded,True
main-2026-09-24,1,183236,names_only,3,1,Not coded,True
main-2026-09-24,1,183236,negative_control,1,1,Pressing for Accuracy,True
main-2026-09-24,1,183236,negative_control,2,1,Pressing for Accuracy,True
main-2026-09-24,1,183236,negative_control,3,1,Pressing for Accuracy,True
main-2026-09-24,1,184129,baseline,1,1,Not coded,True
main-2026-09-24,1,184129,baseline,2,1,Not coded,True
main-2026-09-24,1,184129,baseline,3,1,Not coded,True
main-2026-09-24,1,184129,definition_replacement,1,1,Not coded,True
main-2026-09-24,1,184129,definition_replacement,2,1,Not coded,True
main-2026-09-24,1,184129,definition_replacement,3,1,Not coded,True
main-2026-09-24,1,184129,example_replacement,1,1,Not coded,True
main-2026-09-24,1,184129,example_replacement,2,1,Not coded,True
main-2026-09-24,1,184129,example_replacement,3,1,Not coded,True
main-2026-09-24,1,184129,exclusion_rule_replacement,1,1,Keeping Everyone Together,True
main-2026-09-24,1,184129,exclusion_rule_replacement,2,1,Keeping Everyone Together,True
main-2026-09-24,1,184129,exclusion_rule_replacement,3,1,Keeping Everyone Together,True
main-2026-09-24,1,184129,names_only,1,1,Not coded,True
main-2026-09-24,1,184129,names_only,2,1,Not coded,True
main-2026-09-24,1,184129,names_only,3,1,Not coded,True
main-2026-09-24,1,184129,negative_control,1,1,Not coded,True
main-2026-09-24,1,184129,negative_control,2,1,Not coded,True
main-2026-09-24,1,184129,negative_control,3,1,Not coded,True
main-2026-09-24,1,184718,baseline,1,1,Not coded,True
main-2026-09-24,1,184718,baseline,2,1,Keeping Everyone Together,True
main-2026-09-24,1,184718,baseline,3,1,Keeping Everyone Together,True
main-2026-09-24,1,184718,definition_replacement,1,1,Keeping Everyone Together,True
main-2026-09-24,1,184718,definition_replacement,2,1,Keeping Everyone Together,True
main-2026-09-24,1,184718,definition_replacement,3,1,Keeping Everyone Together,True
main-2026-09-24,1,184718,example_replacement,1,1,Keeping Everyone Together,True
main-2026-09-24,1,184718,example_replacement,2,1,Keeping Everyone Together,True
main-2026-09-24,1,184718,example_replacement,3,1,Keeping Everyone Together,True
main-2026-09-24,1,184718,exclusion_rule_replacement,1,1,Keeping Everyone Together,True
main-2026-09-24,1,184718,exclusion_rule_replacement,2,1,Keeping Everyone Together,True
main-2026-09-24,1,184718,exclusion_rule_replacement,3,1,Keeping Everyone Together,True
main-2026-09-24,1,184718,names_only,1,1,Keeping Everyone Together,True
main-2026-09-24,1,184718,names_only,2,1,Keeping Everyone Together,True
main-2026-09-24,1,184718,names_only,3,1,Keeping Everyone Together,True
main-2026-09-24,1,184718,negative_control,1,1,Keeping Everyone Together,True
main-2026-09-24,1,184718,negative_control,2,1,Keeping Everyone Together,True
main-2026-09-24,1,184718,negative_control,3,1,Keeping Everyone Together,True
main-2026-09-24,1,185221,baseline,1,1,Not coded,True
main-2026-09-24,1,185221,baseline,2,1,Not coded,True
main-2026-09-24,1,185221,baseline,3,1,Not coded,True
main-2026-09-24,1,185221,definition_replacement,1,1,Not coded,True
main-2026-09-24,1,185221,definition_replacement,2,1,Not coded,True
main-2026-09-24,1,185221,definition_replacement,3,1,Not coded,True
main-2026-09-24,1,185221,example_replacement,1,1,Not coded,True
main-2026-09-24,1,185221,example_replacement,2,1,Not coded,True
main-2026-09-24,1,185221,example_replacement,3,1,Not coded,True
main-2026-09-24,1,185221,exclusion_rule_replacement,1,1,Not coded,True
main-2026-09-24,1,185221,exclusion_rule_replacement,2,1,Not coded,True
main-2026-09-24,1,185221,exclusion_rule_replacement,3,1,Not coded,True
main-2026-09-24,1,185221,names_only,1,1,Not coded,True
main-2026-09-24,1,185221,names_only,2,1,Not coded,True
main-2026-09-24,1,185221,names_only,3,1,Not coded,True
main-2026-09-24,1,185221,negative_control,1,1,Not coded,True
main-2026-09-24,1,185221,negative_control,2,1,Not coded,True
main-2026-09-24,1,185221,negative_control,3,1,Not coded,True
main-2026-09-24,1,186087,baseline,1,1,Keeping Everyone Together,True
main-2026-09-24,1,186087,baseline,2,1,Keeping Everyone Together,True
main-2026-09-24,1,186087,baseline,3,1,Keeping Everyone Together,True
main-2026-09-24,1,186087,definition_replacement,1,1,Keeping Everyone Together,True
main-2026-09-24,1,186087,definition_replacement,2,1,Keeping Everyone Together,True
main-2026-09-24,1,186087,definition_replacement,3,1,Keeping Everyone Together,True
main-2026-09-24,1,186087,example_replacement,1,1,Keeping Everyone Together,True
main-2026-09-24,1,186087,example_replacement,2,1,Keeping Everyone Together,True
main-2026-09-24,1,186087,example_replacement,3,1,Keeping Everyone Together,True
main-2026-09-24,1,186087,exclusion_rule_replacement,1,1,Keeping Everyone Together,True
main-2026-09-24,1,186087,exclusion_rule_replacement,2,1,Keeping Everyone Together,True
main-2026-09-24,1,186087,exclusion_rule_replacement,3,1,Keeping Everyone Together,True
main-2026-09-24,1,186087,names_only,1,1,Keeping Everyone Together,True
main-2026-09-24,1,186087,names_only,2,1,Keeping Everyone Together,True
main-2026-09-24,1,186087,names_only,3,1,Keeping Everyone Together,True
main-2026-09-24,1,186087,negative_control,1,1,Keeping Everyone Together,True
main-2026-09-24,1,186087,negative_control,2,1,Keeping Everyone Together,True
main-2026-09-24,1,186087,negative_control,3,1,Keeping Everyone Together,True
main-2026-09-24,1,186595,baseline,1,1,Keeping Everyone Together,True
main-2026-09-24,1,186595,baseline,2,1,Keeping Everyone Together,True
main-2026-09-24,1,186595,baseline,3,1,Keeping Everyone Together,True
main-2026-09-24,1,186595,definition_replacement,1,1,Keeping Everyone Together,True
main-2026-09-24,1,186595,definition_replacement,2,1,Keeping Everyone Together,True
main-2026-09-24,1,186595,definition_replacement,3,1,Keeping Everyone Together,True
main-2026-09-24,1,186595,example_replacement,1,1,Keeping Everyone Together,True
main-2026-09-24,1,186595,example_replacement,2,1,Keeping Everyone Together,True
main-2026-09-24,1,186595,example_replacement,3,1,Keeping Everyone Together,True
main-2026-09-24,1,186595,exclusion_rule_replacement,1,1,Keeping Everyone Together,True
main-2026-09-24,1,186595,exclusion_rule_replacement,2,1,Keeping Everyone Together,True
main-2026-09-24,1,186595,exclusion_rule_replacement,3,1,Keeping Everyone Together,True
main-2026-09-24,1,186595,names_only,1,1,Not coded,True
main-2026-09-24,1,186595,names_only,2,1,Not coded,True
main-2026-09-24,1,186595,names_only,3,1,Getting Students to Relate,True
main-2026-09-24,1,186595,negative_control,1,1,Keeping Everyone Together,True
main-2026-09-24,1,186595,negative_control,2,1,Keeping Everyone Together,True
main-2026-09-24,1,186595,negative_control,3,1,Keeping Everyone Together,True
main-2026-09-24,1,186656,baseline,1,1,Not coded,True
main-2026-09-24,1,186656,baseline,2,1,Not coded,True
main-2026-09-24,1,186656,baseline,3,1,Not coded,True
main-2026-09-24,1,186656,definition_replacement,1,1,Not coded,True
main-2026-09-24,1,186656,definition_replacement,2,1,Not coded,True
main-2026-09-24,1,186656,definition_replacement,3,1,Not coded,True
main-2026-09-24,1,186656,example_replacement,1,1,Not coded,True
main-2026-09-24,1,186656,example_replacement,2,1,Not coded,True
main-2026-09-24,1,186656,example_replacement,3,1,Not coded,True
main-2026-09-24,1,186656,exclusion_rule_replacement,1,1,Not coded,True
main-2026-09-24,1,186656,exclusion_rule_replacement,2,1,Not coded,True
main-2026-09-24,1,186656,exclusion_rule_replacement,3,1,Not coded,True
main-2026-09-24,1,186656,names_only,1,1,Not coded,True
main-2026-09-24,1,186656,names_only,2,1,Not coded,True
main-2026-09-24,1,186656,names_only,3,1,Not coded,True
main-2026-09-24,1,186656,negative_control,1,1,Not coded,True
main-2026-09-24,1,186656,negative_control,2,1,Not coded,True
main-2026-09-24,1,186656,negative_control,3,1,Not coded,True
main-2026-09-24,1,187611,baseline,1,1,Not coded,True
main-2026-09-24,1,187611,baseline,2,1,Not coded,True
main-2026-09-24,1,187611,baseline,3,1,Not coded,True
main-2026-09-24,1,187611,definition_replacement,1,1,Not coded,True
main-2026-09-24,1,187611,definition_replacement,2,1,Not coded,True
main-2026-09-24,1,187611,definition_replacement,3,1,Not coded,True
main-2026-09-24,1,187611,example_replacement,1,1,Not coded,True
main-2026-09-24,1,187611,example_replacement,2,1,Not coded,True
main-2026-09-24,1,187611,example_replacement,3,1,Not coded,True
main-2026-09-24,1,187611,exclusion_rule_replacement,1,1,Pressing for Accuracy,True
main-2026-09-24,1,187611,exclusion_rule_replacement,2,1,Pressing for Accuracy,True
main-2026-09-24,1,187611,exclusion_rule_replacement,3,1,Not coded,True
main-2026-09-24,1,187611,names_only,1,1,Restating,True
main-2026-09-24,1,187611,names_only,2,1,Restating,True
main-2026-09-24,1,187611,names_only,3,1,Restating,True
main-2026-09-24,1,187611,negative_control,1,1,Not coded,True
main-2026-09-24,1,187611,negative_control,2,1,Not coded,True
main-2026-09-24,1,187611,negative_control,3,1,Not coded,True
main-2026-09-24,1,187917,baseline,1,1,Pressing for Accuracy,True
main-2026-09-24,1,187917,baseline,2,1,Pressing for Accuracy,True
main-2026-09-24,1,187917,baseline,3,1,Pressing for Accuracy,True
main-2026-09-24,1,187917,definition_replacement,1,1,Pressing for Accuracy,True
main-2026-09-24,1,187917,definition_replacement,2,1,Pressing for Accuracy,True
main-2026-09-24,1,187917,definition_replacement,3,1,Pressing for Accuracy,True
main-2026-09-24,1,187917,example_replacement,1,1,Not coded,True
main-2026-09-24,1,187917,example_replacement,2,1,Not coded,True
main-2026-09-24,1,187917,example_replacement,3,1,Not coded,True
main-2026-09-24,1,187917,exclusion_rule_replacement,1,1,Pressing for Accuracy,True
main-2026-09-24,1,187917,exclusion_rule_replacement,2,1,Pressing for Accuracy,True
main-2026-09-24,1,187917,exclusion_rule_replacement,3,1,Pressing for Accuracy,True
main-2026-09-24,1,187917,names_only,1,1,Not coded,True
main-2026-09-24,1,187917,names_only,2,1,Not coded,True
main-2026-09-24,1,187917,names_only,3,1,Not coded,True
main-2026-09-24,1,187917,negative_control,1,1,Pressing for Accuracy,True
main-2026-09-24,1,187917,negative_control,2,1,Pressing for Accuracy,True
main-2026-09-24,1,187917,negative_control,3,1,Pressing for Accuracy,True
main-2026-09-24,1,189451,baseline,1,1,Not coded,True
main-2026-09-24,1,189451,baseline,2,1,Not coded,True
main-2026-09-24,1,189451,baseline,3,1,Not coded,True
main-2026-09-24,1,189451,definition_replacement,1,1,Not coded,True
main-2026-09-24,1,189451,definition_replacement,2,1,Not coded,True
main-2026-09-24,1,189451,definition_replacement,3,1,Not coded,True
main-2026-09-24,1,189451,example_replacement,1,1,Not coded,True
main-2026-09-24,1,189451,example_replacement,2,1,Not coded,True
main-2026-09-24,1,189451,example_replacement,3,1,Not coded,True
main-2026-09-24,1,189451,exclusion_rule_replacement,1,1,Keeping Everyone Together,True
main-2026-09-24,1,189451,exclusion_rule_replacement,2,1,Keeping Everyone Together,True
main-2026-09-24,1,189451,exclusion_rule_replacement,3,1,Keeping Everyone Together,True
main-2026-09-24,1,189451,names_only,1,1,Not coded,True
main-2026-09-24,1,189451,names_only,2,1,Not coded,True
main-2026-09-24,1,189451,names_only,3,1,Not coded,True
main-2026-09-24,1,189451,negative_control,1,1,Not coded,True
main-2026-09-24,1,189451,negative_control,2,1,Not coded,True
main-2026-09-24,1,189451,negative_control,3,1,Not coded,True
main-2026-09-24,1,190247,baseline,1,1,Pressing for Accuracy,True
main-2026-09-24,1,190247,baseline,2,1,Pressing for Accuracy,True
main-2026-09-24,1,190247,baseline,3,1,Pressing for Accuracy,True
main-2026-09-24,1,190247,definition_replacement,1,1,Pressing for Accuracy,True
main-2026-09-24,1,190247,definition_replacement,2,1,Pressing for Accuracy,True
main-2026-09-24,1,190247,definition_replacement,3,1,Pressing for Accuracy,True
main-2026-09-24,1,190247,example_replacement,1,1,Pressing for Accuracy,True
main-2026-09-24,1,190247,example_replacement,2,1,Pressing for Accuracy,True
main-2026-09-24,1,190247,example_replacement,3,1,Pressing for Accuracy,True
main-2026-09-24,1,190247,exclusion_rule_replacement,1,1,Pressing for Accuracy,True
main-2026-09-24,1,190247,exclusion_rule_replacement,2,1,Pressing for Accuracy,True
main-2026-09-24,1,190247,exclusion_rule_replacement,3,1,Pressing for Accuracy,True
main-2026-09-24,1,190247,names_only,1,1,Not coded,True
main-2026-09-24,1,190247,names_only,2,1,Pressing for Accuracy,True
main-2026-09-24,1,190247,names_only,3,1,Not coded,True
main-2026-09-24,1,190247,negative_control,1,1,Pressing for Accuracy,True
main-2026-09-24,1,190247,negative_control,2,1,Pressing for Accuracy,True
main-2026-09-24,1,190247,negative_control,3,1,Pressing for Accuracy,True
main-2026-09-24,1,190413,baseline,1,1,Not coded,True
main-2026-09-24,1,190413,baseline,2,1,Not coded,True
main-2026-09-24,1,190413,baseline,3,1,Revoicing,True
main-2026-09-24,1,190413,definition_replacement,1,1,Revoicing,True
main-2026-09-24,1,190413,definition_replacement,2,1,Revoicing,True
main-2026-09-24,1,190413,definition_replacement,3,1,Revoicing,True
main-2026-09-24,1,190413,example_replacement,1,1,Not coded,True
main-2026-09-24,1,190413,example_replacement,2,1,Not coded,True
main-2026-09-24,1,190413,example_replacement,3,1,Not coded,True
main-2026-09-24,1,190413,exclusion_rule_replacement,1,1,Revoicing,True
main-2026-09-24,1,190413,exclusion_rule_replacement,2,1,Revoicing,True
main-2026-09-24,1,190413,exclusion_rule_replacement,3,1,Revoicing,True
main-2026-09-24,1,190413,names_only,1,1,Pressing for Accuracy,True
main-2026-09-24,1,190413,names_only,2,1,Pressing for Accuracy,True
main-2026-09-24,1,190413,names_only,3,1,Pressing for Accuracy,True
main-2026-09-24,1,190413,negative_control,1,1,Revoicing,True
main-2026-09-24,1,190413,negative_control,2,1,Revoicing,True
main-2026-09-24,1,190413,negative_control,3,1,Revoicing,True
main-2026-09-24,1,191358,baseline,1,1,Not coded,True
main-2026-09-24,1,191358,baseline,2,1,Not coded,True
main-2026-09-24,1,191358,baseline,3,1,Not coded,True
main-2026-09-24,1,191358,definition_replacement,1,1,Not coded,True
main-2026-09-24,1,191358,definition_replacement,2,1,Not coded,True
main-2026-09-24,1,191358,definition_replacement,3,1,Not coded,True
main-2026-09-24,1,191358,example_replacement,1,1,Not coded,True
main-2026-09-24,1,191358,example_replacement,2,1,Not coded,True
main-2026-09-24,1,191358,example_replacement,3,1,Not coded,True
main-2026-09-24,1,191358,exclusion_rule_replacement,1,1,Not coded,True
main-2026-09-24,1,191358,exclusion_rule_replacement,2,1,Not coded,True
main-2026-09-24,1,191358,exclusion_rule_replacement,3,1,Not coded,True
main-2026-09-24,1,191358,names_only,1,1,Not coded,True
main-2026-09-24,1,191358,names_only,2,1,Not coded,True
main-2026-09-24,1,191358,names_only,3,1,Not coded,True
main-2026-09-24,1,191358,negative_control,1,1,Not coded,True
main-2026-09-24,1,191358,negative_control,2,1,Not coded,True
main-2026-09-24,1,191358,negative_control,3,1,Not coded,True
main-2026-09-24,1,191387,baseline,1,1,Not coded,True
main-2026-09-24,1,191387,baseline,2,1,Not coded,True
main-2026-09-24,1,191387,baseline,3,1,Not coded,True
main-2026-09-24,1,191387,definition_replacement,1,1,Not coded,True
main-2026-09-24,1,191387,definition_replacement,2,1,Not coded,True
main-2026-09-24,1,191387,definition_replacement,3,1,Not coded,True
main-2026-09-24,1,191387,example_replacement,1,1,Not coded,True
main-2026-09-24,1,191387,example_replacement,2,1,Not coded,True
main-2026-09-24,1,191387,example_replacement,3,1,Not coded,True
main-2026-09-24,1,191387,exclusion_rule_replacement,1,1,Not coded,True
main-2026-09-24,1,191387,exclusion_rule_replacement,2,1,Not coded,True
main-2026-09-24,1,191387,exclusion_rule_replacement,3,1,Not coded,True
main-2026-09-24,1,191387,names_only,1,1,Not coded,True
main-2026-09-24,1,191387,names_only,2,1,Not coded,True
main-2026-09-24,1,191387,names_only,3,1,Not coded,True
main-2026-09-24,1,191387,negative_control,1,1,Not coded,True
main-2026-09-24,1,191387,negative_control,2,1,Not coded,True
main-2026-09-24,1,191387,negative_control,3,1,Not coded,True
main-2026-09-24,1,192937,baseline,1,1,Pressing for Accuracy,True
main-2026-09-24,1,192937,baseline,2,1,Not coded,True
main-2026-09-24,1,192937,baseline,3,1,Pressing for Accuracy,True
main-2026-09-24,1,192937,definition_replacement,1,1,Pressing for Accuracy,True
main-2026-09-24,1,192937,definition_replacement,2,1,Pressing for Accuracy,True
main-2026-09-24,1,192937,definition_replacement,3,1,Not coded,True
main-2026-09-24,1,192937,example_replacement,1,1,Pressing for Reasoning,True
main-2026-09-24,1,192937,example_replacement,2,1,Pressing for Reasoning,True
main-2026-09-24,1,192937,example_replacement,3,1,Pressing for Reasoning,True
main-2026-09-24,1,192937,exclusion_rule_replacement,1,1,Pressing for Reasoning,True
main-2026-09-24,1,192937,exclusion_rule_replacement,2,1,Pressing for Accuracy,True
main-2026-09-24,1,192937,exclusion_rule_replacement,3,1,Pressing for Reasoning,True
main-2026-09-24,1,192937,names_only,1,1,Pressing for Accuracy,True
main-2026-09-24,1,192937,names_only,2,1,Pressing for Accuracy,True
main-2026-09-24,1,192937,names_only,3,1,Pressing for Accuracy,True
main-2026-09-24,1,192937,negative_control,1,1,Pressing for Accuracy,True
main-2026-09-24,1,192937,negative_control,2,1,Pressing for Accuracy,True
main-2026-09-24,1,192937,negative_control,3,1,Pressing for Accuracy,True
main-2026-09-24,1,195001,baseline,1,1,Not coded,True
main-2026-09-24,1,195001,baseline,2,1,Not coded,True
main-2026-09-24,1,195001,baseline,3,1,Not coded,True
main-2026-09-24,1,195001,definition_replacement,1,1,Not coded,True
main-2026-09-24,1,195001,definition_replacement,2,1,Not coded,True
main-2026-09-24,1,195001,definition_replacement,3,1,Not coded,True
main-2026-09-24,1,195001,example_replacement,1,1,Not coded,True
main-2026-09-24,1,195001,example_replacement,2,1,Not coded,True
main-2026-09-24,1,195001,example_replacement,3,1,Not coded,True
main-2026-09-24,1,195001,exclusion_rule_replacement,1,1,Not coded,True
main-2026-09-24,1,195001,exclusion_rule_replacement,2,1,Not coded,True
main-2026-09-24,1,195001,exclusion_rule_replacement,3,1,Not coded,True
main-2026-09-24,1,195001,names_only,1,1,Not coded,True
main-2026-09-24,1,195001,names_only,2,1,Not coded,True
main-2026-09-24,1,195001,names_only,3,1,Not coded,True
main-2026-09-24,1,195001,negative_control,1,1,Not coded,True
main-2026-09-24,1,195001,negative_control,2,1,Not coded,True
main-2026-09-24,1,195001,negative_control,3,1,Not coded,True
main-2026-09-24,1,196285,baseline,1,1,Revoicing,True
main-2026-09-24,1,196285,baseline,2,1,Revoicing,True
main-2026-09-24,1,196285,baseline,3,1,Revoicing,True
main-2026-09-24,1,196285,definition_replacement,1,1,Revoicing,True
main-2026-09-24,1,196285,definition_replacement,2,1,Revoicing,True
main-2026-09-24,1,196285,definition_replacement,3,1,Revoicing,True
main-2026-09-24,1,196285,example_replacement,1,1,Revoicing,True
main-2026-09-24,1,196285,example_replacement,2,1,Revoicing,True
main-2026-09-24,1,196285,example_replacement,3,1,Revoicing,True
main-2026-09-24,1,196285,exclusion_rule_replacement,1,1,Revoicing,True
main-2026-09-24,1,196285,exclusion_rule_replacement,2,1,Revoicing,True
main-2026-09-24,1,196285,exclusion_rule_replacement,3,1,Revoicing,True
main-2026-09-24,1,196285,names_only,1,1,Restating,True
main-2026-09-24,1,196285,names_only,2,1,Restating,True
main-2026-09-24,1,196285,names_only,3,1,Restating,True
main-2026-09-24,1,196285,negative_control,1,1,Revoicing,True
main-2026-09-24,1,196285,negative_control,2,1,Revoicing,True
main-2026-09-24,1,196285,negative_control,3,1,Revoicing,True
main-2026-09-24,1,197059,baseline,1,1,Keeping Everyone Together,True
main-2026-09-24,1,197059,baseline,2,1,Keeping Everyone Together,True
main-2026-09-24,1,197059,baseline,3,1,Keeping Everyone Together,True
main-2026-09-24,1,197059,definition_replacement,1,1,Keeping Everyone Together,True
main-2026-09-24,1,197059,definition_replacement,2,1,Keeping Everyone Together,True
main-2026-09-24,1,197059,definition_replacement,3,1,Keeping Everyone Together,True
main-2026-09-24,1,197059,example_replacement,1,1,Keeping Everyone Together,True
main-2026-09-24,1,197059,example_replacement,2,1,Keeping Everyone Together,True
main-2026-09-24,1,197059,example_replacement,3,1,Keeping Everyone Together,True
main-2026-09-24,1,197059,exclusion_rule_replacement,1,1,Keeping Everyone Together,True
main-2026-09-24,1,197059,exclusion_rule_replacement,2,1,Keeping Everyone Together,True
main-2026-09-24,1,197059,exclusion_rule_replacement,3,1,Keeping Everyone Together,True
main-2026-09-24,1,197059,names_only,1,1,Keeping Everyone Together,True
main-2026-09-24,1,197059,names_only,2,1,Keeping Everyone Together,True
main-2026-09-24,1,197059,names_only,3,1,Keeping Everyone Together,True
main-2026-09-24,1,197059,negative_control,1,1,Keeping Everyone Together,True
main-2026-09-24,1,197059,negative_control,2,1,Keeping Everyone Together,True
main-2026-09-24,1,197059,negative_control,3,1,Keeping Everyone Together,True
main-2026-09-24,1,198222,baseline,1,1,Not coded,True
main-2026-09-24,1,198222,baseline,2,1,Not coded,True
main-2026-09-24,1,198222,baseline,3,1,Not coded,True
main-2026-09-24,1,198222,definition_replacement,1,1,Not coded,True
main-2026-09-24,1,198222,definition_replacement,2,1,Not coded,True
main-2026-09-24,1,198222,definition_replacement,3,1,Not coded,True
main-2026-09-24,1,198222,example_replacement,1,1,Not coded,True
main-2026-09-24,1,198222,example_replacement,2,1,Not coded,True
main-2026-09-24,1,198222,example_replacement,3,1,Not coded,True
main-2026-09-24,1,198222,exclusion_rule_replacement,1,1,Not coded,True
main-2026-09-24,1,198222,exclusion_rule_replacement,2,1,Not coded,True
main-2026-09-24,1,198222,exclusion_rule_replacement,3,1,Not coded,True
main-2026-09-24,1,198222,names_only,1,1,Not coded,True
main-2026-09-24,1,198222,names_only,2,1,Not coded,True
main-2026-09-24,1,198222,names_only,3,1,Not coded,True
main-2026-09-24,1,198222,negative_control,1,1,Not coded,True
main-2026-09-24,1,198222,negative_control,2,1,Not coded,True
main-2026-09-24,1,198222,negative_control,3,1,Not coded,True
main-2026-09-24,1,198378,baseline,1,1,Keeping Everyone Together,True
main-2026-09-24,1,198378,baseline,2,1,Keeping Everyone Together,True
main-2026-09-24,1,198378,baseline,3,1,Keeping Everyone Together,True
main-2026-09-24,1,198378,definition_replacement,1,1,Not coded,True
main-2026-09-24,1,198378,definition_replacement,2,1,Keeping Everyone Together,True
main-2026-09-24,1,198378,definition_replacement,3,1,Keeping Everyone Together,True
main-2026-09-24,1,198378,example_replacement,1,1,Keeping Everyone Together,True
main-2026-09-24,1,198378,example_replacement,2,1,Keeping Everyone Together,True
main-2026-09-24,1,198378,example_replacement,3,1,Keeping Everyone Together,True
main-2026-09-24,1,198378,exclusion_rule_replacement,1,1,Keeping Everyone Together,True
main-2026-09-24,1,198378,exclusion_rule_replacement,2,1,Keeping Everyone Together,True
main-2026-09-24,1,198378,exclusion_rule_replacement,3,1,Keeping Everyone Together,True
main-2026-09-24,1,198378,names_only,1,1,Not coded,True
main-2026-09-24,1,198378,names_only,2,1,Keeping Everyone Together,True
main-2026-09-24,1,198378,names_only,3,1,Not coded,True
main-2026-09-24,1,198378,negative_control,1,1,Keeping Everyone Together,True
main-2026-09-24,1,198378,negative_control,2,1,Keeping Everyone Together,True
main-2026-09-24,1,198378,negative_control,3,1,Keeping Everyone Together,True
main-2026-09-24,1,199633,baseline,1,1,Pressing for Accuracy,True
main-2026-09-24,1,199633,baseline,2,1,Pressing for Accuracy,True
main-2026-09-24,1,199633,baseline,3,1,Pressing for Accuracy,True
main-2026-09-24,1,199633,definition_replacement,1,1,Pressing for Accuracy,True
main-2026-09-24,1,199633,definition_replacement,2,1,Pressing for Accuracy,True
main-2026-09-24,1,199633,definition_replacement,3,1,Pressing for Accuracy,True
main-2026-09-24,1,199633,example_replacement,1,1,Pressing for Accuracy,True
main-2026-09-24,1,199633,example_replacement,2,1,Pressing for Accuracy,True
main-2026-09-24,1,199633,example_replacement,3,1,Pressing for Accuracy,True
main-2026-09-24,1,199633,exclusion_rule_replacement,1,1,Pressing for Accuracy,True
main-2026-09-24,1,199633,exclusion_rule_replacement,2,1,Pressing for Accuracy,True
main-2026-09-24,1,199633,exclusion_rule_replacement,3,1,Pressing for Accuracy,True
main-2026-09-24,1,199633,names_only,1,1,Not coded,True
main-2026-09-24,1,199633,names_only,2,1,Not coded,True
main-2026-09-24,1,199633,names_only,3,1,Not coded,True
main-2026-09-24,1,199633,negative_control,1,1,Pressing for Accuracy,True
main-2026-09-24,1,199633,negative_control,2,1,Pressing for Accuracy,True
main-2026-09-24,1,199633,negative_control,3,1,Pressing for Accuracy,True
main-2026-09-24,1,199808,baseline,1,1,Not coded,True
main-2026-09-24,1,199808,baseline,2,1,Not coded,True
main-2026-09-24,1,199808,baseline,3,1,Not coded,True
main-2026-09-24,1,199808,definition_replacement,1,1,Not coded,True
main-2026-09-24,1,199808,definition_replacement,2,1,Not coded,True
main-2026-09-24,1,199808,definition_replacement,3,1,Not coded,True
main-2026-09-24,1,199808,example_replacement,1,1,Not coded,True
main-2026-09-24,1,199808,example_replacement,2,1,Not coded,True
main-2026-09-24,1,199808,example_replacement,3,1,Not coded,True
main-2026-09-24,1,199808,exclusion_rule_replacement,1,1,Keeping Everyone Together,True
main-2026-09-24,1,199808,exclusion_rule_replacement,2,1,Keeping Everyone Together,True
main-2026-09-24,1,199808,exclusion_rule_replacement,3,1,Keeping Everyone Together,True
main-2026-09-24,1,199808,names_only,1,1,Keeping Everyone Together,True
main-2026-09-24,1,199808,names_only,2,1,Keeping Everyone Together,True
main-2026-09-24,1,199808,names_only,3,1,Keeping Everyone Together,True
main-2026-09-24,1,199808,negative_control,1,1,Not coded,True
main-2026-09-24,1,199808,negative_control,2,1,Not coded,True
main-2026-09-24,1,199808,negative_control,3,1,Not coded,True
main-2026-09-24,1,200190,baseline,1,1,Keeping Everyone Together,True
main-2026-09-24,1,200190,baseline,2,1,Keeping Everyone Together,True
main-2026-09-24,1,200190,baseline,3,1,Keeping Everyone Together,True
main-2026-09-24,1,200190,definition_replacement,1,1,Keeping Everyone Together,True
main-2026-09-24,1,200190,definition_replacement,2,1,Keeping Everyone Together,True
main-2026-09-24,1,200190,definition_replacement,3,1,Keeping Everyone Together,True
main-2026-09-24,1,200190,example_replacement,1,1,Keeping Everyone Together,True
main-2026-09-24,1,200190,example_replacement,2,1,Keeping Everyone Together,True
main-2026-09-24,1,200190,example_replacement,3,1,Keeping Everyone Together,True
main-2026-09-24,1,200190,exclusion_rule_replacement,1,1,Keeping Everyone Together,True
main-2026-09-24,1,200190,exclusion_rule_replacement,2,1,Keeping Everyone Together,True
main-2026-09-24,1,200190,exclusion_rule_replacement,3,1,Keeping Everyone Together,True
main-2026-09-24,1,200190,names_only,1,1,Not coded,True
main-2026-09-24,1,200190,names_only,2,1,Keeping Everyone Together,True
main-2026-09-24,1,200190,names_only,3,1,Keeping Everyone Together,True
main-2026-09-24,1,200190,negative_control,1,1,Keeping Everyone Together,True
main-2026-09-24,1,200190,negative_control,2,1,Keeping Everyone Together,True
main-2026-09-24,1,200190,negative_control,3,1,Keeping Everyone Together,True
main-2026-09-24,1,201086,baseline,1,1,Revoicing,True
main-2026-09-24,1,201086,baseline,2,1,Revoicing,True
main-2026-09-24,1,201086,baseline,3,1,Revoicing,True
main-2026-09-24,1,201086,definition_replacement,1,1,Revoicing,True
main-2026-09-24,1,201086,definition_replacement,2,1,Revoicing,True
main-2026-09-24,1,201086,definition_replacement,3,1,Revoicing,True
main-2026-09-24,1,201086,example_replacement,1,1,Revoicing,True
main-2026-09-24,1,201086,example_replacement,2,1,Revoicing,True
main-2026-09-24,1,201086,example_replacement,3,1,Revoicing,True
main-2026-09-24,1,201086,exclusion_rule_replacement,1,1,Revoicing,True
main-2026-09-24,1,201086,exclusion_rule_replacement,2,1,Revoicing,True
main-2026-09-24,1,201086,exclusion_rule_replacement,3,1,Revoicing,True
main-2026-09-24,1,201086,names_only,1,1,Restating,True
main-2026-09-24,1,201086,names_only,2,1,Restating,True
main-2026-09-24,1,201086,names_only,3,1,Restating,True
main-2026-09-24,1,201086,negative_control,1,1,Revoicing,True
main-2026-09-24,1,201086,negative_control,2,1,Revoicing,True
main-2026-09-24,1,201086,negative_control,3,1,Revoicing,True
main-2026-09-24,1,201432,baseline,1,1,Not coded,True
main-2026-09-24,1,201432,baseline,2,1,Not coded,True
main-2026-09-24,1,201432,baseline,3,1,Not coded,True
main-2026-09-24,1,201432,definition_replacement,1,1,Not coded,True
main-2026-09-24,1,201432,definition_replacement,2,1,Not coded,True
main-2026-09-24,1,201432,definition_replacement,3,1,Not coded,True
main-2026-09-24,1,201432,example_replacement,1,1,Not coded,True
main-2026-09-24,1,201432,example_replacement,2,1,Not coded,True
main-2026-09-24,1,201432,example_replacement,3,1,Not coded,True
main-2026-09-24,1,201432,exclusion_rule_replacement,1,1,Not coded,True
main-2026-09-24,1,201432,exclusion_rule_replacement,2,1,Not coded,True
main-2026-09-24,1,201432,exclusion_rule_replacement,3,1,Not coded,True
main-2026-09-24,1,201432,names_only,1,1,Not coded,True
main-2026-09-24,1,201432,names_only,2,1,Not coded,True
main-2026-09-24,1,201432,names_only,3,1,Not coded,True
main-2026-09-24,1,201432,negative_control,1,1,Not coded,True
main-2026-09-24,1,201432,negative_control,2,1,Not coded,True
main-2026-09-24,1,201432,negative_control,3,1,Not coded,True
main-2026-09-24,1,201856,baseline,1,1,Not coded,True
main-2026-09-24,1,201856,baseline,2,1,Not coded,True
main-2026-09-24,1,201856,baseline,3,1,Not coded,True
main-2026-09-24,1,201856,definition_replacement,1,1,Not coded,True
main-2026-09-24,1,201856,definition_replacement,2,1,Not coded,True
main-2026-09-24,1,201856,definition_replacement,3,1,Not coded,True
main-2026-09-24,1,201856,example_replacement,1,1,Not coded,True
main-2026-09-24,1,201856,example_replacement,2,1,Not coded,True
main-2026-09-24,1,201856,example_replacement,3,1,Not coded,True
main-2026-09-24,1,201856,exclusion_rule_replacement,1,1,Not coded,True
main-2026-09-24,1,201856,exclusion_rule_replacement,2,1,Not coded,True
main-2026-09-24,1,201856,exclusion_rule_replacement,3,1,Not coded,True
main-2026-09-24,1,201856,names_only,1,1,Restating,True
main-2026-09-24,1,201856,names_only,2,1,Restating,True
main-2026-09-24,1,201856,names_only,3,1,Restating,True
main-2026-09-24,1,201856,negative_control,1,1,Not coded,True
main-2026-09-24,1,201856,negative_control,2,1,Not coded,True
main-2026-09-24,1,201856,negative_control,3,1,Not coded,True
main-2026-09-24,1,202414,baseline,1,1,Not coded,True
main-2026-09-24,1,202414,baseline,2,1,Not coded,True
main-2026-09-24,1,202414,baseline,3,1,Not coded,True
main-2026-09-24,1,202414,definition_replacement,1,1,Not coded,True
main-2026-09-24,1,202414,definition_replacement,2,1,Not coded,True
main-2026-09-24,1,202414,definition_replacement,3,1,Not coded,True
main-2026-09-24,1,202414,example_replacement,1,1,Not coded,True
main-2026-09-24,1,202414,example_replacement,2,1,Not coded,True
main-2026-09-24,1,202414,example_replacement,3,1,Not coded,True
main-2026-09-24,1,202414,exclusion_rule_replacement,1,1,Not coded,True
main-2026-09-24,1,202414,exclusion_rule_replacement,2,1,Not coded,True
main-2026-09-24,1,202414,exclusion_rule_replacement,3,1,Not coded,True
main-2026-09-24,1,202414,names_only,1,1,Pressing for Accuracy,True
main-2026-09-24,1,202414,names_only,2,1,Pressing for Accuracy,True
main-2026-09-24,1,202414,names_only,3,1,Pressing for Accuracy,True
main-2026-09-24,1,202414,negative_control,1,1,Not coded,True
main-2026-09-24,1,202414,negative_control,2,1,Not coded,True
main-2026-09-24,1,202414,negative_control,3,1,Not coded,True
main-2026-09-24,2,54297,names_only,4,1,Not coded,True
